arnie morton's of chicago;435 s. la cienega blv.;los angeles;310/246-1501;american;0
arnie morton's of chicago;?;los angeles;310-246-1501;steakhouses;0
art's delicatessen;?;studio city;818/762-1221;american;1
art's deli;12224 ventura blvd.;studio city;818-762-1221;delis;1
hotel bel-air;701 stone canyon rd.;bel air;310/472-1211;californian;2
bel-air hotel;701 stone canyon rd.;bel air;?;californian;2
cafe bizou;14016 ventura blvd.;sherman oaks;?;french;3
cafe bizou;14016 ventura blvd.;sherman oaks;?;french bistro;?
campanile;624 s. la brea ave.;los angeles;?;american;4
campanile;624 s. la brea ave.;los angeles;?;californian;4
chinois on main;2709 main st.;santa monica;?;french;5
chinois on main;2709 main st.;santa monica;310-392-9025;pacific new wave;5
citrus;6703 melrose ave.;los angeles;213/857-0034;californian;6
citrus;6703 melrose ave.;los angeles;?;californian;?
fenix;8358 sunset blvd. west;hollywood;?;american;?
fenix at the argyle;8358 sunset blvd.;w. hollywood;?;french (new);?
granita;23725 w. malibu rd.;malibu;?;californian;8
granita;23725 w. malibu rd.;malibu;310-456-0488;californian;8
grill on the alley;9560 dayton way;los angeles;310/276-0615;american;9
grill  the;9560 dayton way;beverly hills;310-276-0615;american (traditional);?
restaurant katsu;1972 n. hillhurst ave.;los angeles;213/665-1891;asian;?
?;1972 hillhurst ave.;los feliz;213-665-1891;?;?
?;903 n. la cienega blvd.;?;310/652-9770;?;?
l'orangerie;903 n. la cienega blvd.;?;?;?;?
?;8284 melrose ave.;?;?;?;12
?;8284 melrose ave.;?;?;french bistro;12
?;3rd st.;?;?;italian;13
?;8638 w. third st.;los angeles;310-274-1893;italian;13
matsuhisa;129 n. la cienega blvd.;beverly hills;310/659-9639;asian;14
?;129 n. la cienega blvd.;beverly hills;310-659-9639;seafood;14
?;9001 santa monica blvd.;los angeles;310/550-8811;american;15
?;9001 santa monica blvd.;w. hollywood;310-550-8811;steakhouses;15
?;5955 melrose ave.;los angeles;213/467-1108;californian;16
patina;5955 melrose ave.;los angeles;213-467-1108;californian;16
philippe's the original;1001 n. alameda st.;los angeles;213/628-3781;american;17
philippe the original;1001 n. alameda st.;chinatown;213-628-3781;cafeterias;17
pinot bistro;12969 ventura blvd.;los angeles;818/990-0500;french;18
pinot bistro;12969 ventura blvd.;studio city;818-990-0500;french bistro;18
rex il ristorante;617 s. olive st.;?;213/627-2300;italian;19
rex il ristorante;617 s. olive st.;?;213-627-2300;nuova cucina italian;19
spago;1114 horn ave.;?;310/652-4025;californian;20
spago (los angeles);8795 sunset blvd.;?;310-652-4025;californian;20
?;3115 pico blvd.;santa monica;310/829-4313;italian;21
?;3115 pico blvd.;santa monica;310-829-4313;italian;21
?;67 n. raymond ave.;los angeles;818/585-0855;asian;22
?;67 n. raymond ave.;pasadena;818-585-0855;chinese;22
?;21 w. 52nd st.;new york;212/582-7200;american;23
?;21 w. 52nd st.;new york city;212-582-7200;american (new);23
aquavit;13 w. 54th st.;new york;212/307-7311;continental;24
aquavit;13 w. 54th st.;new york city;212-307-7311;scandinavian;24
aureole;34 e. 61st st.;new york;212/ 319-1660;american;25
aureole;34 e. 61st st.;new york city;212-319-1660;american (new);25
cafe lalo;201 w. 83rd st.;new york;212/496-6031;coffee bar;26
cafe lalo;?;new york city;212-496-6031;coffeehouses;26
cafe des artistes;?;new york;212/877-3500;continental;27
cafe des artistes;?;new york city;212-877-3500;french (classic);27
?;?;new york;212/362-2200;italian;28
carmine's;?;new york city;?;italian;28
carnegie deli;854 7th ave.  between 54th and 55th sts.;new york;?;delicatessen;29
carnegie deli;854 seventh ave.;?;?;delis;29
chanterelle;2 harrison st.  near hudson st.;?;?;american;30
chanterelle;2 harrison st.;new york city;212-966-6960;french (new);30
daniel;20 e. 76th st.;new york;212/288-0033;french;31
daniel;20 e. 76th st.;new york city;212-288-0033;french (new);31
dawat;210 e. 58th st.;?;212/355-7555;asian;32
dawat;210 e. 58th st.;?;212-355-7555;?;32
felidia;243 e. 58th st.;?;212/758-1479;?;?
felidia;243 e. 58th st.;?;212-758-1479;?;?
four seasons grill room;99 e. 52nd st.;new york;212/754-9494;american;34
four seasons;99 e. 52nd st.;new york city;212-754-9494;american (new);34
gotham bar & grill;12 e. 12th st.;new york;212/620-4020;american;35
gotham bar & grill;12 e. 12th st.;new york city;212-620-4020;american (new);?
gramercy tavern;42 e. 20th st.  between park ave. s and broadway;new york;212/477-0777;american;?
gramercy tavern;42 e. 20th st.;new york city;212-477-0777;american (new);?
island spice;?;new york;212/765-1737;tel caribbean;?
island spice;?;new york city;212-765-1737;caribbean;37
jo jo;160 e. 64th st.;new york;212/223-5656;american;38
jo jo;160 e. 64th st.;?;212-223-5656;french bistro;?
la caravelle;33 w. 55th st.;?;212/586-4252;french;?
la caravelle;33 w. 55th st.;?;212-586-4252;french (classic);39
la cote basque;60 w. 55th st.  between 5th and 6th ave.;?;212/688-6525;french;40
la cote basque;60 w. 55th st.;new york city;212-688-6525;french (classic);40
le bernardin;155 w. 51st st.;new york;212/489-1515;french;41
le bernardin;155 w. 51st st.;new york city;212-489-1515;?;41
les celebrites;160 central park s;new york;212/484-5113;french;?
les celebrites;?;new york city;212-484-5113;french (classic);?
lespinasse;2 e. 55th st.;?;212/339-6719;american;?
lespinasse (new york city);2 e. 55th st.;new york city;212-339-6719;?;?
lutece;249 e. 50th st.;new york;212/752-2225;?;44
lutece;249 e. 50th st.;new york city;212-752-2225;?;44
manhattan ocean club;57 w. 58th st.;new york;212/ 371-7777;?;45
manhattan ocean club;57 w. 58th st.;?;212-371-7777;seafood;45
march;405 e. 58th st.;new york;212/754-6272;?;46
march;405 e. 58th st.;new york city;212-754-6272;american (new);46
mesa grill;102 5th ave.  between 15th and 16th sts.;new york;212/807-7400;american;47
mesa grill;102 fifth ave.;new york city;212-807-7400;southwestern;47
mi cocina;57 jane st.  off hudson st.;new york;?;mexican;48
mi cocina;57 jane st.;new york city;?;?;48
montrachet;239 w. broadway  between walker and white sts.;?;212/ 219-2777;?;49
montrachet;239 w. broadway;new york city;212-219-2777;french bistro;49
oceana;55 e. 54th st.;new york;212/759-5941;seafood;50
oceana;55 e. 54th st.;new york city;212-759-5941;seafood;50
park avenue cafe;100 e. 63rd st.;new york;212/644-1900;american;51
park avenue cafe (new york city);100 e. 63rd st.;new york city;212-644-1900;american (new);51
petrossian;182 w. 58th st.;new york;212/245-2214;french;52
petrossian;182 w. 58th st.;?;212-245-2214;russian;52
picholine;35 w. 64th st.;?;212/724-8585;mediterranean;53
picholine;?;?;212-724-8585;mediterranean;53
pisces;?;new york;212/260-6660;seafood;54
pisces;?;new york city;?;seafood;54
rainbow room;?;new york;?;?;55
rainbow room;30 rockefeller plaza;new york city;?;?;55
river cafe;1 water st. at the east river;brooklyn;?;?;56
river cafe;1 water st.;brooklyn;718-522-5200;?;56
san domenico;240 central park s;new york;212/265-5959;italian;57
san domenico;240 central park s.;new york city;212-265-5959;italian;57
?;156 2nd ave. at 10th st.;new york;212/677-0606;?;58
?;156 second ave.;new york city;212-677-0606;delis;58
?;11 e. 53rd st.;new york;212/980-9393;asian;59
seryna;11 e. 53rd st.;new york city;212-980-9393;japanese;59
shun lee west;43 w. 65th st.;new york;212/371-8844;asian;60
?;155 e. 55th st.;new york city;212-371-8844;chinese;60
?;1110 3rd ave. at 65th st.;new york;212/861-8080;american;?
?;1110 third ave.;new york city;212-861-8080;american (new);61
?;201 e. 49th st.;new york;?;american;62
?;?;new york city;212-753-1530;steakhouses;62
tavern on the green;?;new york;212/873-3200;american;63
tavern on the green;?;new york city;212-873-3200;american (new);63
uncle nick's;747 9th ave.  between 50th and 51st sts.;new york;212/315-1726;mediterranean;64
uncle nick's;747 ninth ave.;new york city;212-245-7992;greek;64
union square cafe;21 e. 16th st.;new york;212/243-4020;american;65
union square cafe;21 e. 16th st.;new york city;212-243-4020;american (new);65
virgil's;?;new york;212/ 921-9494;american;66
virgil's real bbq;?;new york city;212-921-9494;bbq;66
?;3200 las vegas blvd. s;?;702/733-8899;asian;67
chin's;3200 las vegas blvd. s.;?;702-733-8899;chinese;67
coyote cafe;?;las vegas;702/891-7349;southwestern;68
coyote cafe (las vegas);?;las vegas;702-891-7349;southwestern;68
le montrachet;3000 w. paradise rd.;las vegas;702/732-5111;continental;69
le montrachet bistro;3000 paradise rd.;las vegas;?;french bistro;69
?;3570 las vegas blvd. s;las vegas;702/731-7547;continental;70
?;3570 las vegas blvd. s.;las vegas;702-731-7110;french (new);70
?;200 e. fremont st.;las vegas;702/385-3232;seafood;71
?;200 e. fremont st.;las vegas;702-385-6277;pacific rim;71
steak house;2880 las vegas blvd. s;las vegas;702/734-0410;steak houses;72
steak house  the;2880 las vegas blvd. s.;las vegas;?;steakhouses;72
tillerman;2245 e. flamingo rd.;las vegas;?;seafood;73
tillerman  the;2245 e. flamingo rd.;las vegas;?;steakhouses;73
abruzzi;2355 peachtree rd.  peachtree battle shopping center;atlanta;?;?;?
abruzzi;?;atlanta;?;italian;?
bacchanalia;?;atlanta;?;international;?
bacchanalia;3125 piedmont rd.;atlanta;404-365-0410;californian;?
bone's;3130 piedmont road;atlanta;404/237-2663;american;76
bone's restaurant;?;atlanta;404-237-2663;steakhouses;76
brasserie le coze;?;atlanta;404/266-1440;french;77
brasserie le coze;?;atlanta;404-266-1440;french bistro;77
buckhead diner;?;atlanta;404/262-3336;american;?
buckhead diner;?;atlanta;404-262-3336;american (new);?
ciboulette;?;atlanta;404/874-7600;french;?
ciboulette restaurant;1529 piedmont ave.;atlanta;404-874-7600;french (new);?
delectables;1 margaret mitchell sq.;atlanta;404/681-2909;american;?
delectables;1 margaret mitchell sq.;?;404-681-2909;cafeterias;?
?;2290 peachtree rd.  peachtree square shopping center;?;404/352-3517;american;?
?;2290 peachtree rd.;?;404-352-3517;southwestern;?
?;490 e. paces ferry rd.;atlanta;404/233-7673;international;82
?;490 e. paces ferry rd. ne;atlanta;404-233-7673;continental;82
heera of india;595 piedmont ave.  rio shopping mall;atlanta;404/876-4408;asian;?
heera of india;595 piedmont ave.;atlanta;404-876-4408;indian;83
indigo coastal grill;1397 n. highland ave.;atlanta;404/876-0676;caribbean;84
indigo coastal grill;1397 n. highland ave.;atlanta;404-876-0676;eclectic;84
la grotta;2637 peachtree rd.  peachtree house condominium;atlanta;?;italian;85
la grotta;2637 peachtree rd. ne;atlanta;?;italian;85
mary mac's tea room;224 ponce de leon ave.;atlanta;404/876-1800;southern;86
mary mac's tea room;224 ponce de leon ave.;atlanta;404-876-1800;southern/soul;86
nikolai's roof;255 courtland st.  at harris st.;?;404/221-6362;continental;87
nikolai's roof;255 courtland st.;?;404-221-6362;continental;87
pano's and paul's;1232 w. paces ferry rd.;?;404/261-3662;international;88
pano's & paul's;1232 w. paces ferry rd.;atlanta;404-261-3662;american (new);88
cafe  ritz-carlton  buckhead;3434 peachtree rd.;atlanta;404/237-2700;ext 6108 international;89
ritz-carlton cafe (buckhead);3434 peachtree rd. ne;atlanta;404-237-2700;american (new);89
dining room  ritz-carlton  buckhead;3434 peachtree rd.;?;404/237-2700;international;90
ritz-carlton dining room (buckhead);3434 peachtree rd. ne;?;404-237-2700;american (new);90
restaurant  ritz-carlton  atlanta;181 peachtree st.;atlanta;404/659-0400;continental;91
ritz-carlton restaurant;181 peachtree st.;atlanta;404-659-0400;french (classic);91
?;b peachtree rd.;atlanta;404/351-9533;french;92
?;293-b peachtree rd.;atlanta;404-351-9533;french (new);92
veni vidi vici;41 14th st.;atlanta;404/875-8424;italian;93
veni vidi vici;41 14th st.;atlanta;404-875-8424;italian;?
alain rondelli;126 clement st.;san francisco;415/387-0408;?;?
alain rondelli;126 clement st.;san francisco;415-387-0408;?;?
aqua;252 california st.;san francisco;415/956-9662;?;95
aqua;252 california st.;san francisco;415-956-9662;american (new);95
boulevard;?;san francisco;415/543-6084;american;96
boulevard;?;san francisco;415-543-6084;american (new);96
cafe claude;?;?;415/392-3505;french;97
cafe claude;7 claude ln.;?;415-392-3505;french bistro;97
campton place;340 stockton st.;?;415/955-5555;american;98
campton place;340 stockton st.;?;415-955-5555;american (new);98
chez michel;804 northpoint;?;415/775-7036;french;99
chez michel;804 north point st.;?;415-775-7036;californian;99
fleur de lys;777 sutter st.;san francisco;415/673-7779;french;100
?;777 sutter st.;san francisco;415-673-7779;french (new);100
?;570 4th st.;san francisco;?;?;101
?;570 fourth st.;san francisco;?;?;101
hawthorne lane;22 hawthorne st.;san francisco;?;?;102
hawthorne lane;22 hawthorne st.;san francisco;415-777-9779;?;102
khan toke thai house;?;san francisco;?;asian;?
khan toke thai house;?;san francisco;?;?;103
la folie;2316 polk st.;san francisco;?;?;104
la folie;2316 polk st.;san francisco;415-776-5577;french (new);?
lulu;816 folsom st.;san francisco;415/495-5775;mediterranean;?
lulu restaurant-bis-cafe;816 folsom st.;san francisco;?;?;?
masa's;648 bush st.;san francisco;?;?;?
masa's;648 bush st.;san francisco;?;?;?
mifune japan center  kintetsu building;1737 post st.;san francisco;?;?;?
mifune;1737 post st.;san francisco;?;?;?
plumpjack cafe;3201 fillmore st.;san francisco;?;?;108
plumpjack cafe;3127 fillmore st.;san francisco;415-563-4755;?;108
postrio;545 post st.;san francisco;415/776-7825;?;109
postrio;545 post st.;san francisco;415-776-7825;?;109
ritz-carlton restaurant and dining room;600 stockton st.;san francisco;415/296-7465;?;110
ritz-carlton dining room (san francisco);600 stockton st.;?;415-296-7465;?;110
rose pistola;532 columbus ave.;?;415/399-0499;?;111
rose pistola;532 columbus ave.;san francisco;415-399-0499;?;111
adriano's ristorante;?;los angeles;310/475-9807;italian;112
barney greengrass;?;beverly hills;?;american;?
beaurivage;?;malibu;?;french;?
bistro garden;?;los angeles;310/550-3900;californian;?
border grill;4th st.;los angeles;310/451-1655;mexican;?
broadway deli;3rd st. promenade;santa monica;310/451-0616;american;117
ca'brea;346 s. la brea ave.;los angeles;213/938-2863;italian;118
ca'del sol;4100 cahuenga blvd.;los angeles;818/985-4669;italian;119
cafe pinot;700 w. fifth st.;los angeles;?;californian;120
california pizza kitchen;207 s. beverly dr.;los angeles;310/275-1101;californian;121
canter's;419 n. fairfax ave.;los angeles;213/651-2030.;american;122
cava;3rd st.;los angeles;213/658-8898;mediterranean;123
cha cha cha;656 n. virgil ave.;los angeles;213/664-7723;caribbean;124
?;310 n. larchmont blvd.;los angeles;213/467-1052;asian;125
?;168 w. colorado blvd.;los angeles;818/356-0959;health food;126
dining room;9500 wilshire blvd.;los angeles;310/275-5200;californian;127
dive!;?;los angeles;?;dive american;128
?;?;santa monica;?;italian;129
?;730 n. la cienega blvd.;los angeles;?;french;130
dynasty room;930 hilgard ave.;?;?;continental;131
eclipse;8800 melrose ave.;?;310/724-5959;californian;132
?;134 n. la cienega;?;310/659-1952;american;133
?;1121 s. western ave.;?;213/734-2773;mexican;134
gilliland's;2424 main st.;santa monica;310/392-3901;american;?
gladstone's;4 fish 17300 pacific coast hwy. at sunset blvd.;?;310/454-3474;?;?
hard rock cafe;8600 beverly blvd.;?;310/276-7605;american;?
harry's bar & american grill;2020 ave. of the stars;?;310/277-2333;italian;138
il fornaio cucina italiana;301 n. beverly dr.;?;310/550-8330;italian;139
jack sprat's grill;10668 w. pico blvd.;los angeles;310/837-6662;health food;140
jackson's farm;439 n. beverly drive;los angeles;310/273-5578;californian;141
jimmy's;201 moreno dr.;?;310/552-2394;continental;142
joss;9255 sunset blvd.;?;310/276-1886;asian;143
?;8783 beverly blvd.;?;310/289-0660;asian;144
?;8720 sunset blvd.;?;310/659-6919;?;145
louise's trattoria;4500 los feliz blvd.;los angeles;213/667-0777;italian;146
mon kee seafood restaurant;679 n. spring st.;los angeles;213/628-6717;asian;147
?;8764 melrose ave.;los angeles;310/276-5205;american;148
nate 'n' al's;414 n. beverly dr.;los angeles;310/274-0101;american;149
nicola;601 s. figueroa st.;los angeles;213/485-0927;american;150
ocean avenue;1401 ocean ave.;santa monica;310/394-5669;american;151
orleans;11705 national blvd.;los angeles;310/479-4187;cajun;152
pacific dining car;6th st.;los angeles;213/483-6000;american;153
paty's;?;toluca lake;818/761-9126;american;154
pinot hollywood;?;los angeles;213/461-8800;californian;155
posto;?;sherman oaks;818/784-4400;italian;156
prego;362 n. camden dr.;los angeles;310/277-7346;italian;157
rj's the rib joint;252 n. beverly dr.;los angeles;310/274-7427;american;158
remi;3rd st. promenade;santa monica;310/393-6545;italian;?
restaurant horikawa;111 s. san pedro st.;los angeles;213/680-9355;asian;?
roscoe's house of chicken 'n' waffles;1514 n. gower st.;los angeles;213/466-9329;american;?
schatzi on main;3110 main st.;los angeles;310/399-4800;continental;?
sofi;3rd st.;los angeles;213/651-0346;mediterranean;163
swingers;8020 beverly blvd.;los angeles;213/653-5858;?;164
tavola calda;7371 melrose ave.;los angeles;213/658-6340;?;165
the mandarin;430 n. camden dr.;?;310/859-0926;?;166
tommy tang's;7313 melrose ave.;?;213/937-5733;asian;?
tra di noi;3835 cross creek rd.;?;310/456-0169;italian;?
trader vic's;9876 wilshire blvd.;?;310/276-6345;asian;?
vida;1930 north hillhurst ave.;los feliz;213/660-4446;american;170
west beach cafe;60 n. venice blvd.;los angeles;310/823-5396;american;171
20 mott;20 mott st.  between bowery and pell st.;new york;212/964-0380;asian;172
?;9 jones st.;new york;212/989-1220;american;173
?;700 5th ave. at 55th st.;new york;212/903-3918;french;174
?;322 e. 14 st.  between 1st and 2nd aves.;new york;212/473-2602;mediterranean;?
aja;937 broadway at 22nd st.;?;212/473-8388;american;?
alamo;304 e. 48th st.;?;212/ 759-0590;mexican;?
alley's end;311 w. 17th st.;?;212/627-8899;american;?
ambassador grill;1 united nations plaza at 44th st.;?;212/702-5014;american;179
american place;2 park ave. at 32nd st.;?;?;american;180
anche vivolo;222 e. 58th st.  between 2nd and 3rd aves.;?;?;italian;181
arizona;?;new york;?;american;182
arturo's;?;new york;?;italian;183
au mandarin;?;new york;?;asian;184
bar anise;1022 3rd ave.  between 60th and 61st sts.;new york;212/355-1112;mediterranean;185
barbetta;321 w. 46th st.;new york;212/246-9171;italian;?
ben benson's;123 w. 52nd st.;new york;212/581-8888;american;187
big cup;?;new york;212/206-0059;coffee bar;188
billy's;?;new york;212/753-1870;american;189
boca chica;?;new york;212/473-0108;latin american;?
bolo;?;new york;212/228-2200;mediterranean;?
boonthai;?;new york;?;asian;?
bouterin;420 e. 59th st.  off 1st ave.;new york;?;french;?
brothers bar-b-q;225 varick st. at clarkston st.;new york;?;american;?
bruno;240 e. 58th st.;new york;212/688-4190;italian;195
bryant park grill  roof restaurant and bp cafe;25 w. 40th st.  between 5th and 6th aves.;new york;212/840-6500;american;196
c3;103 waverly pl.  near washington sq.;new york;?;american;197
?;?;new york;?;french;?
?;1486 2nd ave.  between 77th and 78th sts.;new york;?;coffee bar;?
cafe botanica;160 central park s;?;?;french;?
cafe la fortuna;69 w. 71st st.;?;212/724-5846;coffee bar;?
cafe luxembourg;?;?;?;french;?
cafe pierre;?;?;?;french;203
cafe centro;?;new york;212/818-1222;french;204
cafe fes;246 w. 4th st. at charles st.;new york;212/924-7653;mediterranean;205
caffe dante;81 macdougal st.  between houston and bleeker sts.;new york;212/982-5275;coffee bar;206
caffe dell'artista;46 greenwich ave.;new york;212/645-4431;coffee bar;207
caffe lure;169 sullivan st.  between houston and bleecker sts.;new york;212/473-2642;french;208
caffe reggio;119 macdougal st.  between 3rd and bleecker sts.;new york;212/475-9557;coffee bar;209
caffe roma;385 broome st. at mulberry;new york;212/226-8413;coffee bar;210
caffe vivaldi;?;new york;212/691-7538;coffee bar;211
caffe bondi ristorante;?;new york;?;italian;212
capsouto freres;451 washington st.  near watts st.;new york;?;french;213
captain's table;860 2nd ave. at 46th st.;?;?;seafood;214
casa la femme;150 wooster st.  between houston and prince sts.;new york;?;middle eastern;215
cendrillon asian grill & marimba bar;45 mercer st.  between broome and grand sts.;new york;212/343-9012;asian;216
chez jacqueline;72 macdougal st.  between w. houston and bleecker sts.;new york;212/505-0727;french;217
chiam;160 e. 48th st.;new york;212/371-2323;?;218
china grill;60 w. 53rd st.;new york;212/333-7788;?;219
cite;120 w. 51st st.;new york;212/956-7100;french;220
?;23 e. 74th st.;new york;212/794-0205;italian;221
?;53rd sts.;new york;?;?;222
corrado cafe;1013 3rd ave.  between 60th and 61st sts.;new york;212/753-5100;?;223
cupcake cafe;522 9th ave. at 39th st.;new york;212/465-1530;coffee bar;224
?;164 mulberry st.  between grand and broome sts.;new york;?;italian;225
?;121 prince st.;new york;?;coffee bar;226
?;341 w. broadway  near grand st.;new york;212/941-9024;italian;227
dix et sept;181 w. 10th st.;new york;?;french;228
docks;633 3rd ave. at 40th st.;new york;212/ 986-8080;seafood;229
duane park cafe;157 duane st.  between w. broadway and hudson st.;new york;212/732-5555;american;230
el teddy's;219 w. broadway  between franklin and white sts.;new york;212/941-7070;mexican;231
emily's;1325 5th ave. at 111th st.;new york;212/996-1212;american;232
empire korea;6 e. 32nd st.;new york;212/725-1333;asian;233
ernie's;2150 broadway  between 75th and 76th sts.;new york;212/496-1588;american;234
evergreen cafe;1288 1st ave. at 69th st.;new york;212/744-3266;asian;235
f. ille ponte ristorante;39 desbrosses st.  near west st.;new york;212/226-4621;italian;?
felix;340 w. broadway at grand st.;new york;212/431-0021;french;?
ferrier;29 e. 65th st.;new york;212/772-9000;french;238
fifty seven fifty seven;57 e. 57th st.;new york;212/758-5757;american;239
film center cafe;635 9th ave.  between 44th and 45th sts.;new york;212/ 262-2525;american;240
fiorello's roman cafe;1900 broadway  between 63rd and 64th sts.;new york;212/595-5330;italian;241
firehouse;?;new york;212/595-3139;american;242
first;87 1st ave.  between 5th and 6th sts.;new york;212/674-3823;american;243
fishin eddie;73 w. 71st st.;new york;212/874-3474;seafood;244
fleur de jour;348 e. 62nd st.;new york;212/355-2020;coffee bar;245
flowers;21 west 17th st.  between 5th and 6th aves.;new york;212/691-8888;american;246
follonico;6 w. 24th st.;new york;212/691-6359;italian;247
fraunces tavern;?;new york;212/269-0144;?;248
french roast;?;new york;212/533-2233;?;249
french roast cafe;?;new york;212/799-1533;?;250
frico bar;402 w. 43rd st.  off 9th ave.;new york;212/564-7272;?;251
fujiyama mama;467 columbus ave.  between 82nd and 83rd sts.;new york;212/769-1144;?;252
gabriela's;685 amsterdam ave. at 93rd st.;new york;212/961-0574;?;253
?;228 w. 52nd st.;?;212/245-5336;american;254
?;15 fulton st.;new york;212/608-7300;seafood;255
?;208 e. 58th st.  between 2nd and 3rd aves.;new york;212/752-3054;italian;256
?;?;new york;212/477-8427;american;257
?;?;new york;212/ 941-0911;asian;258
?;?;new york;212/777-5922;?;259
?;?;new york;212/468-8888;american;260
?;221 w. 57th st.;new york;212/489-6565;american;261
hi-life restaurant and lounge;1340 1st ave. at 72nd st.;new york;212/249-3600;american;262
home;20 cornelia st.  between bleecker and w. 4th st.;new york;212/243-9579;american;263
hudson river club;?;new york;212/786-1500;american;264
i trulli;122 e. 27th st.  between lexington and park aves.;new york;212/481-7372;?;265
il cortile;125 mulberry st.  between canal and hester sts.;new york;212/226-6060;?;266
il nido;251 e. 53rd st.;new york;212/753-8450;?;267
inca grill;492 broome st.  near w. broadway;new york;212/966-3371;?;268
indochine;430 lafayette st.  between 4th st. and astor pl.;new york;212/505-5111;?;269
internet cafe;82 e. 3rd st.  between 1st and 2nd aves.;new york;212/ 614-0747;?;270
ipanema;13 w. 46th st.;new york;212/730-5848;?;271
jean lafitte;68 w. 58th st.;new york;212/751-2323;french;272
jewel of india;15 w. 44th st.;new york;212/869-5544;asian;273
jimmy sung's;?;new york;212/682-5678;asian;274
joe allen;?;new york;?;american;275
judson grill;?;new york;?;american;276
l'absinthe;?;new york;?;french;277
?;1191 1st ave.  between 64th and 65th sts.;new york;?;middle eastern;278
l'auberge du midi;310 w. 4th st.  between w. 12th and bank sts.;new york;212/242-4705;french;?
l'udo;432 lafayette st.  near astor pl.;new york;?;french;?
?;4 w. 49th st.;new york;?;?;281
?;168 1st ave.  between 10th and 11th sts.;new york;?;?;282
?;361 w. 46th st.;new york;?;?;283
layla;211 w. broadway at franklin st.;new york;?;middle eastern;284
le chantilly;106 e. 57th st.;new york;?;french;285
le colonial;149 e. 57th st.;new york;212/ 752-0808;asian;286
le gamin;50 macdougal st.  between houston and prince sts.;new york;212/254-4678;coffee bar;287
le jardin;25 cleveland pl.  near spring st.;new york;212/343-9599;french;288
le madri;?;new york;212/727-8022;italian;289
le marais;150 w. 46th st.;?;212/869-0900;american;290
le perigord;405 e. 52nd st.;new york;212/755-6244;french;291
le select;507 columbus ave.  between 84th and 85th sts.;new york;?;american;292
les halles;411 park ave. s  between 28th and 29th sts.;new york;?;?;293
lincoln tavern;51 w. 64th st.;new york;?;?;294
lola;30 west 22nd st.  between 5th and 6th ave.;?;?;american;295
lucky strike;59 grand st.  between wooster st. and w. broadway;?;?;or 212/941-0772 american;296
mad fish;2182 broadway  between 77th and 78th sts.;new york;?;seafood;297
main street;446 columbus ave.  between 81st and 82nd sts.;new york;212/873-5025;american;298
mangia e bevi;800 9th ave. at 53rd st.;new york;212/956-3976;?;299
manhattan cafe;?;new york;212/888-6556;?;300
manila garden;?;new york;212/777-6314;asian;301
marichu;342 e. 46th st.  between 1st and 2nd aves.;new york;212/370-1866;french;?
marquet patisserie;15 e. 12th st.  between 5th ave. and university pl.;new york;212/229-9313;coffee bar;?
match;160 mercer st.  between houston and prince sts.;new york;212/906-9173;american;304
matthew's;1030 3rd ave. at 61st st.;new york;212/838-4343;american;305
mavalli palace;46 e. 29th st.;new york;?;asian;306
milan cafe and coffee bar;120 w. 23rd st.;new york;?;coffee bar;307
monkey bar;60 e. 54th st.;?;?;american;308
montien;1134 1st ave.   between 62nd and 63rd sts.;?;?;asian;?
morton's;551 5th ave. at 45th st.;?;?;american;310
motown cafe;104 w. 57th st.  near 6th ave.;new york;212/581-8030;american;?
new york kom tang soot bul house;32 w. 32nd st.;new york;212/ 947-8482;asian;312
new york noodletown;28 1/2 bowery at bayard st.;new york;?;asian;313
?;2 w. 19th st.;new york;?;coffee bar;314
?;145 w. broadway at thomas st.;new york;212/233-0507;american;315
?;322 w. 46th st.;new york;212/489-7212;italian;316
osteria al droge;?;?;212/944-3643;italian;?
otabe;?;?;212/223-7575;?;318
pacifica;?;?;212/941-4168;asian;319
palio;?;?;212/245-4850;italian;320
pamir;1065 1st ave.  at 58th st.;new york;212/644-9258;middle eastern;321
parioli romanissimo;24 e. 81st st.;new york;212/288-2391;italian;322
?;250 park ave. s at 20th st.;new york;212/777-6211;latin american;323
?;301 park ave.  between 49th and 50th sts.;new york;212/872-4895;french;324
?;205 e. 45th st.;new york;212/682-8660;?;325
penang soho;109 spring st.  between greene and mercer sts.;new york;212/274-8883;?;326
persepolis;1423 2nd ave.  between 74th and 75th sts.;new york;212/535-1100;?;327
planet hollywood;140 w. 57th st.;new york;212/333-7827;american;328
pomaire;371 w. 46th st.  off 9th ave.;new york;212/ 956-3055;latin american;329
popover cafe;551 amsterdam ave.  between 86th and 87th sts.;new york;212/595-8555;american;330
post house;28 e. 63rd st.;new york;212/935-2888;american;331
rain;100 w. 82nd st.;new york;212/501-0776;asian;332
red tulip;439 e. 75th st.;new york;212/734-4893;eastern european;333
remi;145 w. 53rd st.;new york;212/581-4242;italian;334
republic;37a union sq. w  between 16th and 17th sts.;new york;212/627-7172;asian;335
roettelle a. g;126 e. 7th st.  between 1st ave. and ave. a;new york;212/674-4140;continental;?
rosa mexicano;1063 1st ave. at 58th st.;?;?;mexican;?
ruth's chris;148 w. 51st st.;?;?;american;?
?;133 mulberry st.  between hester and grand sts.;?;212/925-3120;italian;?
?;55 irving pl.;?;212/982-9030;italian;340
?;?;?;212/673-0330;east european;341
?;?;?;?;italian;342
?;?;?;?;coffee bar;343
?;?;?;?;american;?
?;19 w. 49th st.;?;?;seafood;?
serendipity;3 225 e. 60th st.;new york;212/838-3531;?;?
seventh regiment mess and bar;643 park ave. at 66th st.;new york;212/744-4107;?;?
sfuzzi;?;new york;212/873-3700;?;?
?;?;new york;212/ 977-8400;?;349
?;?;new york;212/734-2676;?;350
?;?;new york;?;american;351
?;834 7th ave.  between 53rd and 54th sts.;new york;?;delicatessen;352
?;428 amsterdam ave.  between 80th and 81st sts.;new york;?;seafood;?
sweet'n'tart cafe;?;?;?;?;?
t salon;?;new york;212/925-3700;?;355
tang pavillion;65 w. 55th st.;new york;212/956-6888;?;356
tapika;950 8th ave. at 56th st.;new york;212/ 397-3737;american;357
teresa's;103 1st ave.  between 6th and 7th sts.;?;212/228-0604;east european;358
terrace;400 w. 119th st.  between amsterdam and morningside aves.;?;212/666-9490;continental;359
the coffee pot;350 9th ave. at 49th st.;?;212/265-3566;coffee bar;360
the savannah club;2420 broadway at 89th st.;new york;212/496-1066;american;361
trattoria dell'arte;900 7th ave.  between 56th and 57th sts.;new york;?;italian;362
?;345 e. 83rd st.;new york;?;italian;363
tribeca grill;375 greenwich st.  near franklin st.;new york;?;american;364
trois jean;154 e. 79th st.  between lexington and 3rd aves.;new york;212/988-4858;coffee bar;365
?;34 e. 51st st.;new york;212/688-5447;asian;366
?;386 3rd ave.  between 27th and 28th sts.;?;?;middle eastern;367
?;222 w. 79th st.;?;212/799-0400;american;368
veniero's pasticceria;342 e. 11th st.  near 1st ave.;?;212/674-7264;coffee bar;369
verbena;54 irving pl. at 17th st.;new york;212/260-5454;american;?
victor's cafe;52 236 w. 52nd st.;new york;212/586-7714;latin american;?
vince & eddie's;70 w. 68th st.;?;212/721-0068;american;?
vong;200 e. 54th st.;?;212/486-9592;american;?
water club;500 e. 30th st.;?;?;american;?
west;63rd street steakhouse 44 w. 63rd st.;?;212/246-6363;american;375
xunta;174 1st ave.  between 10th and 11th sts.;?;212/614-0620;mediterranean;376
zen palate;34 union sq. e at 16th st.;?;212/614-9291;and 212/614-9345 asian;377
?;90 prince st.  between broadway and mercer st.;?;212/966-6722;american;378
?;?;?;404/876-8532;international;379
aleck's barbecue heaven;?;?;404/525-2062;barbecue;380
annie's thai castle;3195 roswell rd.;?;?;asian;381
anthonys;3109 piedmont rd.  just south of peachtree rd.;?;?;american;382
atlanta fish market;?;?;?;american;383
beesley's of buckhead;?;atlanta;?;continental;384
bertolini's;3500 peachtree rd.  phipps plaza;atlanta;404/233-2333;italian;385
bistango;1100 peachtree st.;atlanta;?;mediterranean;386
cafe renaissance;7050 jimmy carter blvd.  norcross;atlanta;?;american;?
camille's;1186 n. highland ave.;atlanta;?;italian;388
cassis;3300 peachtree rd.  grand hyatt;atlanta;404/365-8100;mediterranean;389
city grill;?;atlanta;404/524-2489;international;390
coco loco;?;atlanta;404/364-0212;caribbean;391
colonnade restaurant;?;atlanta;404/874-5642;southern;392
dante's down the hatch  buckhead;3380 peachtree rd.;atlanta;404/266-1600;?;393
dante's down the hatch;underground underground mall  underground atlanta;atlanta;404/577-1800;?;394
fat matt's rib shack;1811 piedmont ave.  near cheshire bridge rd.;atlanta;404/607-1622;barbecue;395
french quarter food shop;923 peachtree st.  at 8th st.;atlanta;404/875-2489;southern;396
holt bros. bar-b-q;6359 jimmy carter blvd.  at buford hwy.  norcross;atlanta;770/242-3984;barbecue;397
horseradish grill;4320 powers ferry rd.;atlanta;404/255-7277;southern;398
hsu's gourmet;?;atlanta;404/659-2788;asian;399
imperial fez;?;atlanta;404/351-0870;mediterranean;400
kamogawa;?;atlanta;?;asian;?
la grotta at ravinia dunwoody rd.;?;atlanta;?;italian;?
little szechuan;c buford hwy.  northwoods plaza  doraville;atlanta;?;asian;403
?;6301 roswell rd.  sandy springs plaza  sandy springs;atlanta;?;barbecue;404
?;1931 peachtree rd.;atlanta;404/355-5993;continental;405
?;1402 n. highland ave.;atlanta;404/874-2626;?;406
?;3209 maple dr.;?;404/237-1313;?;407
mi spia dunwoody rd.;park place  across from perimeter mall  dunwoody;?;?;?;408
nickiemoto's: a sushi bar;?;?;?;fusion;409
palisades;?;?;?;continental;410
pleasant peasant;555 peachtree st.  at linden ave.;atlanta;?;american;?
pricci;500 pharr rd.;atlanta;?;italian;?
r.j.'s uptown kitchen & wine bar;870 n. highland ave.;atlanta;?;american;413
rib ranch;25 irby ave.;atlanta;404/233-7644;barbecue;414
sa tsu ki;3043 buford hwy.;atlanta;404/325-5285;asian;415
sato sushi and thai;6050 peachtree pkwy.  norcross;atlanta;770/449-0033;?;?
south city kitchen;1144 crescent ave.;atlanta;404/873-7358;?;?
south of france;2345 cheshire bridge rd.;atlanta;404/325-6963;?;?
stringer's fish camp and oyster bar;3384 shallowford rd.  chamblee;?;770/458-7145;southern;?
sundown cafe;2165 cheshire bridge rd.;atlanta;404/321-1118;american;?
taste of new orleans;889 w. peachtree st.;atlanta;404/874-5535;southern;?
tomtom;3393 peachtree rd.;?;404/264-1163;continental;422
antonio's;3700 w. flamingo;?;702/252-7737;italian;423
bally's big kitchen;3645 las vegas blvd. s;?;702/739-4111;buffets;424
bamboo garden;4850 flamingo rd.;?;702/871-3262;asian;425
battista's hole in the wall;4041 audrie st. at flamingo rd.;?;702/732-1424;italian;426
bertolini's;3570 las vegas blvd. s;las vegas;?;italian;?
binion's coffee shop;128 fremont st.;las vegas;?;?;428
bistro;3400 las vegas blvd. s;las vegas;702/791-7111;?;?
broiler;4111 boulder hwy.;las vegas;702/432-7777;?;?
bugsy's diner;3555 las vegas blvd. s;las vegas;702/733-3111;coffee shops/diners;?
cafe michelle;1350 e. flamingo rd.;las vegas;?;american;?
cafe roma;?;las vegas;?;coffee shops/diners;433
capozzoli's;?;las vegas;?;italian;434
carnival world;?;las vegas;702/252-7777;?;435
center stage plaza hotel;1 main st.;las vegas;702/386-2512;?;436
circus circus;2880 las vegas blvd. s;las vegas;702/734-0410;?;437
empress court;3570 las vegas blvd. s;las vegas;702/731-7888;asian;438
feast;2411 w. sahara ave.;las vegas;702/367-2411;buffets;439
golden nugget hotel;129 e. fremont st.;las vegas;702/385-7111;buffets;440
golden steer;308 w. sahara ave.;las vegas;702/384-4470;steak houses;441
lillie langtry's;129 e. fremont st.;las vegas;702/385-7111;asian;442
mandarin court;1510 e. flamingo rd.;las vegas;702/737-1234;asian;443
margarita's mexican cantina;3120 las vegas blvd. s;las vegas;702/794-8200;mexican;444
mary's diner;5111 w. boulder hwy.;las vegas;702/454-8073;coffee shops/diners;445
mikado;3400 las vegas blvd. s;las vegas;702/791-7111;asian;446
?;400 e. sahara ave.;las vegas;702/733-2066;continental;447
?;?;las vegas;702/732-6330;coffee shops/diners;?
?;?;?;702/731-7525;only in las vegas;?
?;?;?;702/876-4190;italian;?
?;?;?;702/871-8826;mexican;451
?;3900 paradise rd.;?;702/794-0700;steak houses;452
?;2223 market st.;san francisco;415/431-0692;american;453
acquarello;1722 sacramento st.;san francisco;415/567-5432;italian;454
?;243 o'farrell st.;san francisco;415/982-0243;old san francisco;455
?;2030 union st.;san francisco;415/929-8855;asian;456
?;155 steuart st.;san francisco;415/495-6500;french;457
?;56 gold st.;?;415/433-6300;american;458
?;598 fourth st.;?;415/543-2222;french;459
?;800 greenwich st.;?;415/776-7766;italian;460
?;3347 fillmore st.;san francisco;415/474-4180;italian;?
cafe marimba;2317 chestnut st.;san francisco;415/776-1506;mexican/latin american/spanish;?
california culinary academy;625 polk st.;san francisco;415/771-3500;french;?
capp's corner;1600 powell st.;san francisco;415/989-2589;italian;?
carta;1772 market st.;san francisco;415/863-3516;american;465
?;4th and howard sts.;san francisco;415/543-8060;mexican/latin american/spanish;466
?;500 jackson st.;san francisco;415/296-8555;american;?
?;?;san francisco;415/788-9900;french;?
?;?;san francisco;415/362-0404;greek and middle eastern;?
fog city diner;1300 battery st.;san francisco;415/982-2000;american;?
garden court;market and new montgomery sts.;san francisco;415/546-5011;old san francisco;?
gaylord's;ghirardelli sq.;san francisco;415/771-8822;asian;?
grand cafe hotel monaco;501 geary st.;san francisco;415/292-0101;american;473
greens;bldg. a fort mason;san francisco;415/771-6222;vegetarian;474
harbor village;4 embarcadero center;san francisco;415/781-8833;asian;475
harris';2100 van ness ave.;san francisco;415/673-1888;steak houses;476
harry denton's;161 steuart st.;san francisco;415/882-1333;american;477
hayes street grill;320 hayes st.;san francisco;415/863-5545;seafood;478
helmand;430 broadway;san francisco;415/362-0641;greek and middle eastern;479
hong kong flower lounge;5322 geary blvd.;san francisco;415/668-8998;asian;480
hong kong villa;2332 clement st.;san francisco;415/752-8833;asian;481
hyde street bistro;1521 hyde st.;san francisco;415/441-7778;italian;482
?;1265 battery st.;san francisco;415/986-0100;italian;483
?;3345 steiner st.;san francisco;415/563-0487;steak houses;484
?;615 sacramento st.;?;415/986-9854;old san francisco;485
kabuto sushi;5116 geary blvd.;?;415/752-5652;asian;486
katia's;600 5th ave.;?;415/668-9292;;?
kuleto's;221 powell st.;san francisco;415/397-7720;?;?
kyo-ya. sheraton palace hotel;2 new montgomery st.  at market st.;san francisco;415/546-5000;?;?
l'osteria del forno;519 columbus ave.;san francisco;415/982-1124;?;490
le central;453 bush st.;?;415/391-2233;french;491
le soleil;133 clement st.;?;415/668-4848;asian;492
?;607 front st.;?;415/398-5700;american;493
?;3226 mission st.;?;415/861-6224;asian;?
?;?;?;415/362-8286;greek and middle eastern;495
?;?;?;415/929-1730;?;496
millennium;?;san francisco;415/487-9800;?;497
?;?;san francisco;415/989-7800;?;?
?;?;san francisco;?;asian;?
?;?;san francisco;?;american;500
?;?;san francisco;?;italian;501
pacific pan pacific hotel;?;san francisco;?;french;502
palio d'asti;640 sacramento st.;san francisco;415/395-9800;italian;503
pane e vino;3011 steiner st.;san francisco;415/346-2111;italian;504
pastis;1015 battery st.;san francisco;415/391-2555;french;505
?;1944 union st.;san francisco;415/922-9022;?;506
?;631 b kearny st.;san francisco;415/982-7877;?;507
?;558 sacramento st.;san francisco;415/434-4100;?;508
rumpus;1 tillman pl.;san francisco;415/421-2300;american;509
sanppo;1702 post st.;san francisco;415/346-3486;asian;510
scala's bistro;432 powell st.;san francisco;415/395-8555;?;511
south park cafe;108 south park;san francisco;415/495-7275;?;512
splendido embarcadero;4;san francisco;415/986-3222;?;513
stars;150 redwood alley;san francisco;415/861-7827;?;514
stars cafe;500 van ness ave.;san francisco;415/861-4344;american;515
stoyanof's cafe;1240 9th ave.;san francisco;415/664-3664;greek and middle eastern;516
straits cafe;3300 geary blvd.;san francisco;415/668-1783;asian;517
suppenkuche;601 hayes st.;san francisco;415/252-9289;russian/german;518
?;240 california st.;san francisco;415/391-2373;seafood;519
?;3235 sacramento st.;san francisco;415/474-8890;french;?
thepin;298 gough st.;san francisco;415/863-9335;asian;?
ton kiang;3148 geary blvd.;san francisco;415/752-4440;asian;522
vertigo;600 montgomery st.;san francisco;415/433-7250;mediterranean;523
vivande porta via;2125 fillmore st.;san francisco;415/346-4430;italian;524
vivande ristorante;670 golden gate ave.;san francisco;415/673-9245;italian;525
world wrapps;2257 chestnut st.;san francisco;415/563-9727;?;526
wu kong;101 spear st.;san francisco;415/957-9300;?;527
yank sing;?;san francisco;415/541-4949;?;528
yaya cuisine;?;?;415/566-6966;greek and middle eastern;529
yoyo tsumami bistro;?;san francisco;415/922-7788;french;530
zarzuela;?;san francisco;415/346-0800;mexican/latin american/spanish;531
zuni cafe & grill;1658 market st.;san francisco;415/552-2522;mediterranean;532
apple pan  the;10801 w. pico blvd.;west la;310-475-3585;american;534
asahi ramen;?;west la;310-479-2231;noodle shops;535
baja fresh;3345 kimber dr.;westlake village;805-498-4049;mexican;?
belvedere  the;?;?;310-788-2306;pacific new wave;?
benita's frites;?;santa monica;310-458-2889;fast food;?
bernard's;?;los angeles;213-612-1580;continental;539
bistro 45;45 s. mentor ave.;pasadena;818-795-2478;californian;540
brent's deli;19565 parthenia ave.;northridge;818-886-5679;delis;541
brighton coffee shop;9600 brighton way;?;310-276-7732;coffee shops;542
bristol farms market cafe;1570 rosecrans ave. s.;?;310-643-5229;californian;543
bruno's;?;mar vista;310-397-5703;italian;544
cafe '50s;?;venice;310-399-1955;american;545
cafe blanc;9777 little santa monica blvd.;beverly hills;310-888-0108;pacific new wave;546
cassell's;3266 w. sixth st.;la;213-480-8668;?;547
chez melange;1716 pch;redondo beach;310-540-1222;?;?
diaghilev;1020 n. san vicente blvd.;w. hollywood;?;russian;?
don antonio's;1136 westwood blvd.;westwood;?;italian;?
duke's;?;w. hollywood;?;coffee shops;551
falafel king;?;westwood;310-208-4444;?;552
feast from the east;?;west la;310-475-0400;?;553
?;?;la;213-933-0358;?;554
?;6145 franklin ave.;hollywood;213-467-7678;?;555
?;10428 1/2 national blvd.;la;310-815-1290;?;556
jan's family restaurant;8424 beverly blvd.;la;213-651-2866;?;?
jiraffe;502 santa monica blvd;santa monica;310-917-6671;?;?
jody maroni's sausage kingdom;2011 ocean front walk;venice;?;hot dogs;?
joe's;1023 abbot kinney blvd.;venice;310-399-5811;american (new);?
john o'groats;10516 w. pico blvd.;west la;310-204-0692;coffee shops;?
johnnie's pastrami;4017 s. sepulveda blvd.;culver city;310-397-6654;delis;562
johnny reb's southern smokehouse;?;long beach;310-423-7327;southern/soul;563
johnny rockets (la);?;la;213-651-3361;american;564
killer shrimp;?;studio city;?;seafood;?
kokomo cafe;?;la;213-933-0773;american;?
koo koo roo;8393 w. beverly blvd.;la;213-655-9045;chicken;?
la cachette;10506 little santa monica blvd.;century city;310-470-4992;french (new);?
la salsa (la);22800 pch;malibu;310-456-6299;mexican;569
la serenata de garibaldi;1842 e. first;st. boyle hts.;213-265-2887;mexican/tex-mex;570
?;704 s. alvarado st.;la;213-483-8050;delis;571
local nochol;30869 thousand oaks blvd.;westlake village;818-706-7706;health food;572
main course  the;10509 w. pico blvd.;rancho park;310-475-7564;american;573
mani's bakery & espresso bar;519 s. fairfax ave.;?;213-938-8800;desserts;574
martha's;22nd street grill 25 22nd;?;?;american;575
maxwell's cafe;13329 washington blvd.;?;?;american;576
michael's (los angeles);1147 third st.;?;?;californian;577
mishima;8474 w. third st.;la;213-782-0181;noodle shops;578
mo better meatty meat;7261 melrose ave.;la;213-935-5280;hamburgers;579
mulberry st.;?;encino;818-906-8881;pizza;580
ocean park cafe;?;santa monica;310-452-5728;american;?
ocean star;?;monterey park;?;seafood;582
original pantry bakery;?;la;?;diners;583
parkway grill;510 s. arroyo pkwy.;?;?;?;584
pho hoa;?;?;?;?;585
pink's famous chili dogs;?;la;213-931-4223;?;586
poquito mas;?;burbank;818-563-2252;?;587
r-23;923 e. third st.;los angeles;213-687-7178;?;588
rae's;2901 pico blvd.;santa monica;310-828-7937;?;589
rubin's red hots;15322 ventura blvd.;encino;818-905-6515;hot dogs;590
ruby's (la);45 s. fair oaks ave.;pasadena;818-796-7829;?;591
russell's burgers;1198 pch;seal beach;310-596-9556;?;592
ruth's chris steak house (los angeles);224 s. beverly dr.;beverly hills;310-859-8744;?;593
shiro;?;pasadena;818-799-4774;pacific new wave;594
sushi nozawa;?;studio city;818-508-7017;japanese;595
sweet lady jane;?;la;213-653-7145;?;596
taiko;11677 san vicente blvd.;brentwood;310-207-7782;?;597
tommy's;2575 beverly blvd.;la;?;?;598
uncle bill's pancake house;1305 highland ave.;manhattan beach;?;?;599
water grill;544 s. grand ave.;los angeles;213-891-0900;?;?
zankou chicken;1415 e. colorado st.;glendale;818-244-1937;?;?
afghan kebab house;764 ninth ave.;new york city;212-307-1612;afghan;?
arcadia;21 e. 62nd st.;new york city;212-223-2900;american (new);?
benny's burritos;93 ave. a;new york city;212-254-2054;mexican;?
cafe con leche;424 amsterdam ave.;new york city;212-595-7000;cuban;?
corner bistro;331 w. fourth st.;new york city;212-242-9502;hamburgers;?
?;368 bleecker st.;new york city;212-242-0636;italian;607
?;87 e. fourth st.;new york city;212-260-6800;seafood;608
?;44 w. 56th st.;new york city;212-432-7227;indian;609
?;432 sixth ave.;new york city;212-473-5555;diners;610
edison cafe;228 w. 47th st.;new york city;212-840-5000;diners;611
elias corner;24-02 31st st.;queens;718-932-1510;?;612
good enough to eat;483 amsterdam ave.;new york city;212-496-0163;?;613
gray's papaya;2090 broadway;new york city;212-799-0243;?;614
il mulino;86 w. third st.;new york city;212-673-3783;?;615
jackson diner;37-03 74th st.;queens;718-672-1232;indian;616
joe's shanghai;9 pell st.;queens;718-539-3838;chinese;617
john's pizzeria;?;new york city;212-721-7001;?;?
kelley & ping;?;new york city;212-228-1212;pan-asian;619
?;117 second ave.;new york city;212-674-4040;ukrainian;620
kuruma zushi;2nd fl.;?;212-317-2802;japanese;621
la caridad;2199 broadway;?;212-874-2780;cuban;622
la grenouille;3 e. 52nd st.;?;212-752-1495;french (classic);623
lemongrass grill;61a seventh ave.;brooklyn;718-399-7100;thai;624
lombardi's;?;new york city;212-941-7994;pizza;625
marnie's noodle shop;?;new york city;212-741-3214;asian;626
menchanko-tei;?;new york city;212-247-1585;?;627
mitali east-west;?;new york city;212-989-1367;?;628
monsoon (ny);435 amsterdam ave.;new york city;212-580-8686;?;629
moustache;405 atlantic ave.;brooklyn;718-852-5555;?;?
nobu;105 hudson st.;new york city;212-219-0500;?;631
one if by land  tibs;17 barrow st.;new york city;212-228-0822;?;632
oyster bar;?;new york city;212-490-6650;?;633
palm;?;new york city;212-687-2953;?;634
palm too;?;new york city;212-697-5198;steakhouses;635
patsy's pizza;?;brooklyn;718-858-4300;pizza;?
peter luger steak house;178 broadway;brooklyn;718-387-7400;steakhouses;?
rose of india;308 e. sixth st.;new york city;212-533-5011;indian;?
sam's noodle shop;411 third ave.;new york city;212-213-2288;chinese;?
sarabeth's;1295 madison ave.;new york city;212-410-7335;american;640
sparks steak house;?;new york city;212-687-4855;steakhouses;641
stick to your ribs;?;queens;718-937-3030;bbq;642
sushisay;38 e. 51st st.;new york city;212-755-1780;japanese;643
sylvia's;328 lenox ave.;new york city;212-996-0660;southern/soul;644
szechuan hunan cottage;1588 york ave.;new york city;?;chinese;?
szechuan kitchen;1460 first ave.;new york city;?;chinese;?
teresa's;80 montague st.;queens;718-520-2910;polish;?
thai house cafe;151 hudson st.;new york city;212-334-1085;thai;?
thailand restaurant;106 bayard st.;new york city;212-349-3132;thai;649
veselka;144 second ave.;new york city;212-228-9682;ukrainian;650
westside cottage;689 ninth ave.;new york city;212-245-0800;chinese;651
windows on the world;107th fl.;new york city;212-524-7000;eclectic;652
wollensky's grill;205 e. 49th st.;new york city;212-753-0444;steakhouses;653
yama;122 e. 17th st.;new york city;212-475-0969;japanese;654
zarela;953 second ave.;?;212-644-6740;mexican;655
andre's french restaurant;401 s. 6th st.;?;702-385-5016;french (classic);656
buccaneer bay club;3300 las vegas blvd. s.;?;?;continental;657
buzio's in the rio;3700 w. flamingo rd.;?;?;seafood;658
emeril's new orleans fish house;3799 las vegas blvd. s.;?;?;seafood;659
fiore rotisserie & grille;3700 w. flamingo rd.;?;702-252-7702;italian;660
hugo's cellar;202 e. fremont st.;las vegas;702-385-4011;?;?
madame ching's;3300 las vegas blvd. s.;las vegas;702-894-7111;?;?
mayflower cuisinier;4750 w. sahara ave.;las vegas;702-870-8432;?;?
michael's (las vegas);3595 las vegas blvd. s.;las vegas;702-737-7111;?;?
monte carlo;3145 las vegas blvd. s.;las vegas;702-733-4524;french (new);665
moongate;3400 las vegas blvd. s.;las vegas;702-791-7352;chinese;666
morton's of chicago (las vegas);3200 las vegas blvd. s.;las vegas;702-893-0703;steakhouses;667
nicky blair's;3925 paradise rd.;las vegas;702-792-9900;italian;668
piero's restaurant;355 convention center dr.;las vegas;?;italian;669
spago (las vegas);3500 las vegas blvd. s.;las vegas;?;californian;670
steakhouse  the;128 e. fremont st.;las vegas;?;steakhouses;671
stefano's;129 fremont st.;las vegas;702-385-7111;italian;672
sterling brunch;3645 las vegas blvd. s.;las vegas;702-739-4651;eclectic;?
tre visi;3799 las vegas blvd. s.;las vegas;702-891-7331;?;674
103 west;103 w. paces ferry rd.;atlanta;404-233-5993;?;675
alon's at the terrace;659 peachtree st.;atlanta;404-724-0444;sandwiches;676
baker's cajun cafe;?;atlanta;404-223-5039;cajun/creole;677
barbecue kitchen;?;atlanta;404-766-9906;bbq;678
bistro  the;?;atlanta;404-231-5733;french bistro;679
bobby & june's kountry kitchen;?;atlanta;404-876-3872;southern/soul;680
bradshaw's restaurant;?;atlanta;404-261-7015;southern/soul;681
brookhaven cafe;?;?;404-231-5907;vegetarian;682
cafe sunflower;?;?;404-256-1675;health food;683
canoe;4199 paces ferry rd.;?;770-432-2663;american (new);684
carey's;1021 cobb pkwy. se;?;770-422-8042;hamburgers;685
carey's corner;1215 powers ferry rd.;?;770-933-0909;hamburgers;686
chops;70 w. paces ferry rd.;?;404-262-2675;steakhouses;687
chopstix;?;atlanta;404-255-4868;chinese;688
deacon burton's soulfood restaurant;?;atlanta;404-523-1929;?;689
eats;600 ponce de leon ave.;atlanta;404-888-9149;?;690
flying biscuit  the;1655 mclendon ave.;atlanta;404-687-8888;eclectic;691
frijoleros;1031 peachtree st. ne;atlanta;404-892-8226;tex-mex;692
greenwood's;1087 green st.;roswell;770-992-5383;?;693
harold's barbecue;171 mcdonough blvd.;atlanta;404-627-9268;bbq;694
?;2905 buford hwy.;atlanta;404-636-4094;cuban;695
?;2469 cobb pkwy.;smyrna;770-955-9444;chinese;?
?;3675 satellite blvd.;duluth;100-813-8212;indian;?
java jive;790 ponce de leon ave.;atlanta;404-876-6161;coffee shops;?
johnny rockets (at);2970 cobb pkwy.;atlanta;770-955-6068;american;?
kalo's coffee house;1248 clairmont rd.;decatur;404-325-3733;coffeehouses;?
?;4427 roswell rd.;atlanta;404-303-8201;spanish;701
?;3525 mall blvd.;duluth;770-418-9969;cafeterias;702
?;1031 ponce de leon ave.;?;404-875-0276;diners;703
morton's of chicago (atlanta);303 peachtree st. ne;atlanta;404-577-4366;steakhouses;704
my thai;1248 clairmont rd.;?;404-636-4280;thai;705
nava;3060 peachtree rd.;?;404-240-1984;southwestern;706
nuevo laredo cantina;1495 chattahoochee ave. nw;?;404-352-9009;mexican;707
?;4330 peachtree rd.;atlanta;404-237-4116;american;708
palm  the (atlanta);3391 peachtree rd. ne;atlanta;404-814-1955;steakhouses;709
rainbow restaurant;2118 n. decatur rd.;decatur;404-633-3538;vegetarian;710
ritz-carlton cafe (atlanta);181 peachtree st.;?;404-659-0400;american (new);711
riviera;519 e. paces ferry rd.;?;?;mediterranean;712
silver skillet  the;200 14th st. nw;atlanta;404-874-1388;coffee shops;713
soto;3330 piedmont rd.;atlanta;404-233-2005;japanese;714
thelma's kitchen;764 marietta st. nw;atlanta;404-688-5855;?;715
tortillas;774 ponce de leon ave. ne;atlanta;404-892-0193;?;716
van gogh's restaurant & bar;?;roswell;770-993-1156;?;717
veggieland;220 sandy springs circle;atlanta;404-231-3111;?;718
white house restaurant;3172 peachtree rd. ne;atlanta;?;diners;?
zab-e-lee;4837 old national hwy.;college park;?;thai;?
bill's place;?;san francisco;?;?;?
?;?;san francisco;415-621-8579;?;722
?;423 columbus ave.;san francisco;415-397-6261;?;723
?;240 columbus ave.;san francisco;415-433-9623;mexican;724
?;1805 haight st.;?;415-386-5758;caribbean;725
doidge's;2217 union st.;?;?;american;726
dottie's true blue cafe;522 jones st.;?;?;diners;727
dusit thai;3221 mission st.;?;?;thai;728
?;1283 ninth ave.;san francisco;415-566-1770;japanese;729
?;1550 california st.;san francisco;?;vietnamese;730
?;1500 church st.;san francisco;?;chinese;731
hamburger mary's;1582 folsom st.;san francisco;?;?;732
kelly's on trinity;333 bush st.;san francisco;?;californian;733
la cumbre;515 valencia st.;san francisco;415-863-8205;mexican;734
la mediterranee;288 noe st.;san francisco;415-431-7210;mediterranean;735
la taqueria;?;san francisco;415-285-7117;mexican;736
mario's bohemian cigar store cafe;?;san francisco;415-776-8226;italian;737
marnee thai;?;san francisco;415-665-9500;thai;738
mel's drive-in;3355 geary st.;san francisco;415-387-2244;hamburgers;?
mo's burgers;1322 grant st.;san francisco;415-788-3779;?;?
phnom penh cambodian restaurant;631 larkin st.;san francisco;415-775-5979;cambodian;?
roosevelt tamale parlor;2817 24th st.;?;415-550-9213;mexican;?
?;300 de haro st.;?;415-626-6006;american;743
?;1328 18th st.;san francisco;?;thai;744
slanted door;584 valencia st.;san francisco;?;vietnamese;745
swan oyster depot;1517 polk st.;san francisco;415-673-1101;seafood;746
thep phanom;400 waller st.;san francisco;415-431-2526;thai;747
ti couz;3108 16th st.;san francisco;415-252-7373;french;748
trio cafe;?;san francisco;415-563-2248;american;749
tu lan;?;san francisco;415-626-0927;vietnamese;750
vicolo pizzeria;?;san francisco;415-863-2382;pizza;751
?;?;san francisco;415-775-1055;mexican;752
