Mauritius;Air Mauritius;1988;GE;767-200ER;?;1987;Africa;2;2
Brazil;Cruzeiro;1971;PW;727;Jun;1970;South America;3;3
Italy;Aero Trasporti Italiani;1969;PW;DC-9;Jun;1968;Europe;4;4
Belarus;Belavia Belarusian Airlines;2016;CF;737-800;Jun;2014;Europe;3;3
USA;International Lease Finance Co;1994;PW;757-200;Jan;1990;North America;1;1
France;Air France;1969;PW;727;Feb;1969;Europe;3;3
Indonesia;Lion Air;2014;CF;737-900ER;?;2008;Southeast Asia;4;4
Israel;?;2016;RR;787-9;Dec;2006;Middle East;2;2
China;Bank of Communications Leasing;2017;CF;737-700;Jun;2013;East Asia;2;2
China;CATIC;1993;PW;MD-80;Mar;1990;East Asia;1;1
Tanzania United Republic of;Tanzania;2019;RR;787-8;May;2018;Africa;1;1
Japan;Japan Transocean Air;1984;PW;737-200;May;1983;East Asia;1;1
Australia;Jetstar - Duplicated (See JSA);2000;RR;717-200;Dec;2000;Oceania;2;2
USA;Alaska Airlines;1991;PW;MD-80;Jan;1989;North America;2;2
Iceland;Icelandair;2007;CF;737-800;Jan;2005;?;1;1
Afghanistan;Ariana Afghan Airlines;1979;GE;DC-10;Sep;1978;Central Asia;1;1
Kuwait;Kuwait Air Force;?;PW;DC-9;Oct;1976;Middle East;2;2
USA;Seaboard World Airlines;1967;PW;DC-8;Feb;1966;North America;1;1
USA;Altavair LLC;2006;GE;747-400ERF;Jun;2005;North America;1;1
Canada;WestJet;?;CF;737-800;Jan;2004;North America;4;4
Germany;LTU;1988;RR;757-200;Jan;1987;Europe;1;1
USA;America West Airlines;1987;RR;757-200;Feb;1987;North America;1;1
Ireland;GPA Group;1991;CF;737-400;Jan;1988;Europe;4;4
Japan;ITOCHU Corporation;1996;GE;767-200ER;Oct;1994;East Asia;?;1
China;Xiamen Airlines;2002;RR;757-200;Jan;2001;East Asia;1;1
Pakistan;Pakistan International Airline;1980;GE;747-200;Jan;1980;South Asia;1;1
Tanzania United Republic of;Air Tanzania;1979;PW;737-200;Mar;1978;Africa;1;1
Mauritania;Mauritania Airlines;2016;CF;737-800;Jul;2016;Africa;1;1
Azerbaijan;Silk Way Airlines;?;GE;747-8F;Jul;2013;Central Asia;2;2
Algeria;Air Algerie;1975;PW;737-200;Jan;1974;Africa;2;2
Italy;Aero Trasporti Italiani;1971;PW;DC-9;Feb;1969;?;1;?
?;Jeju Air;2018;CF;737-800;Dec;2016;East Asia;3;3
USA;Starflite Corporation;1999;RR;757-200;Dec;1999;North America;1;1
Denmark;Maersk Air;1989;CF;737-300;Jan;1989;Europe;1;1
Saudi Arabia;Kingdom of Saudi Arabia;1987;CF;707/720;Jun;1983;Middle East;7;7
USA;Aviation Service & Support;1975;PW;707/720;Jun;1975;North America;1;1
United Kingdom;British Airways;1994;RR;767-300ER;Jan;1991;Europe;1;1
USA;Playboy;1969;PW;DC-9;Jun;1967;North America;1;1
USA;TWA;1966;PW;707/720;Jan;1965;North America;12;12
?;Business Jet / VIP Customer(s);2011;?;BBJ;Jan;2011;North America;1;1
Czech Republic;CSA;1992;CF;737-500;Mar;1992;Europe;5;5
USA;Southern Airways - USA (Inacti;1971;PW;DC-9;Jun;1971;North America;2;2
Taiwan;Far Eastern Air Transport;1991;PW;MD-80;Apr;?;Southeast Asia;2;2
Venezuela;?;1987;PW;MD-80;May;1986;South America;1;1
USA;NEA Holdings Inc.;1966;PW;DC-9;Jul;1966;North America;1;1
China;Dragon Aviation Leasing;2014;CF;?;Dec;2013;East Asia;4;4
USA;Northwest-Merged w Delta;2002;PW;747-400;Jan;2001;North America;2;2
France;Aeromaritime;1989;CF;737-300;Mar;1989;Europe;2;2
Australia;Virgin Australia Airlines;2012;CF;737-800;Mar;2010;Oceania;3;3
Mongolia;MIAT Mongolian Airlines;2013;GE;767-300ER;May;2011;Central Asia;?;1
Liberia;Republic of Liberia;1978;PW;737-200;Jun;1978;Africa;1;1
Netherlands;Sojitz;1998;CF;737-500;Jun;1998;Europe;1;1
Australia;Virgin Australia Airlines;2011;CF;737-800;Mar;2010;?;4;4
China;Xiamen Airlines;2017;CF;737-800;Mar;2016;East Asia;?;4
United Arab Emirates;Presidential Flight;1999;GE;767-300ER;Nov;1999;Middle East;1;1
Slovakia (Slovak Republic);SkyEurope;2008;CF;737-700;?;2006;Europe;1;1
Taiwan;Far Eastern Air Transport;1994;PW;757-200;Nov;1994;Southeast Asia;2;2
Netherlands;Martinair Cargo;1989;PW;767-300ER;Mar;1988;Europe;1;1
Sweden;Linjeflyg;1991;CF;737-500;Aug;1988;Europe;2;2
Ireland;Irish Aerospace;1987;PW;MD-80;Nov;1985;Europe;1;1
Switzerland;Flightlease;2000;PW;767-300ER;Dec;?;Europe;4;4
Indonesia;Lion Air;2015;CF;737-900ER;Feb;2008;Southeast Asia;5;5
USA;U.S. Air Force;1978;PW;707/720;Jan;1973;North America;1;1
Pakistan;Pakistan International Airline;1985;CF;737-300;Mar;1984;South Asia;5;5
Germany;LTU;1987;RR;757-200;Jan;1987;Europe;2;2
?;Novus Aviation Capital;2020;GE;777-300ER;Nov;2018;Middle East;2;2
Canada;?;1969;PW;707/720;Mar;1969;?;1;1
Taiwan;China Airlines;?;CF;737-800;Feb;1998;Southeast Asia;2;2
Spain;L.T.E. International Airways;1992;RR;757-200;Apr;1988;Europe;1;1
?;Aero Lloyd;1987;PW;MD-80;Oct;1985;Europe;1;1
Japan;All Nippon Airways Co. Ltd.;1997;GE;767-300;Jan;1995;East Asia;1;1
USA;?;2022;GE;777F;?;2020;North America;1;1
USA;McDonnell Douglas;1981;PW;MD-80;Jan;1980;North America;1;1
Belgium;NATO;1983;PW;707/720;May;1980;Europe;5;5
Turkey;Pegasus Airlines;2011;CF;737-800;Feb;2006;Europe;1;1
State of Libya;Buraq Air;2006;CF;737-800;Nov;2005;Africa;2;2
Indonesia;Garuda Indonesia;1978;GE;DC-10;Feb;1977;Southeast Asia;1;1
Costa Rica;Avianca Costa Rica;1980;PW;727;Aug;1978;Central America and Mexico;1;1
Germany;TUI Group;1981;PW;737-200;Mar;1980;Europe;4;4
France;?;1991;PW;767-300ER;Jan;1989;Europe;1;1
China;Hebei Airlines Company LTD;2015;CF;737-800;Dec;2013;East Asia;1;1
United Kingdom;British Airways;1971;PW;707/720;Jan;1970;Europe;2;2
United Kingdom;Novair International Airways;1989;CF;737-400;Apr;1987;Europe;2;2
Bangladesh;Biman Bangladesh Airlines;2014;GE;777-300ER;Apr;2008;South Asia;2;2
China;Silk Road Leasing;2016;CF;737-800;Aug;2016;East Asia;1;1
Russian Federation;AirBridgeCargo Airlines;2015;GE;747-8F;Nov;2015;Europe;2;2
India;Vistara;2020;GE;787-9;Oct;2018;South Asia;?;2
USA;?;2000;GE;747-400F;Feb;1999;North America;2;2
USA;Oak Hill;2010;GE;777F;Apr;2007;North America;?;2
United Kingdom;Air Europe;1990;CF;737-400;Apr;1988;Europe;1;1
Kazakhstan;Kazakhstan Airlines;2002;GE;767-200ER;Dec;2000;Central Asia;1;1
Israel;Arkia Israeli Airlines;2000;RR;757-300;Jul;1998;Middle East;2;2
Germany;Lufthansa Cargo;2014;GE;777F;May;2011;Europe;2;2
Venezuela;VIASA;1968;PW;DC-8;Jan;1967;South America;1;?
Taiwan;China Airlines;1977;PW;747-100;Feb;1976;Southeast Asia;1;?
Germany;Aero Lloyd;1986;PW;MD-80;Dec;1984;Europe;1;1
Jamaica;Air Jamaica-See CBL;1969;PW;DC-9;Jan;1969;Caribbean;2;2
Norway;SAS Norway;1998;CF;737-700;Feb;1997;Europe;2;2
Netherlands;KLM Royal Dutch Airlines;1980;PW;DC-9;Jan;1979;Europe;2;?
?;?;2017;CF;737 MAX;Jan;2012;Europe;6;6
China;Hebei Airlines Company LTD;2017;CF;737-800;Dec;2013;East Asia;?;5
China;Cathay Pacific Airways;1990;RR;747-200;Feb;1990;East Asia;1;1
Australia;BDS Australia P-8;2018;CF;737-800A;Jan;2016;Oceania;1;1
USA;Boullioun Aviation Services;1997;CF;737-400;Jun;1996;North America;3;3
Australia;Australian Airlines Limited;1967;PW;DC-9;Apr;1965;?;2;2
China;ICBC Leasing;2017;CF;737-800;May;2013;East Asia;6;6
China;China Eastern Yunnan Airlines;1986;CF;737-300;Jan;1985;East Asia;1;1
Ethiopia;Ethiopian Airlines Group;1987;PW;?;Jan;1987;Africa;1;1
Indonesia;Indonesian Air Force-DUPLICATE;1983;PW;737-200;Apr;1981;Southeast Asia;2;2
Nigeria;Nigeria Airways;1973;PW;707/720;Jun;1972;Africa;1;1
China;CAAC-Civil Aviation of China;1974;PW;707/720;Sep;1972;East Asia;5;?
Ireland;Avolon - Ireland;2018;CF;737 MAX;Sep;2012;Europe;1;1
?;United States Navy;2017;CF;737-800A;Jan;2016;North America;6;6
USA;Jet America Airlines;1981;PW;MD-80;Jan;1980;North America;1;1
China;Air China Cargo;2014;GE;777F;Mar;2013;East Asia;4;4
China;China Xinjiang Airlines;1993;CF;737-300;Oct;1991;East Asia;1;1
Argentina;Estado Nacional Argentino ENA;?;PW;707/720;Jun;1975;South America;1;1
Canada;Eastern Provincial Airways;1973;PW;737-200;Jan;1973;North America;1;1
USA;Ozark Air Lines;1973;?;DC-9;Mar;1973;?;1;1
Netherlands;Martinair Cargo;1973;GE;DC-10;Feb;1972;Europe;1;1
USA;TWA;1970;PW;727;Jan;1969;North America;5;5
Sweden;Scandinavian Airlines;?;PW;DC-9;Jan;1966;Europe;10;10
Thailand;Nok Air;2016;CF;737-800;May;2014;Southeast Asia;3;3
Ireland;Avia Capital Leasing;2013;CF;737-800;Oct;2010;Europe;3;3
USA;FAA;1961;PW;707/720;Jan;1961;North America;1;1
France;AOM French Airlines;1988;PW;MD-80;Oct;1986;Europe;1;?
Australia;Ansett Worldwide Av. Equipment;1992;CF;737-300;Jan;1992;Oceania;1;1
Russian Federation;Aeroflot - Russian Airlines;2013;GE;777-300ER;Feb;2011;Europe;2;2
France;Union Aeromaritime Transport;1960;PW;DC-8;Dec;1956;Europe;1;1
China;China Northern Airlines;1998;RR;MD-90;Dec;1992;East Asia;3;3
Angola;TAAG Angola Airlines;1975;PW;737-200;Apr;1975;Africa;1;1
USA;Purdue Airlines;1969;PW;DC-9;Jun;1967;North America;1;1
Kuwait;Kuwait Airways;1972;PW;707/720;Jun;1971;Middle East;2;?
Thailand;?;1997;GE;747-400;Mar;1992;Southeast Asia;2;?
USA;PACE Airlines;1982;PW;737-200;Mar;1981;North America;8;8
USA;Atlas Air Inc.;2000;GE;747-400F;Jun;1997;North America;1;1
Sudan;Sudan Airways;1974;PW;707/720;May;1973;Africa;2;2
Japan;Air Nippon;1999;CF;737-500;Jul;?;East Asia;1;1
Italy;AIR ITALY S.p.A.;1987;PW;MD-80;Jan;1986;Europe;1;1
China;Air China;1998;PW;747-400M;Jan;1997;East Asia;1;1
Ireland;Ryanair;2003;CF;737-800;Jan;2002;Europe;9;?
USA;Alaska Airlines;1992;PW;MD-80;Jan;1989;North America;4;4
USA;FedEx Express;2013;GE;777F;Feb;2011;North America;1;1
USA;United Airlines;1967;PW;727;Jan;1966;North America;9;9
Turkey;Sky Airlines;2009;CF;737-900ER;May;2006;Europe;2;2
USA;GATX Jet Partners Ltd.;2003;CF;737-800;?;2000;North America;1;1
Syrian Arab Republic;Syrianair;1976;PW;727;Dec;1974;Middle East;3;3
USA;Hughes Airwest Inc.;1969;PW;DC-9;Feb;1968;North America;9;9
United Arab Emirates;Presidential Flight;1999;GE;747-400;Nov;1999;Middle East;1;1
United Kingdom;British Caledonian Airways;1967;PW;707/720;?;?;Europe;1;1
Canada;Pacific Western Airlines;1975;PW;737-200;Jan;1975;North America;2;2
India;SpiceJet;2010;CF;737-800;Apr;2007;South Asia;4;4
Singapore;Singapore Airlines;1993;PW;747-400;Jan;1992;Southeast Asia;1;1
USA;FedEx Express;1992;GE;MD-11;Feb;1989;North America;1;1
Brazil;GOL Linhas Aereas;2006;CF;737-800;Jan;2005;South America;4;4
Australia;Ansett Worldwide Av. Equipment;1986;CF;737-300;Apr;1986;Oceania;6;6
Germany;Lufthansa;1992;CF;737-300;Jan;1992;Europe;1;1
Germany;Lufthansa;1969;PW;707/720;Jan;1968;Europe;2;2
Venezuela;VIASA;1966;PW;DC-8;Jun;1965;South America;1;1
Chile;LADECO;1982;PW;737-200;May;1980;South America;1;1
USA;UPS;1996;GE;767-300F;Jan;1993;North America;10;10
USA;U.S. Air Force;1983;?;707/720;Jan;1982;North America;3;3
Australia;Australian Airlines Limited;1992;CF;737-400;Mar;1990;?;2;2
USA;United Airlines;2001;RR;757-300;Jan;2001;North America;2;2
Turkey;SunExpress Airlines;2017;CF;737-800;Feb;2014;Europe;6;6
USA;America West Airlines;1989;RR;757-200;Feb;1987;North America;3;3
Ireland;AerCap;?;RR;787-9;Jun;2017;Europe;5;5
?;Biman Bangladesh Airlines;2019;GE;787-8;Apr;2008;South Asia;2;2
Germany;dba;1997;CF;737-300;Mar;1997;Europe;6;6
United Kingdom;Air Europe;1990;RR;757-200;Apr;1988;Europe;4;4
China;Juneyao Air Co. LTD.;2019;GE;787-9;Feb;2017;East Asia;2;2
China;China Northern Airlines;1997;RR;MD-90;Dec;1992;East Asia;3;3
USA;MarkAir;1985;PW;737-200;Sep;1984;North America;1;1
France;Continent Air Paris;1989;PW;MD-80;Dec;1986;Europe;1;1
China;Juneyao Air Co. LTD.;2019;GE;787-9;Nov;2017;East Asia;1;1
?;Brussels Airlines SA/NV;1997;CF;737-400;Apr;1996;Europe;2;2
Saudi Arabia;Kingdom of Saudi Arabia;1993;PW;MD-11;Jun;1993;Middle East;2;2
USA;BDS USAF Tanker Program;2019;PW;767-2C;Jan;2017;North America;7;7
Madagascar;Air Madagascar;1979;PW;747-200;Jun;1977;Africa;1;1
USA;Texas Air Corporation;?;PW;DC-9;Feb;1973;North America;1;1
Australia;Jetstar - Duplicated (See JSA);2001;RR;717-200;Feb;2001;Oceania;1;1
United Arab Emirates;National Airlines;1967;PW;DC-8;Feb;1966;Middle East;1;1
Canada;Eastern Provincial Airways;1970;PW;737-200;?;1970;North America;1;1
Poland;LOT Polish Airlines;?;CF;737-400;Jul;1995;Europe;1;1
Dominican Republic;Dominicana Airlines;1972;PW;727;May;1972;Caribbean;1;1
Serbia;Air Serbia;1970;PW;DC-9;Mar;1969;Europe;4;4
China;Xiamen Airlines;2018;CF;?;Mar;2016;East Asia;6;6
Mauritania;Mauritania Airlines;2017;CF;737 MAX;Nov;2016;Africa;1;1
Tunisia;TunisAir;1972;PW;727;Mar;1971;Africa;1;1
Canada;Dome Petroleum;1980;PW;737-200;Aug;1979;North America;1;1
Turkey;Turkish Air Force Peace Eagle;2004;CF;737-700W;Aug;2003;?;1;1
Saudi Arabia;Albaraka;1993;CF;737-400;Oct;1989;Middle East;1;1
Brazil;GOL Linhas Aereas;2007;CF;737-800;Mar;2005;?;6;6
Azerbaijan;Silk Way Airlines;2015;GE;747-8F;Feb;2015;Central Asia;1;1
Ethiopia;Ethiopian Airlines Group;1988;PW;737-200;Jan;1987;Africa;1;1
Egypt;Government of Egypt;1976;PW;737-200;?;1975;Africa;1;1
Netherlands;ITOCHU AirLease B.V.;1993;CF;737-300;Jul;1991;Europe;1;1
Thailand;Thai Airways International;?;GE;747-400;Feb;2001;Southeast Asia;2;2
Saudi Arabia;?;1998;GE;?;Oct;1997;Middle East;1;1
Russian Federation;AirBridgeCargo Airlines;2016;GE;747-8F;Mar;2016;Europe;2;2
USA;Hawaiian Airlines;2001;BR;717-200;?;2000;North America;7;7
?;Korean Air;1979;PW;747-200;Feb;1978;East Asia;1;1
Switzerland;Balair/CTA;1987;?;MD-80;Apr;1986;Europe;1;1
?;Business Jet / VIP Customer(s);1999;CF;BBJ;Jan;1996;North America;1;?
United Kingdom;easyJet;2002;CF;?;Mar;?;Europe;4;4
Brazil;Federative Republic of Brazil;1976;PW;737-200;Aug;1975;South America;2;?
Serbia;Air Serbia;1971;PW;DC-9;Mar;1969;Europe;1;1
USA;Southwest Airlines;2000;CF;737-700;Jan;1998;North America;9;9
Luxembourg;Luxair;2012;CF;737-800;May;2010;Europe;1;1
Italy;Italian Air Force Tanker;?;GE;767-200ER;Apr;2002;Europe;1;1
USA;Texas Air Corporation;1988;CF;737-300;Mar;1988;North America;7;7
Azerbaijan;Silk Way Airlines;2017;GE;747-8F;Feb;2015;Central Asia;1;1
?;Varig Airlines;1981;GE;747-200;Jan;1981;South America;3;3
USA;Tracinda Corp.;1968;PW;DC-9;Apr;1968;?;1;1
Senegal;Air Senegal International;2005;CF;737-700;May;2004;Africa;1;1
China;China Southern Airlines;2002;PW;?;Feb;2001;East Asia;2;2
USA;Seaboard World Airlines;1966;PW;DC-8;Jan;1965;North America;1;1
USA;Southwest Airlines;1988;CF;737-300;Jan;?;North America;3;3
Canada;Pacific Western Airlines;1970;PW;737-200;Apr;1968;North America;1;1
?;Pacific Southwest Airlines;1966;PW;727;Jan;1965;North America;1;1
Romania;TAROM Romanian Air Transport;1993;CF;737-300;Sep;1992;Europe;2;2
New Zealand;?;1975;GE;DC-10;Feb;?;Oceania;2;2
USA;American Airlines;1976;?;727;Jan;1974;North America;8;8
Russian Federation;BLF Ltd.;2011;CF;737-800;?;2006;Europe;2;2
Germany;Condor Flugdienst;1971;PW;747-200;Apr;1970;Europe;1;1
Taiwan;UNI Airways;1998;RR;MD-90;Oct;1998;Southeast Asia;4;4
?;Unidentified Customer(s);2021;GE;747-8;Feb;2021;Unidentified;1;1
?;Balair/CTA;1970;PW;DC-9;Jan;1969;Europe;1;1
Thailand;Nok Air;2017;?;737-800;May;2014;Southeast Asia;1;1
Lebanon;Middle East Airlines;1969;PW;?;Aug;1968;Middle East;2;2
China;China Northern Airlines;1996;RR;MD-90;Dec;1992;East Asia;3;3
USA;MarkAir;1982;PW;737-200;Dec;1982;North America;2;2
Kuwait;ALAFCO;2010;CF;737-800;Mar;2007;Middle East;5;5
Trinidad and Tobago;BWIA;1977;PW;DC-9;Jul;1976;Caribbean;2;2
Denmark;Maersk Air;1980;PW;737-200;Feb;1980;Europe;3;3
USA;M&T Aviation USA Inc;1999;CF;737-800;Dec;1996;North America;2;2
Romania;TAROM Romanian Air Transport;2001;CF;737-700;?;1999;Europe;2;2
China;Shanghai Airlines;1994;PW;767-300;May;1993;?;1;1
Chile;LATAM Airlines Group;2010;GE;767-300ER;Jan;2007;South America;1;1
USA;World Airways Inc.;1965;PW;707/720;Jan;1965;North America;?;1
?;Sterling Air A/S;1977;PW;727;Feb;1977;Europe;1;1
USA;Eastern Air Lines;1969;PW;727;Jan;1968;North America;11;11
?;Korean Air;1975;GE;DC-10;Jan;1974;?;3;3
United Kingdom;Orion Airways;1982;PW;737-200;Mar;1981;Europe;1;1
China;Cathay Pacific Airways;1979;RR;747-200;Feb;1978;East Asia;1;1
China;Zhongyuan Airlines;1999;CF;737-300;Oct;1997;East Asia;2;2
Panama;Copa Airlines;2014;CF;737-800;Jan;2013;Central America and Mexico;2;2
United Kingdom;British Caledonian Airways;1977;GE;DC-10;Jun;1976;Europe;2;2
Germany;dba;1998;CF;737-300;Mar;1997;Europe;1;1
United Kingdom;Rolls-Royce A/C Management;1999;RR;757-200;Aug;1998;Europe;4;4
Ireland;Irish Aerospace;1988;PW;MD-80;Jan;1988;Europe;1;1
Germany;TUI Group;1992;CF;737-400;May;1992;Europe;1;1
South Korea;Asiana Airlines;1994;CF;737-400;Apr;1989;?;1;1
France;UTA;1986;GE;747-300;Feb;1986;Europe;1;1
South Africa;Comair Limited;2012;CF;737-800;?;2010;Africa;4;4
Australia;Virgin Australia;2010;GE;777-300ER;Mar;2007;Oceania;1;1
USA;Executive Jet Aviation;1967;PW;707/720;Nov;1966;North America;2;2
Serbia;AVIOGENEX;1988;PW;737-200;Oct;1987;Europe;1;1
USA;USAF PAR Program;2017;GE;747-8;Aug;2017;North America;2;2
USA;Pacific Southwest Airlines;1969;PW;727;Feb;1969;North America;1;?
Brazil;Transbrasil;1983;GE;767-200;Jul;1981;South America;3;3
Russian Federation;Sberbank Leasing;2015;CF;737-800;Mar;2013;Europe;2;2
Belgium;SABENA Aerospace;1967;PW;727;Feb;1966;Europe;4;4
Switzerland;Swiss International Air Lines;2016;GE;777-300ER;May;2013;Europe;6;6
South Korea;Korean Air;2017;GE;777F;Feb;2015;East Asia;1;1
USA;UPS;1997;GE;767-300F;Jan;1993;North America;7;7
USA;Laker Airways (Bahamas);1979;GE;DC-10;Sep;1978;North America;1;1
China;Shandong Airlines;2009;CF;737-800;Jan;2006;East Asia;1;1
United Kingdom;buzz;1990;CF;737-400;Jun;1987;Europe;?;1
France;AOM French Airlines;1989;PW;?;Oct;1986;Europe;1;1
South Korea;Korean Air;2016;GE;777F;Feb;2015;East Asia;4;4
Norway;SAS Norway;1977;PW;737-200;Feb;1977;Europe;1;1
Japan;BDS Japan International Tanker;2021;PW;767-2C;Dec;2018;East Asia;1;1
United Kingdom;West Coast Airlines - UK (Inac;1967;PW;DC-9;Dec;1965;Europe;1;1
Slovenia;?;1982;PW;MD-80;Mar;1982;Europe;1;1
Thailand;Thai Airways International;1996;GE;747-400;Mar;1992;Southeast Asia;1;1
United Arab Emirates;Etihad Airways;2012;GE;777-300ER;Mar;2008;Middle East;4;4
?;CDB Aviation;2017;CF;737-800;Mar;2014;East Asia;12;12
Bermuda;AOF Leasing;?;CF;737-400;Apr;1988;Caribbean;1;1
Philippines;Philippine Airlines;1968;PW;DC-8;Feb;1966;Southeast Asia;1;1
Germany;LTU;1986;RR;757-200;Jan;1986;Europe;1;1
Turkey;SunExpress Airlines;2021;CF;737 MAX;Feb;2014;Europe;3;3
Algeria;Tassili Airlines;2011;CF;737-800;Oct;2009;Africa;4;4
USA;ATA Airlines Inc.;2001;RR;757-300;Jun;2000;North America;5;5
Thailand;Royal Thai Air Force;1995;CF;737-400;Feb;1995;Southeast Asia;1;1
?;Cathay Pacific Airways;1992;RR;747-400;Feb;1990;East Asia;4;4
Sweden;Linjeflyg;1992;CF;737-500;Aug;1988;Europe;1;1
Mozambique;LAM;1971;PW;737-200;Mar;1971;Africa;1;1
Switzerland;Swissair;1968;PW;DC-9;Jan;1966;Europe;5;5
Hong Kong;CDB Aviation;2018;CF;737-800;Mar;2014;East Asia;7;7
Japan;Air Nippon;1995;CF;737-500;Dec;1992;East Asia;3;3
Ireland;?;1996;?;737-300;Jan;1996;Europe;1;1
France;UTA;1977;?;DC-10;Feb;1976;Europe;1;1
China;Donghai Airlines;2017;CF;737-800;Dec;2013;East Asia;4;4
USA;Air Lease Corporation;2015;GE;777-300ER;Feb;2013;North America;5;5
Gabon;Air Gabon;1978;GE;747-200;Apr;1977;Africa;1;1
Netherlands;Transavia Airlines;1987;CF;737-300;Jan;1986;Europe;1;1
USA;UPS;1995;GE;767-300F;Jan;1993;North America;5;5
Iraq;Republic of Iraq;2015;CF;737-800;Apr;2008;Middle East;5;5
Jordan;Royal Jordanian;1977;GE;747-200;Apr;1977;Middle East;2;2
USA;Trans Carib Air;1968;PW;727;Apr;1968;North America;1;1
United Kingdom;Thomas Cook Airlines;2001;RR;757-300;May;2000;Europe;2;2
Turkey;Onur Air;1997;PW;MD-80;Oct;1995;Europe;5;5
Brazil;GOL Linhas Aereas;2008;CF;737-800;Mar;2005;South America;3;3
USA;NEA Holdings Inc.;1968;PW;DC-9;May;1966;North America;3;3
Cte dIvoire;Air Afrique;1980;PW;747-200;Apr;?;Africa;1;1
Russian Federation;S7 Group;2011;CF;737-800;Nov;2006;Europe;2;2
Thailand;Royal Thai Air Force;1983;PW;737-200;Dec;1983;Southeast Asia;1;1
Namibia;Air Namibia;1999;GE;747-400M;Apr;1999;Africa;1;1
Romania;TAROM Romanian Air Transport;1974;PW;707/720;?;1973;Europe;2;2
Ireland;Irish Aerospace;?;PW;?;Sep;1986;Europe;2;2
?;Kuwait Airways;1976;PW;737-200;Apr;1975;Middle East;1;1
Germany;Bavaria;1982;PW;737-200;Jan;1980;Europe;2;2
Azerbaijan;Azerbaijan Airlines;2010;GE;767-300ER;Aug;2008;?;1;1
Japan;Japan Airlines Co. Ltd.;1974;PW;DC-9;Jan;1973;East Asia;8;8
Brazil;LATAM Airlines Brasil;2013;GE;777-300ER;Dec;2008;South America;2;2
Belgium;DHL International;2012;GE;767-300F;Feb;2007;Europe;3;3
China;Air China Southwest Branch;1994;CF;737-300;Apr;1993;East Asia;2;2
Fiji;Fiji Airways;1998;CF;737-700;Sep;1996;Oceania;1;1
Afghanistan;Ariana Afghan Airlines;?;PW;727;Mar;1968;Central Asia;1;1
USA;Universal Airlines;1968;GE;DC-8;Sep;1966;North America;2;2
Belgium;Sobelair;1979;PW;737-200;Aug;?;Europe;2;2
United Kingdom;Air Europe;1980;PW;737-200;Mar;1980;Europe;2;2
?;Air Algerie;1974;PW;727;Jan;?;Africa;1;1
Nigeria;Nigeria Airways;1989;GE;DC-10;?;1988;Africa;1;1
Venezuela;VIASA;1978;GE;DC-10;Jun;1977;South America;1;1
Chile;LADECO;1981;PW;737-200;May;1980;South America;1;1
USA;?;2007;GE;747-400ERF;Jun;2005;North America;3;3
?;China Xinhua Airlines;1993;CF;737-300;Oct;1991;East Asia;1;1
Australia;Ansett Australia;1974;PW;727;Feb;1974;Oceania;1;1
Mozambique;LAM;1969;PW;737-200;Sep;1968;Africa;2;2
China;China Eastern Airlines;2013;CF;737-700;Feb;2008;East Asia;3;3
Italy;AIR ITALY S.p.A.;1988;PW;MD-80;Dec;1986;Europe;1;1
South Africa;South African Airways;1982;PW;737-200;Feb;1982;Africa;1;1
Russian Federation;UTair Aviation;2013;CF;737-800;Sep;2011;Europe;1;1
Lebanon;Middle East Airlines;1975;PW;747-200;Jun;1974;Middle East;3;3
Taiwan;EVA Air;1996;GE;747-400M;Apr;?;Southeast Asia;1;1
USA;Business Jet / VIP Customer(s);1998;CF;BBJ;Jan;1996;North America;1;1
Argentina;Aerolineas Argentinas;1981;PW;727;Feb;1980;South America;2;2
Czech Republic;CSA;1999;CF;737-400;Mar;1998;Europe;1;1
Singapore;BOC Aviation Limited;2016;CF;737-800;Feb;2015;Southeast Asia;?;3
USA;America West Airlines;1987;CF;737-300;?;1986;North America;5;5
Ireland;Aer Lingus;1971;PW;747-100;Jan;1967;Europe;1;1
Germany;Bavaria;1985;PW;737-200;Mar;1985;Europe;2;2
Morocco;Royal Moroccan Air Force;1982;PW;707/720;Mar;1982;Africa;1;1
China;Air China;1999;PW;747-400M;Jan;1997;East Asia;1;1
China;Shenzhen Airlines;2018;CF;737-800;Jun;2015;East Asia;2;2
Japan;Japan ASDF Tanker;2005;GE;767-200ER;Jun;2003;East Asia;1;1
Taiwan;Far Eastern Air Transport;1998;PW;757-200;Nov;1997;Southeast Asia;2;?
Canada;Canadian Air Force;1971;PW;?;Mar;1971;North America;1;1
Ireland;SMBC Aviation Capital;2012;CF;737-800;Mar;2008;Europe;5;5
?;?;2020;CF;737-800A;Jan;2019;North America;4;4
China;Air China Southwest Branch;1991;CF;737-300;May;1990;East Asia;1;1
Turkmenistan;Turkmenhowayollary Agency;2010;GE;777-200LR;Jan;2008;Central Asia;1;?
Malaysia;CALC Aircraft Assets Limited;2020;GE;787-9;Nov;?;Southeast Asia;1;1
?;Aerolineas Argentinas;1981;PW;747-200;Feb;1980;South America;1;1
Czech Republic;Smartwings a.s.;2018;CF;737 MAX;Aug;2013;Europe;1;1
Switzerland;Swissair;1969;PW;DC-9;Jan;1968;Europe;1;1
Unidentified;Unidentified Customer(s);2015;GE;777F;Jan;?;Unidentified;4;4
Canada;Pacific Western Airlines;1973;PW;737-200;May;1973;North America;1;?
China;Donghai Airlines;2016;CF;737-800;Dec;2013;East Asia;3;3
Yemen;Yemenia;1979;PW;727;Sep;?;Middle East;1;1
Brunei Darussalam;Royal Brunei Airlines;1996;?;767-300ER;Apr;1996;Southeast Asia;1;1
USA;?;2014;CF;737-800;Jan;2014;North America;3;3
?;CIT Aerospace LLC;2006;CF;737-800;Jan;2003;North America;1;0
Qatar;Qatar Airways;2014;GE;777-300ER;Mar;2011;Middle East;1;1
Philippines;Philippine Airlines;2012;GE;777-300ER;Mar;2007;Southeast Asia;2;2
United Kingdom;British Caledonian Airways;1980;GE;DC-10;Aug;1978;Europe;3;3
USA;ARAMCO Associated Company;2001;CF;737-700C;Dec;1999;North America;2;2
Germany;Lufthansa Cargo;1998;GE;MD-11;Feb;1997;Europe;5;5
Thailand;Royal Thai Air Force;1989;CF;737-300;Jul;1988;Southeast Asia;1;1
Ireland;Timaero Ireland Limited;2018;CF;737 MAX;Jan;2014;Europe;2;2
Iraq;Iraqi Airways;1976;PW;727;Jan;1975;?;?;3
USA;PACE Airlines;1980;PW;737-200;Mar;1980;North America;1;1
Austria;Austrian Airlines;2005;CF;737-800;Mar;2003;Europe;1;?
Algeria;Air Algerie;1975;PW;727;Jan;1974;Africa;1;1
United Arab Emirates;Emirates;2013;GE;?;Apr;2010;Middle East;3;3
Australia;Ansett Worldwide Av. Equipment;1992;CF;737-300;Mar;1992;Oceania;1;1
China;Bank of Communications Leasing;2016;CF;737-800;Jun;2013;East Asia;6;6
China;Okay Airways Company Limited;2018;CF;737-800;May;2014;East Asia;1;1
China;Hainan Airlines Holding;2015;GE;787-8;Jan;2007;East Asia;1;1
Japan;?;1992;GE;MD-11;Dec;1986;East Asia;2;2
?;BOC Aviation Limited;2018;CF;737-800;Feb;2017;Southeast Asia;2;2
USA;AirCal;1986;CF;737-300;Jun;1984;North America;3;3
Bolivia;LAB;1978;PW;727;Apr;1977;South America;2;2
USA;Delta Air Lines;1966;PW;DC-8;Jan;1965;North America;1;1
China;?;2001;RR;757-200;Mar;2000;East Asia;2;2
USA;KE Aircraft Leasing;1992;RR;757-200;Apr;?;North America;2;2
Ukraine;Goiania;2013;CF;737-900ER;Dec;2010;Europe;?;2
Mexico;VivaAerobus;?;?;737-300;Sep;1989;Central America and Mexico;2;2
Greece;Olympic Airlines;1968;PW;727;Jan;1968;Europe;1;1
Zimbabwe;Air Zimbabwe;1989;PW;767-200ER;Jul;1988;Africa;1;1
United Kingdom;?;1983;RR;757-200;Aug;1981;Europe;1;1
Australia;Qantas Airways;1991;GE;767-300ER;Jan;1990;Oceania;4;4
Angola;SonAir;2008;CF;737-700C;Dec;2005;Africa;1;1
Slovakia (Slovak Republic);SkyEurope;2007;CF;737-700;Jul;2005;Europe;4;4
USA;BDS U.S. Navy (P-8A Poseidon);2019;CF;737-800A;Jan;2018;North America;4;4
Singapore;SilkAir;2017;CF;737 MAX;Nov;2012;Southeast Asia;3;3
Honduras;SAHSA;1974;PW;737-200;Nov;1973;Central America and Mexico;1;1
USA;Hawaiian Airlines;1981;PW;MD-80;Feb;1979;North America;2;2
France;Transavia Company SAS;2017;CF;737-800;Sep;2014;Europe;8;8
Azerbaijan;Azerbaijan Airlines;2012;GE;767-300F;Jun;2010;Central Asia;?;2
?;CP Air;1968;PW;737-200;Feb;1967;North America;5;5
USA;Texas Air Corporation;1979;PW;DC-9;Feb;1978;North America;3;3
USA;Aloha Airlines;1979;PW;737-200;Jan;1978;North America;2;2
Belgium;NATO;1984;PW;707/720;May;1980;Europe;6;6
Brazil;Varig Airlines;1963;RR;707/720;Jan;1963;South America;1;1
State of Libya;Libyan Airlines;1977;PW;727;May;1976;Africa;2;2
USA;Itel Air;1979;PW;737-200;Nov;1979;North America;2;2
?;Transtar Airlines Corporation;1981;PW;MD-80;Jun;1981;North America;1;1
USA;Midwest Airlines Inc.;2004;BR;717-200;Apr;2002;North America;6;6
USA;Miami Air;2006;CF;737-800;Dec;2004;North America;1;1
China;Jade Cargo International;2007;GE;747-400ERF;Aug;2005;East Asia;3;3
United Kingdom;British Eagle International;1967;PW;707/720;Jan;1967;Europe;1;1
El Salvador;Avianca El Salvador;1978;?;737-200;Jul;1978;Central America and Mexico;1;1
Indonesia;Indonesian Air Force-DUPLICATE;1982;PW;737-200;Apr;1981;Southeast Asia;1;1
Cameroon;Cameroon Airlines;1981;PW;747-200;Jul;1979;Africa;1;1
Italy;Aero Trasporti Italiani;1972;PW;DC-9;Apr;1971;Europe;1;1
Netherlands;Dutch Caribbean Airlines;1975;PW;DC-9;Mar;1974;Europe;3;3
Austria;Austrian Airlines;1978;PW;DC-9;Jan;1977;Europe;1;1
USA;Laker Airways (Bahamas);1974;GE;DC-10;Jul;1973;North America;1;1
Germany;Germania;1988;CF;737-300;Nov;1987;Europe;3;3
Germany;Lufthansa Cargo;2015;GE;777F;May;2011;Europe;1;1
?;Australian Wedgetail;?;CF;737-700W;Oct;2001;Oceania;1;1
Taiwan;UNI Airways;1996;RR;MD-90;May;1996;Southeast Asia;1;1
USA;Pacific Air Lines;1967;PW;727;Oct;?;North America;1;1
USA;American Airlines;1988;PW;MD-80;Jan;1987;North America;3;3
Japan;Mitsui & Co.;1994;GE;MD-11;Dec;?;East Asia;1;1
Australia;Australian Wedgetail;2003;CF;737-700W;Oct;2001;Oceania;1;1
Ireland;GPA Group;1992;?;737-400;?;1988;Europe;4;4
Singapore;Singapore Airlines;1979;PW;747-200;Jan;1978;Southeast Asia;2;2
USA;Flying Tiger;1965;PW;707/720;Jan;1965;North America;2;2
Germany;Bavaria;1992;CF;737-300;Feb;1990;Europe;2;?
Canada;Air Canada;1973;PW;747-100;Jan;1973;North America;1;1
Reunion;Air Austral;2016;RR;787-8;Feb;2015;Africa;2;2
Jordan;Royal Jordanian;1974;PW;727;Jan;1974;Middle East;1;1
Belgium;City Bird;1996;GE;MD-11;Oct;1996;Europe;1;1
China;CAAC-Civil Aviation of China;1985;PW;747-200;May;1985;East Asia;1;1
Bahrain;Gulf Air;1988;GE;767-300ER;Apr;1988;Middle East;2;2
Japan;Japan Airlines;1960;PW;DC-8;Jan;1960;East Asia;1;1
Iceland;Icelandair;?;CF;737-800;Jan;2005;Europe;9;9
Zimbabwe;Air Zimbabwe;1987;PW;737-200;Jan;1987;Africa;2;2
Ireland;Ryanair;2004;CF;737-800;Jan;2002;?;13;13
Belgium;City Bird;1998;GE;MD-11;May;1997;Europe;1;1
Kenya;Kenya Airways;2002;CF;737-700;Mar;2000;Africa;1;1
Algeria;Air Algerie;1974;PW;737-200;Jan;1974;Africa;1;1
China;ICBC Leasing;2018;CF;737 MAX;May;2013;?;5;5
USA;Western Airlines;1965;PW;707/720;Jan;1964;North America;1;1
Nepal;Nepal Airlines Corporation;1988;RR;757-200M;Feb;1986;South Asia;?;1
United Kingdom;MyTravel Airways;1997;GE;767-300ER;Sep;1996;Europe;1;1
Slovenia;Adria Airways d.d.;1971;PW;DC-9;Apr;1970;Europe;1;1
Ireland;SMBC Aviation Capital;?;CF;737 MAX;Jan;?;Europe;1;1
Japan;Japan Asia Airways;1988;PW;747-300;Aug;1987;East Asia;1;1
Egypt;EgyptAir;1984;PW;767-200ER;Jan;1984;Africa;3;3
USA;Republic Airlines;1981;PW;727;May;1980;North America;3;3
Mexico;?;1981;GE;DC-10;Jan;1980;?;1;1
France;Continent Air Paris;1988;PW;MD-80;Dec;1986;Europe;3;3
Oman;Oman Air (SAOC);2002;CF;737-700;Apr;2001;Middle East;1;1
China;CATIC;1991;PW;?;Mar;1990;East Asia;1;1
India;Air India;1968;PW;?;Jan;1967;South Asia;?;1
Germany;Germanwings GmbH;1989;PW;MD-80;Dec;1988;Europe;1;1
China;Everbright Financial Leasing;2016;CF;737-800;Jul;2016;East Asia;1;?
Reunion;?;2010;CF;737-800;?;?;Africa;2;2
USA;Northwest-Merged w Delta;2002;PW;757-200;Jan;2001;North America;2;2
United Kingdom;Security Pacific EuroFinance;1991;CF;737-300;Oct;1988;Europe;1;1
France;Euralair;1992;CF;737-500;May;1987;Europe;1;1
Rwanda;RwandAir;2011;CF;737-800;Dec;2009;Africa;2;2
Netherlands;?;1992;RR;757-200;Apr;1988;Europe;1;1
Poland;LOT Polish Airlines;1997;CF;737-400;Sep;1996;Europe;2;2
United Arab Emirates;National Airlines;1975;GE;DC-10;Jan;1973;?;4;4
Italy;AIR ITALY S.p.A.;1984;?;MD-80;Nov;1983;Europe;2;2
Bolivia;LAB;1975;PW;727;Sep;1975;South America;1;1
USA;Polaris Aircraft Leasing;1991;PW;MD-80;May;1989;North America;2;2
Ireland;DAE 4 Ireland Limited;2020;GE;?;Dec;2018;Europe;1;1
Czech Republic;Smartwings a.s.;2010;CF;737-800;Sep;2006;Europe;2;2
Spain;Iberia Airlines;1973;GE;DC-10;Jan;1972;Europe;3;3
South Africa;South African Airways;1971;PW;727;Feb;1970;Africa;2;?
Germany;TUI Group;1982;PW;737-200;Mar;1980;Europe;2;2
China;Bank of Communications Leasing;2018;GE;?;Apr;2017;East Asia;2;2
Kenya;Kenya Airways;1998;CF;737-300;Mar;1997;Africa;1;1
China;Air China;2007;CF;737-800;Jan;2006;East Asia;3;3
United Arab Emirates;flydubai;2009;CF;737-800;Jul;2008;Middle East;6;6
Ireland;Ryanair;2004;CF;737-800;Jan;2003;Europe;11;11
USA;United States Navy;2012;CF;737-800A;Jan;2011;North America;4;4
Germany;Lufthansa;1995;CF;737-300;Jan;1995;Europe;1;1
USA;AirTran Airways (Merged with S;2007;CF;737-700;Jan;2006;North America;1;1
Taiwan;?;1995;GE;747-400M;Feb;1995;Southeast Asia;1;1
Netherlands;Air France-KLM Group;2016;GE;777-300ER;May;2014;Europe;1;1
Saudi Arabia;?;1986;CF;707/720;Jun;1983;Middle East;4;4
USA;Pan Am World Airways;1973;PW;?;Jan;1969;North America;1;1
United Kingdom;easyJet;2000;CF;737-700;Jul;1998;Europe;3;?
USA;North Central Airlines;1979;PW;DC-9;Feb;1978;North America;3;3
USA;UPS;1998;GE;767-300F;Jan;1993;North America;5;5
USA;Alaska Airlines;1981;PW;737-200;Jan;1981;North America;2;2
Cayman Islands;Bain Capital Griffin Internati;2022;CF;737 MAX;Aug;2021;Caribbean;1;1
Japan;Japan Airlines;1960;?;?;Jan;1956;East Asia;3;3
USA;Western Airlines;1964;PW;707/720;Jan;1964;North America;2;2
Canada;Wardair;1968;?;707/720;Jan;1968;North America;1;1
Belgium;SABENA Aerospace;1970;PW;747-100;Jan;1969;Europe;2;2
Italy;Italian Air Force Tanker;2006;GE;767-200ER;Apr;2002;Europe;1;1
Singapore;Scoot PTE LTD;2015;RR;787-8;Oct;2006;Southeast Asia;?;?
Zambia;Zambia Airways;1976;PW;737-200;Jun;1975;Africa;1;1
Ireland;Pembroke Capital Limited;1998;CF;737-500;Mar;1997;Europe;2;2
?;Olympic Airlines;1969;PW;707/720;Jan;1968;Europe;1;1
Germany;Germania;1998;?;737-700;Mar;1995;Europe;12;12
Poland;?;2012;RR;?;Feb;2007;Europe;1;1
Ireland;GPA Group;1990;CF;737-500;Jan;1988;Europe;2;2
?;Kunming Airlines;?;CF;737-700;Nov;2014;East Asia;2;2
?;AirBridgeCargo Airlines;2017;GE;747-8F;Mar;2016;Europe;2;2
Japan;All Nippon Airways Co. Ltd.;1964;PW;727;Jan;1964;East Asia;1;1
Jamaica;Air Jamaica-See CBL;1975;PW;727;Nov;1974;Caribbean;2;2
Australia;Australian Wedgetail;2005;CF;737-700W;Oct;2001;Oceania;1;1
USA;Jet America Airlines;1986;PW;MD-80;Aug;1984;North America;?;2
Germany;Suedflug;1968;PW;DC-9;Jan;1966;Europe;2;2
USA;Jackson Square Aviation;2021;CF;737 MAX;Feb;2021;North America;4;4
Iraq;Republic of Iraq;2017;CF;737-800;Apr;2008;Middle East;2;2
USA;Aviation Capital Group;2008;CF;737-800;Feb;2006;North America;3;3
Germany;LTU;1989;PW;767-300ER;?;1988;Europe;3;3
Taiwan;China Airlines;1978;PW;747-200;Feb;1977;Southeast Asia;1;1
USA;Air Lease Corporation;2014;GE;777-300ER;Feb;2013;North America;3;3
Nigeria;Nigeria Airways;1971;PW;707/720;May;1971;Africa;1;1
USA;Capitol Air;1966;PW;DC-8;Mar;1965;North America;1;1
USA;M&T Aviation USA Inc;2000;CF;737-800;Dec;1996;North America;2;2
?;Novel Leasing;1997;CF;737-300;Jul;1997;Caribbean;?;1
USA;Bonanza Airlines;1965;PW;DC-9;Jul;1963;North America;1;1
USA;Polaris Aircraft Leasing;1990;PW;MD-80;Dec;1988;North America;7;7
?;Mid East Jet;1996;GE;767-200ER;Oct;1996;Middle East;1;1
United Arab Emirates;Emirates;2011;GE;777-300ER;Apr;2010;Middle East;3;3
United Kingdom;U-Land Airlines;1995;PW;MD-80;Sep;1995;Europe;2;2
United Arab Emirates;flydubai;2012;CF;737-800;Jul;2008;Middle East;7;?
Netherlands;ITOCHU AirLease B.V.;1999;CF;737-800;Jul;1996;Europe;4;4
Australia;Trans-Australia Airlines;1969;?;727;Feb;1969;Oceania;1;1
USA;US Airways Inc.;1970;PW;727;?;?;North America;2;2
Uruguay;?;1969;PW;737-200;Dec;1969;South America;1;1
Sudan;Sudan Airways;1975;PW;737-200;Dec;1974;Africa;2;2
Canada;?;1970;PW;727;Feb;?;North America;2;2
France;AOM French Airlines;1996;PW;MD-80;Jun;1995;Europe;2;2
Japan;ANA Holdings Inc.;2019;GE;777F;Mar;2018;East Asia;1;1
Slovenia;Adria Airways d.d.;1970;PW;DC-9;Mar;1969;Europe;1;1
Switzerland;PrivatAir;2015;RR;787-8;Nov;2006;Europe;1;1
Portugal;Air Atlantis;1971;PW;DC-8;Jun;1970;Europe;1;1
France;Euralair;1991;CF;737-500;May;1987;Europe;1;1
Ukraine;Goiania;2016;CF;737-800;Jul;2007;Europe;1;1
?;Libyan Airlines;1975;PW;727;Apr;1974;Africa;?;3
France;Air Charter;1981;PW;727;?;1981;Europe;2;2
China;CES Leasing Corporation;2022;GE;777F;May;2021;East Asia;1;1
China;Hebei Airlines Company LTD;2018;CF;737-800;Dec;2013;East Asia;6;6
Panama;?;2021;CF;737 MAX;Feb;2015;Central America and Mexico;3;3
USA;?;1998;CF;737-300;Jun;1996;North America;2;2
Brunei Darussalam;Royal Brunei Airlines;1975;PW;?;Jan;1975;Southeast Asia;2;2
Mexico;Aeromexico;2007;CF;?;Jan;2006;Central America and Mexico;3;3
Japan;Japan Airlines;1961;PW;DC-8;Jan;1956;East Asia;1;1
South Korea;Asiana Airlines;2010;PW;777-200ER;Jan;2008;East Asia;1;1
Japan;Nippon Cargo Airlines;2005;GE;747-400F;Jan;2004;East Asia;2;2
China;China Eastern Yunnan Airlines;1997;CF;737-300;Jan;1997;East Asia;2;2
Vietnam;Vietnam Airlines;2016;GE;787-9;Dec;2007;Southeast Asia;3;3
France;Union Aeromaritime Transport;1960;PW;DC-8;Nov;1956;Europe;1;1
United Kingdom;Jet2.com Ltd;2018;CF;737-800;Sep;2015;Europe;8;8
India;Air India;1978;?;747-200;Jan;1977;South Asia;1;1
Chile;LATAM Airlines Group;2009;GE;767-300ER;Jan;2007;South America;2;2
Uzbekistan;Uzbekistan Airways;2003;PW;767-300ER;Jul;?;Central Asia;1;1
Canada;Wardair;1978;GE;?;Mar;1978;North America;?;1
?;China Xinjiang Airlines;1994;CF;737-300;Apr;1993;East Asia;3;3
USA;Frontier Airlines;1980;PW;737-200;Mar;1979;North America;1;1
Colombia;Avianca;1967;PW;727;Jan;1966;South America;1;1
Jersey (UK);Ardennes Epsilon;1989;PW;MD-80;Dec;1988;Europe;2;2
Cte dIvoire;Air Afrique;1966;PW;DC-8;Jun;1965;Africa;1;1
United Arab Emirates;Dubai Air Wing;1982;PW;727;Jul;?;Middle East;1;1
?;Italian Air Force Tanker;2005;GE;767-200ER;Apr;2002;Europe;1;1
USA;Boeing Capital Corporation;2019;?;777F;Aug;2018;North America;1;1
Turkey;Turkish Airlines;2012;CF;?;Feb;2010;Europe;?;2
?;Air New Zealand;?;?;737-200;Jan;?;Oceania;1;1
Cte dIvoire;Air Afrique;1979;GE;DC-10;Jul;1976;Africa;1;1
Germany;Condor Flugdienst;1994;PW;757-200;Mar;1994;Europe;1;1
USA;Altavair LLC;2011;GE;777F;Jul;2007;North America;1;?
Spain;Air Europa;2013;CF;737-800;Mar;2006;Europe;4;4
China;China Eastern Airlines;2012;CF;737-800;Feb;2008;East Asia;1;1
Equatorial Guinea;Ceiba Intercontinental;2011;GE;777-200LR;Mar;2009;Africa;1;1
USA;Northwest-Merged w Delta;2003;?;757-300;Jan;2001;North America;9;9
?;LoadAir Cargo;2009;GE;747-400ERF;Jul;2006;Middle East;2;2
Mexico;Mexicana;1974;?;?;Feb;1974;Central America and Mexico;3;3
Turkey;Turkish Air Force Peace Eagle;2005;CF;737-700W;Aug;2003;Europe;1;1
Switzerland;Balair/CTA;1979;GE;DC-10;Sep;1977;Europe;1;1
China;Okay Airways Company Limited;2015;CF;737-900ER;Jun;2010;East Asia;3;3
?;Malaysia Airlines;1992;PW;747-400;Jan;1989;Southeast Asia;?;1
Sweden;Scandinavian Airlines;1974;PW;DC-9;Jan;1973;Europe;16;16
USA;GATX Jet Partners Ltd.;2000;CF;737-800;May;2000;North America;4;4
?;The Republic of Niger;1978;?;737-200;Jan;1977;Africa;1;1
Yemen;Yemenia;1976;PW;737-200;Jun;1976;Middle East;1;1
Ireland;AerCap;2020;GE;787-9;Jun;2017;Europe;2;2
Germany;German Air Force;1968;PW;707/720;Nov;1967;?;4;4
Trinidad and Tobago;BWIA;1978;PW;DC-9;Jul;1976;Caribbean;1;1
Canada;Transair (Inactive);1970;PW;737-200;Nov;1968;North America;2;2
Argentina;AUSTRAL - Cielos del Sur;1981;PW;MD-80;Dec;1978;South America;3;3
Netherlands;Air France-KLM Group;2017;GE;787-9;Dec;?;Europe;2;2
USA;Handlingair Establishment;1975;PW;727;Feb;1974;North America;1;1
?;Air Nippon;1996;CF;737-500;Dec;1992;East Asia;3;3
Japan;MCAP Japan01 Limited;2010;CF;737-800;Jun;2009;East Asia;2;2
United Kingdom;Virgin Atlantic Airways;2014;RR;787-9;Mar;2007;?;1;1
Panama;Copa Airlines;2002;CF;737-700;?;1999;Central America and Mexico;4;4
China;Air China Southwest Branch;1993;CF;737-300;Apr;1991;East Asia;1;1
China;China Eastern Airlines;2011;CF;737-700;Feb;2008;East Asia;2;2
Sweden;Malmo Aviation;1988;PW;MD-80;Jun;?;Europe;1;1
Malaysia;Malaysia Airlines;?;?;747-400;Jan;1989;Southeast Asia;1;1
Brunei Darussalam;Royal Brunei Airlines;1996;GE;767-300ER;?;1996;Southeast Asia;1;1
United Kingdom;Jet2.com Ltd;2016;CF;737-800;Dec;2015;Europe;3;3
Chile;LADECO;1980;?;737-200;May;1980;South America;1;1
Israel;EL AL Israel Airlines;1962;RR;707/720;Feb;1961;?;1;1
USA;DHL;2021;GE;777F;Mar;2019;North America;2;2
USA;Aviation Capital Group;2014;CF;737-800;Jan;2008;North America;2;2
Ecuador;TAME;1981;PW;737-200;Oct;1981;South America;1;1
China;?;2018;CF;737-800;Jul;2016;East Asia;3;3
Brazil;VASP Airlines;1977;PW;727;Mar;?;South America;2;2
USA;?;1981;PW;737-200;Apr;1980;North America;?;1
Turkey;Pegasus Airlines;2007;CF;737-800;Feb;2006;Europe;1;1
Germany;Lufthansa;1968;PW;727;Jan;1968;Europe;1;1
Japan;Nippon Cargo Airlines;2014;GE;747-8F;Mar;2007;East Asia;1;1
USA;?;1981;PW;727;Sep;1980;North America;1;1
Oman;Oman Air (SAOC);2022;CF;737 MAX;Mar;2021;Middle East;2;2
United Kingdom;TUI Travel PLC;1995;RR;?;Jan;1993;Europe;1;1
Russian Federation;Volga-Dnepr UK Ltd;2019;GE;747-8F;Nov;2017;Europe;1;1
Ireland;Standard Chartered Aviation Fi;2017;CF;737-800;Apr;2016;Europe;7;7
Unidentified;Unidentified Customer(s);2017;GE;747-8;Mar;2017;Unidentified;1;1
Canada;Wardair;1978;GE;DC-10;Mar;1977;North America;2;2
USA;Pan Am World Airways;1962;PW;707/720;Feb;1961;North America;5;5
United Kingdom;BDS UK P-8;2021;CF;737-800A;Jan;2019;Europe;4;4
Fiji;Fiji Airways;2018;CF;737 MAX;Mar;2017;Oceania;2;2
USA;ATAircraft One;1967;PW;DC-9;Jan;1966;North America;3;3
USA;Panagra Cargo;1966;PW;DC-8;Nov;1965;North America;1;1
USA;Eastern Air Lines;1969;PW;DC-8;Jan;1967;North America;1;1
China;Okay Airways Company Limited;2017;CF;?;May;2014;East Asia;1;1
Belgium;SABENA Aerospace;1990;GE;747-300;Jan;1989;Europe;1;1
Switzerland;Swiss International Air Lines;2018;GE;777-300ER;Apr;2015;Europe;1;1
?;Iraqi Airways;1976;PW;?;Jan;1975;Middle East;1;1
Kuwait;Kuwait Airways;1978;PW;747-200;Jun;1977;Middle East;2;2
Belgium;Trans European Airways;1976;PW;737-200;Aug;1975;Europe;1;1
United Kingdom;buzz;1992;CF;737-400;Apr;?;Europe;1;1
India;SpiceJet;2007;CF;737-800;Feb;2005;South Asia;6;6
Netherlands;Transavia Airlines;1975;PW;737-200;?;1974;Europe;2;2
Iceland;Icelandair;1990;CF;737-400;Apr;1990;Europe;1;1
Germany;Aero Lloyd;1987;PW;MD-80;Aug;1986;Europe;1;1
Austria;Austrian Airlines;1971;PW;DC-9;Mar;?;Europe;5;5
USA;CIT Aerospace LLC;2003;CF;737-800;Mar;2001;North America;2;2
Guinea;Air Guinee;1981;PW;737-200;Aug;1981;Africa;1;1
Belgium;Trans European Airways;1979;PW;737-200;Feb;1979;Europe;?;1
France;UTA;1968;PW;DC-8;Feb;1966;Europe;2;2
USA;GATX Jet Partners Ltd.;2002;CF;737-800;May;2000;North America;9;?
Canada;WestJet;2005;CF;737-700;Jan;2004;North America;3;3
USA;Transtar Airlines Corporation;1982;PW;MD-80;Apr;1981;?;4;4
El Salvador;Avianca El Salvador;1986;GE;767-200;May;1986;Central America and Mexico;1;1
United Kingdom;MyTravel Airways;1997;RR;757-200;May;1996;Europe;1;1
China;Jade Cargo International;2008;GE;747-400ERF;Aug;2005;East Asia;1;1
Ireland;AerCap;2019;GE;787-9;Jun;2017;Europe;1;1
USA;Pacific Air Lines;1966;PW;727;Sep;1965;North America;2;2
State of Libya;Libyan Airlines;1976;PW;707/720;Jul;1976;Africa;1;1
Iraq;Republic of Iraq;2013;CF;737-800;Apr;?;Middle East;2;2
Serbia;AVIOGENEX;1987;PW;737-200;Aug;1986;Europe;1;1
Philippines;Philippine Airlines;1980;GE;DC-10;Mar;1979;Southeast Asia;1;1
Taiwan;Hwa-Hsia Leasing;1998;RR;MD-90;Jun;1996;Southeast Asia;3;3
United Arab Emirates;Etihad Airways;2011;?;777F;Mar;2008;Middle East;1;1
Bermuda;AOF Leasing;1992;CF;737-400;Apr;1988;Caribbean;2;2
Senegal;Republic of Senegal;1976;PW;727;Aug;1976;?;1;1
Kenya;East African Airways;1971;PW;DC-9;Apr;1970;Africa;2;2
Switzerland;Maritime Investment & Shipping;1979;PW;737-200;Sep;1978;Europe;1;1
Sweden;KB Flygplanet;1988;PW;MD-80;Feb;?;Europe;1;1
USA;U.S. Air Force;1982;?;707/720;Jan;1982;North America;1;1
Germany;Germania;1991;CF;737-300;May;1991;Europe;1;1
USA;Airlift International;1968;PW;727;Feb;1967;North America;2;2
?;AirCal;1970;PW;737-200;Apr;1969;North America;1;1
United Kingdom;Orion Airways;1988;CF;737-300;Jun;1982;Europe;1;1
Nepal;Nepal Airlines Corporation;1972;PW;727;?;1972;South Asia;1;1
United Arab Emirates;Presidential Flight;1989;RR;747-100;Dec;1989;Middle East;1;1
Japan;Japan Airlines Co. Ltd.;1996;RR;?;Jan;1990;East Asia;4;4
China;Air China;2008;CF;737-800;?;2006;?;6;6
China;Dragon Aviation Leasing;?;CF;737-800;Dec;2013;East Asia;2;2
USA;PACE Airlines;1967;PW;727;Apr;?;North America;1;1
Russian Federation;Aeroflot - Russian Airlines;2015;GE;777-300ER;Feb;2011;Europe;2;2
Saudi Arabia;Kingdom of Saudi Arabia;1975;PW;707/720;Sep;1975;Middle East;1;1
Japan;Japan Transocean Air;2016;CF;737-800;May;2014;East Asia;2;2
Kazakhstan;SCAT Airlines;2018;?;737 MAX;Dec;2017;Central Asia;1;1
USA;ATAircraft One;1977;GE;DC-10;Apr;1976;North America;2;2
France;Aeromaritime;1990;PW;767-200ER;Jan;1989;Europe;2;2
Ireland;Avolon - Ireland;2014;CF;737-800;?;2012;Europe;2;2
Turkey;Pegasus Airlines;2009;CF;737-800;Feb;2006;Europe;2;2
USA;ARAMCO Associated Company;2000;CF;737-700;Dec;1999;North America;3;3
Greece;Olympic Airlines;1969;PW;727;Jan;1968;Europe;3;3
China;China Xinhua Airlines;1994;CF;737-300;Apr;1993;East Asia;1;1
Portugal;TAP Portugal;1975;PW;727;Feb;1974;Europe;2;2
Sweden;Malmo Aviation;1993;PW;MD-80;Mar;1991;Europe;2;2
Luxembourg;Cargolux Airlines Internationa;2015;GE;747-8F;Feb;2014;Europe;1;1
Singapore;BOC Aviation Limited;2017;CF;737-800;Feb;?;Southeast Asia;2;2
Saudi Arabia;Saudi Arabian Airlines;1978;PW;737-200;Feb;1977;Middle East;1;1
Germany;Deucalion Capital VII Limited;2009;GE;777F;Sep;2005;Europe;4;4
?;BDS Indian Navy P-8I;2020;CF;737-800A;Mar;2017;South Asia;1;1
China;Air China Cargo;2005;PW;747-400F;Jul;2004;East Asia;1;1
USA;Polaris Aircraft Leasing;1989;PW;MD-80;Nov;?;North America;8;8
Israel;EL AL Israel Airlines;?;?;757-200;Jan;1988;Middle East;1;1
Thailand;Nok Air;2015;CF;737-800;May;2014;Southeast Asia;2;2
Switzerland;PrivatAir;1981;PW;737-200;?;1979;Europe;?;1
Canada;Nordair;1979;PW;737-200;Feb;1979;North America;1;1
USA;U.S. Air Force;1983;GE;DC-10;Jan;1982;North America;4;4
Canada;Canadian Airlines;1987;CF;737-300;Apr;1984;North America;2;2
USA;AirCal;1971;PW;737-200;Apr;1969;North America;1;1
USA;World Airways Inc.;1996;PW;MD-11;Jan;1996;North America;2;2
Nigeria;Arik Air;2010;CF;737-800;Sep;2007;Africa;1;1
France;UTA;1965;PW;DC-8;Jan;1965;Europe;2;2
Indonesia;Garuda Indonesia;1974;PW;DC-9;Jan;1973;Southeast Asia;3;3
China;Shanghai Airlines;2013;CF;737-800;Apr;2007;East Asia;2;2
China;9 Air;2016;CF;737-800;May;2014;East Asia;4;4
Spain;Iberia Airlines;1972;PW;727;Jan;1972;Europe;3;3
Singapore;Scoot PTE LTD;2017;RR;787-8;Oct;2006;Southeast Asia;4;4
Netherlands;KLM Royal Dutch Airlines;1966;PW;DC-8;Feb;1965;Europe;1;1
USA;CIT Aerospace LLC;2004;CF;737-800;Mar;2001;North America;4;4
USA;Air Florida;1981;PW;727;Jul;1981;North America;5;5
Azerbaijan;Azerbaijan Airlines;2014;GE;787-8;Feb;2007;Central Asia;2;2
USA;Standard Airways;1966;PW;DC-9;Nov;1966;North America;2;2
Ireland;Avolon - Ireland;2016;CF;737-800;Sep;2012;Europe;1;1
Saudi Arabia;Saudi Arabian Airlines;1977;PW;707/720;Feb;1977;Middle East;2;2
Singapore;Scoot PTE LTD;2016;?;787-8;Oct;2006;Southeast Asia;2;2
Finland;Finnair;1981;GE;DC-10;Jan;1981;Europe;1;1
Azerbaijan;Azerbaijan Airlines;2012;GE;?;Jul;2010;Central Asia;1;1
Morocco;Royal Air Maroc;1995;CF;737-500;Jan;1993;Africa;1;1
Colombia;Avianca;1968;PW;707/720;Jan;1967;South America;1;1
China;Hainan Airlines Holding;2014;GE;787-8;Jan;2007;East Asia;1;1
Singapore;Scoot PTE LTD;2015;RR;787-9;Oct;2006;Southeast Asia;6;6
USA;TWA;1959;PW;707/720;Jan;1957;North America;?;4
USA;AirCal;1985;CF;737-300;Jun;1984;North America;2;2
Turkey;?;2016;CF;737-800;Feb;2014;Europe;7;7
Ireland;GPA Group;1991;CF;737-500;Jan;1988;Europe;7;7
El Salvador;Avianca El Salvador;1990;CF;737-300;Jul;1990;Central America and Mexico;1;1
USA;McDonnell Douglas;1993;PW;MD-80;Jul;1993;North America;3;3
USA;Republic Airlines;1981;PW;MD-80;Jun;1980;North America;1;1
Japan;ANA Holdings Inc.;2018;GE;777F;Mar;2018;East Asia;1;1
Samoa;Samoa Airways;1981;PW;737-200;Jun;1979;Oceania;?;1
USA;US Airways Inc.;1994;RR;757-200;Jan;1993;North America;1;1
Colombia;Avianca;1968;PW;737-100;Jan;1967;South America;2;2
USA;Braniff Airlines;1974;PW;727;Feb;1973;North America;4;4
Denmark;Maersk Air;1990;CF;?;Jan;1989;Europe;2;2
Australia;Trans-Australia Airlines;1975;?;727;Feb;?;Oceania;1;1
USA;BBAM Aircraft Management LP;2012;CF;737-800;Nov;2007;North America;6;6
Israel;MG Aviation Limited;2016;RR;787-9;Jul;2014;Middle East;2;2
USA;FedEx Express;1988;GE;DC-10;Feb;1987;North America;1;1
Brazil;GOL Linhas Aereas;2009;CF;737-800;Feb;2006;South America;1;1
China;Everbright Financial Leasing;2017;CF;737-800;Jul;2016;East Asia;1;1
Israel;EL AL Israel Airlines;?;PW;747-200;Jan;1968;Middle East;1;1
United Kingdom;Jet2.com Ltd;2016;CF;737-800;Sep;2015;Europe;5;5
Congo the Democratic Republic;Lignes Aeriennes de Congolaise;1973;GE;DC-10;Feb;1973;Africa;1;1
China;Kunming Airlines;2017;CF;737-700;Nov;2014;East Asia;2;2
China;ICBC Leasing;2018;CF;737-800;?;2013;East Asia;12;12
China;China Eastern Yunnan Airlines;1985;CF;737-300;Jan;1985;East Asia;1;1
USA;BDS USAF Tanker Program;2020;PW;767-2C;Jan;2017;North America;1;1
Portugal;Republic of Portugal;1971;PW;707/720;Jan;1971;Europe;2;2
Canada;CP Air;?;PW;737-200;Mar;1978;North America;1;1
Japan;Japan Transocean Air;2017;CF;737-800;May;2014;East Asia;4;4
Morocco;Royal Air Maroc;?;CF;737-500;Jan;1993;Africa;1;1
Portugal;Air Atlantis;1970;PW;DC-9;Dec;1969;Europe;1;1
Canada;Canadian Air Force;1970;PW;707/720;Feb;1970;North America;4;4
Russian Federation;Aeroflot - Russian Airlines;2014;GE;777-300ER;Feb;2011;Europe;3;3
Unidentified;Unidentified Customer(s);2022;CF;737 MAX;Mar;2021;Unidentified;1;1
France;Republic of France;1992;CF;707/720;Aug;1987;Europe;1;1
Russian Federation;Sberbank Leasing;2017;CF;737-800;Mar;2013;Europe;10;10
Bangladesh;Biman Bangladesh Airlines;2018;GE;787-8;Apr;2008;South Asia;2;2
?;Air Atlantis;1970;PW;DC-8;Apr;1969;Europe;1;1
Canada;Canadian Airlines;1989;GE;767-300ER;Apr;1987;North America;2;2
Venezuela;VIASA;1969;GE;DC-8;?;1967;South America;1;1
USA;ATAircraft One;1968;PW;DC-9;May;1966;North America;1;1
USA;Itel Air;1979;PW;737-200;Jan;1979;North America;1;1
Trinidad and Tobago;BWIA;1987;PW;MD-80;Apr;1986;?;1;?
USA;World Airways Inc.;1971;GE;DC-8;Feb;1971;North America;1;1
Germany;Germanwings GmbH;1989;PW;?;Sep;1988;Europe;4;4
Japan;Japan Airlines Co. Ltd.;1985;PW;MD-80;Jan;1984;?;?;2
Spain;AVIACO;1992;PW;?;Mar;1990;Europe;2;2
USA;Saturn Airways;1967;GE;DC-8;Feb;1966;North America;1;1
USA;Delta Air Lines;?;PW;MD-80;Jan;1991;North America;1;1
USA;McDonnell Douglas;1992;PW;MD-80;Feb;1989;North America;1;1
Portugal;TAP Portugal;1981;PW;727;Jan;1981;Europe;1;1
Mexico;Mexicana;1981;PW;727;Feb;1980;Central America and Mexico;3;3
USA;Hughes Airwest Inc.;1968;PW;DC-9;Feb;1968;North America;2;2
United Kingdom;Orion Airways;1985;CF;737-300;Jun;1982;Europe;3;3
USA;Braniff Airlines;1971;PW;747-100;Jan;1968;North America;1;1
United Kingdom;Monarch Airlines;1983;RR;757-200;Feb;1981;Europe;2;2
USA;McDonnell Douglas;1993;PW;?;Jun;1993;North America;2;2
Japan;All Nippon Airways Co. Ltd.;1965;PW;727;Jan;1964;East Asia;3;3
China;Juneyao Air Co. LTD.;2018;GE;787-9;Feb;2017;East Asia;3;3
China;Shenzhen Airlines;2009;CF;737-800;Apr;?;East Asia;5;5
Zimbabwe;Air Zimbabwe;1986;PW;737-200;Dec;1986;?;1;1
France;Transavia Company SAS;2018;CF;737-800;Sep;2014;Europe;5;5
Ireland;CDB Financial Leasing;2019;CF;737 MAX;Sep;2018;Europe;1;1
?;Southern Airways - USA (Inacti;1969;PW;DC-9;Nov;1967;North America;3;3
Italy;Alitalia;1969;PW;DC-9;Jan;1967;Europe;2;2
Chile;LATAM Airlines Group;2007;GE;767-300ER;Mar;2006;South America;1;1
USA;NAS Aviation Services LLC;1996;CF;737-400;Jan;1996;North America;3;3
Ghana;Ghana Airways;1983;GE;DC-10;Feb;1983;Africa;1;1
Spain;Air Europa;2011;CF;737-800;Mar;2006;Europe;1;1
Uzbekistan;Uzbekistan Airways;2016;GE;787-8;Jun;2007;Central Asia;2;2
Saudi Arabia;Rafic B. Hariri;1983;PW;?;Jan;1983;Middle East;1;1
Finland;Finnair;1985;?;MD-80;Feb;1984;Europe;2;2
USA;Northwest-Merged w Delta;2002;PW;757-300;?;2001;North America;7;7
Malaysia;Malaysia Airlines;1989;GE;747-400M;Jan;1988;Southeast Asia;?;1
USA;World Airways Inc.;?;PW;707/720;Jan;1963;North America;1;1
USA;NEA Holdings Inc.;1967;PW;DC-9;Apr;1966;North America;1;1
Mexico;Lineas Aereas Azteca;2001;CF;737-700;Feb;2001;Central America and Mexico;2;2
Australia;Ansett Australia;1969;PW;727;Feb;1969;Oceania;1;1
Fiji;Fiji Airways;1981;PW;737-200;Sep;1980;Oceania;1;1
Switzerland;Noga Export Import;1981;PW;737-200;Apr;1980;Europe;1;1
China;China Eastern Yunnan Airlines;1996;RR;?;Jan;1995;East Asia;2;2
Canada;Air Canada;1968;PW;DC-8;Feb;1966;North America;3;3
?;AVIACO;1974;PW;DC-9;Feb;1973;Europe;4;4
Luxembourg;Cargolux Airlines Internationa;2008;RR;747-400F;Feb;2006;Europe;1;1
Sweden;?;1992;PW;MD-80;May;1989;Europe;1;1
United Arab Emirates;?;1996;RR;777-200;Jun;1992;Middle East;3;3
China;?;2006;GE;747-400ERF;Jul;2005;East Asia;1;1
United Kingdom;U-Land Airlines;1996;PW;MD-80;Sep;1995;Europe;2;2
Finland;Finnair;1978;PW;DC-9;Feb;1977;Europe;3;3
Tanzania United Republic of;Tanzania;?;RR;787-8;Dec;2016;Africa;1;1
United Arab Emirates;Dubai Aerospace Enterprise;2013;GE;777F;Oct;2011;Middle East;2;2
South Korea;Government of Korea;2022;CF;737-800A;Mar;2020;East Asia;1;1
USA;Frontier Airlines;1982;PW;MD-80;Mar;1981;North America;3;3
USA;Altavair LLC;2008;GE;747-400ERF;Jun;2005;North America;2;2
Vietnam;Vietnam Airlines;2003;PW;777-200ER;Jan;2002;Southeast Asia;2;2
Dominican Republic;Dominicana Airlines;1969;PW;DC-9;Sep;1968;Caribbean;1;1
USA;Capitol Air;1968;GE;DC-8;Apr;1966;North America;2;2
Denmark;Sterling Air A/S;1978;PW;727;Jan;1978;Europe;1;?
China;China Xinhua Airlines;1993;CF;737-300;Aug;1992;East Asia;1;1
Venezuela;Aeropostal;1976;PW;DC-9;Oct;1975;South America;6;6
Bolivia;LAB;1970;PW;727;Aug;?;South America;1;1
USA;Texas Air Corporation;1969;PW;DC-9;Jun;1967;North America;2;2
USA;Western Airlines;1960;PW;707/720;Jan;1960;North America;1;1
Taiwan;UNI Airways;1996;RR;MD-90;Nov;1995;Southeast Asia;2;2
Portugal;TAP Portugal;1967;PW;727;Mar;1966;Europe;3;3
China;Shenzhen Airlines;2017;CF;737-800;Jun;2015;East Asia;5;5
USA;Jet America Airlines;1983;?;MD-80;?;1981;North America;1;1
USA;Western Pacific Airlines;1997;CF;737-300;Oct;1996;North America;4;4
Bangladesh;Biman Bangladesh Airlines;2011;GE;777-300ER;Apr;2008;South Asia;2;2
United Arab Emirates;Novus Aviation Capital;2021;GE;777-300ER;Nov;2018;Middle East;1;1
Austria;Austrian Airlines;1972;PW;DC-9;Mar;1971;Europe;1;1
Ireland;Avia Capital Leasing;2016;CF;737-800;Oct;2010;Europe;8;8
USA;Airlift International;1964;PW;DC-8;Feb;1963;North America;1;1
Cte dIvoire;?;1970;PW;DC-8;Jul;1968;?;1;1
Cameroon;Cameroon Airlines;1985;PW;737-200;Jan;1985;Africa;1;1
United Kingdom;British Royal Air Force;1992;CF;707/720;Nov;1987;Europe;1;1
USA;?;1999;CF;737-700;Jan;1998;North America;?;?
United Kingdom;Air Europe;1989;RR;757-200;Apr;1988;Europe;2;2
Canada;WestJet;2008;CF;737-700;Feb;2006;North America;3;3
Spain;Iberia Airlines;1976;GE;DC-10;Jan;1976;Europe;2;2
China;Shandong Airlines;2007;CF;737-800;Jan;2006;East Asia;2;2
Brazil;VASP Airlines;1973;PW;737-200;?;1973;South America;3;3
Japan;?;?;GE;777-300ER;Jul;2014;East Asia;6;6
Uzbekistan;Uzbekistan Airways;2018;GE;787-8;Apr;2018;Central Asia;1;1
Germany;Lufthansa Cargo;2013;GE;777F;May;?;Europe;2;2
USA;Hughes Airwest Inc.;1968;PW;DC-9;Feb;1966;North America;2;2
Sweden;Linjeflyg;1993;CF;737-500;Aug;1988;Europe;1;1
?;CAAC-Civil Aviation of China;1973;PW;707/720;Sep;1972;East Asia;5;5
?;Great China Airlines;1997;RR;MD-90;Nov;1990;Southeast Asia;1;1
India;Jet Airways;2003;CF;737-900;?;2003;South Asia;1;1
United Kingdom;British Airtours;1981;PW;737-200;Dec;1978;Europe;3;3
Japan;Japan ASDF Tanker;2008;GE;767-200ER;Jun;2005;East Asia;1;1
USA;ATAircraft One;1966;PW;DC-8;Jun;1965;North America;2;2
USA;Purdue Airlines;1969;PW;DC-9;Nov;1968;North America;1;1
USA;Itel Air;1979;PW;737-200;Nov;1978;North America;1;1
Saudi Arabia;Mid East Jet;1997;PW;757-200;Jan;?;Middle East;1;1
Russian Federation;Volga-Dnepr UK Ltd;2013;GE;?;Nov;2006;Europe;2;2
Japan;Japan ASDF Tanker;2008;GE;767-200ER;Jun;2004;East Asia;1;1
Pakistan;Pakistan International Airline;1986;CF;737-300;Mar;1984;South Asia;1;1
USA;North Central Airlines;1973;PW;DC-9;Apr;1972;North America;2;2
USA;CIT Aerospace LLC;2003;CF;737-700;Mar;2001;North America;3;3
Tanzania United Republic of;Air Tanzania;1978;PW;737-200;Mar;1978;Africa;1;1
USA;Republic Airlines;1980;PW;DC-9;Jan;1979;North America;4;4
United Arab Emirates;Etihad Airways;2013;GE;777-300ER;Feb;2011;Middle East;3;3
Malaysia;Malaysia Airlines;1993;PW;747-400;Jan;1989;Southeast Asia;1;1
Nigeria;Midway Airlines;1987;PW;737-200;Mar;1986;Africa;3;3
USA;DHL;2019;GE;777F;Jun;2018;North America;4;4
Italy;Aero Trasporti Italiani;1970;PW;DC-9;?;1969;Europe;1;1
United Kingdom;TUI Travel PLC;1994;RR;757-200;Jan;1993;Europe;4;4
?;American Flyers Airlines;1968;PW;727;Aug;1967;North America;?;2
Australia;Ansett Australia;1964;PW;727;Feb;1963;Oceania;2;2
Angola;TAAG Angola Airlines;2016;GE;777-300ER;Mar;2012;Africa;2;2
South Africa;South African Airways;1960;PW;707/720;?;1958;Africa;3;3
USA;Hawaiian Airlines;1981;PW;MD-80;Jan;1980;North America;2;2
Australia;?;2017;?;737-800;Jan;2012;Oceania;1;1
USA;Southern Airways - USA (Inacti;1967;PW;?;Jun;1965;North America;3;3
Jamaica;Air Jamaica-See CBL;1975;PW;727;Sep;1975;Caribbean;2;2
Russian Federation;BLF Ltd.;2011;CF;737-800;Mar;2006;Europe;2;2
Canada;Quebecair;1980;PW;737-200;Feb;1979;North America;2;2
Australia;Australian Airlines Limited;1986;CF;737-300;Jun;1985;Oceania;8;8
USA;NASA;1973;PW;737-100;Mar;1973;North America;1;1
United Kingdom;Security Pacific EuroFinance;1991;CF;737-300;Jun;1987;Europe;1;1
Hong Kong;CDB Aviation;2016;CF;737-700;Mar;2014;East Asia;3;3
USA;Capitol Air;1969;GE;DC-8;Jan;1968;North America;1;1
United Kingdom;British Airways;1993;RR;767-300ER;Jan;1991;Europe;4;4
India;Jet Airways;2001;CF;737-700;Jun;1999;South Asia;3;3
Austria;Lauda Air;2003;CF;737-800;Jan;1999;Europe;1;1
USA;Jet America Airlines;1987;PW;MD-80;Dec;1987;North America;2;2
USA;777 Partners;2021;CF;737 MAX;Mar;2021;North America;9;9
Czech Republic;CSA;1998;CF;737-400;?;?;Europe;1;1
USA;Delta Air Lines;1965;PW;DC-8;Jan;1965;North America;1;1
Turkmenistan;Turkmenhowayollary Agency;2008;CF;737-700;Mar;2008;?;1;1
India;Air India;1961;RR;707/720;Jan;1960;South Asia;1;1
Malta;Air Malta;1988;PW;737-200;Sep;1987;Europe;1;1
USA;Seaboard World Airlines;1969;GE;DC-8;Feb;1968;North America;3;?
Egypt;EgyptAir;2017;CF;737-800;Apr;?;Africa;8;8
United Kingdom;British Caledonian Airways;1981;GE;DC-10;Feb;1980;Europe;1;1
USA;North Central Airlines;1968;PW;DC-9;May;1966;North America;5;5
USA;M&T Aviation USA Inc;1999;CF;737-700;?;1996;North America;?;3
Luxembourg;Luxair;2004;CF;737-700;Feb;2003;?;2;2
South Korea;Asiana Airlines;2006;GE;747-400F;Feb;1998;East Asia;1;1
Australia;Ansett Australia;1975;PW;727;Feb;1974;Oceania;1;1
USA;?;1967;PW;727;Nov;1966;North America;2;2
Tunisia;TunisAir;1994;CF;737-500;?;1992;?;1;1
South Africa;Comair Limited;2019;CF;737 MAX;Dec;2013;Africa;1;1
Zimbabwe;Air Zimbabwe;1990;?;767-200ER;Mar;1989;Africa;1;1
Morocco;Royal Air Maroc;1970;PW;727;Jan;1969;?;1;1
USA;Laker Airways (Bahamas);1977;GE;DC-10;Feb;1977;North America;1;1
Qatar;Qatar Airways;1979;PW;727;Jan;1979;Middle East;1;1
USA;Transamerica Airlines;1967;GE;DC-8;Feb;?;North America;1;1
USA;American Flyers Airlines;1970;GE;DC-8;?;1969;North America;2;2
United Kingdom;British Airtours;1980;PW;737-200;Dec;1978;Europe;6;6
USA;America West Airlines;1988;CF;737-300;Jan;1986;North America;5;5
United Kingdom;British Eagle International;1962;RR;707/720;May;1961;Europe;1;1
Russian Federation;?;2012;GE;747-8F;Nov;2006;Europe;3;3
Poland;Enter Air Sp. z o.o.;2018;CF;737 MAX;Nov;2016;Europe;2;2
Zambia;Zambia Airways;1984;GE;DC-10;Nov;1983;Africa;1;1
Poland;LOT Polish Airlines;1994;CF;737-500;May;1994;Europe;1;1
United Arab Emirates;National Airlines;1968;PW;727;Feb;1966;Middle East;22;22
?;Mey-Air;1971;PW;737-200;Sep;1971;Europe;?;2
Turkey;Cyprus Turkish Airlines (KTHY);1997;RR;MD-90;?;1996;Europe;2;2
United Arab Emirates;Novus Aviation Capital;2021;GE;777-300ER;Dec;2018;Middle East;1;1
Malta;Air Malta;1983;PW;737-200;Mar;1982;Europe;3;3
Turkey;Turkish Airlines;2011;CF;737-800;Feb;2010;Europe;2;2
USA;Eastern Air Lines;1968;?;?;Jan;1967;North America;4;4
Norway;Norwegian Air Shuttle;2016;CF;737-800;Jan;2012;Europe;10;10
State of Libya;Libyan Airlines;1978;PW;727;Jul;1977;Africa;2;2
USA;Business Aerotech;1971;PW;727;Nov;1970;North America;?;1
United Kingdom;Midland Montagu Leasing;1981;PW;737-200;Mar;1981;Europe;1;1
Brazil;Varig Airlines;1975;GE;DC-10;Jan;1974;South America;1;1
USA;AirTran Airways (Merged with S;2006;CF;737-700;Jan;2005;North America;2;2
Ireland;Pembroke Capital Limited;1998;?;737-700;Mar;1997;Europe;2;2
Germany;Condor Flugdienst;1974;PW;727;Apr;1973;Europe;3;3
Hong Kong;CDB Aviation;2016;CF;737-800;Mar;2014;East Asia;6;6
Ireland;Avolon - Ireland;2015;CF;737-800;Sep;2012;Europe;7;7
Ireland;Avia Capital Leasing;2015;CF;737-800;Oct;2010;Europe;12;12
Germany;?;1973;PW;727;Apr;1972;Europe;3;?
India;Air India;1979;PW;747-200;?;1979;South Asia;1;1
Belgium;NATO;1985;PW;707/720;May;1980;Europe;3;3
Canada;Eastern Provincial Airways;1973;?;737-200;?;1972;North America;1;1
USA;Delta Air Lines;1993;PW;MD-80;Jan;1991;North America;1;1
China;Bank of Communications Leasing;2015;CF;737-800;Jun;2013;East Asia;3;3
USA;GATX Financial Corporation;1997;RR;757-200;Jul;1996;North America;1;1
Singapore;SilkAir;2016;CF;?;Nov;2012;Southeast Asia;3;3
Germany;Germania;1987;CF;737-300;?;1986;Europe;2;2
Venezuela;AVENSA;1967;PW;DC-9;Aug;1965;South America;2;2
Malaysia;CALC Aircraft Assets Limited;2019;GE;787-9;Nov;2019;Southeast Asia;1;1
United Kingdom;buzz;1991;CF;737-400;Jun;1987;Europe;1;1
Belgium;SABENA Aerospace;1960;PW;707/720;Feb;1956;Europe;1;1
Spain;AVIACO;1975;PW;DC-9;Jan;1975;Europe;4;?
Turkey;Pegasus Airlines;2008;CF;737-800;Feb;2006;Europe;2;2
USA;United States Navy;2002;CF;737-700C;Jan;2001;North America;1;1
Germany;Deucalion Capital VII Limited;2010;GE;777F;Dec;2005;Europe;4;4
USA;Boullioun Aviation Services;1998;CF;737-400;?;1997;North America;1;1
Netherlands;Air Holland Leasing;1988;RR;757-200;Jun;1987;Europe;3;3
China;China Southern Airlines;2010;?;777F;Feb;2007;East Asia;3;3
Iraq;?;1981;PW;?;?;1980;Middle East;2;2
China;Hebei Airlines Company LTD;2016;CF;737-800;Dec;2013;East Asia;?;3
Norway;Norwegian Air Shuttle;2017;CF;737-800;Jan;2012;Europe;12;12
Spain;Quantum Air S.A.;?;RR;717-200;May;2000;Europe;3;3
United Kingdom;British Airways;1965;PW;707/720;Jan;1965;Europe;2;2
Switzerland;?;2019;GE;777-300ER;May;2018;Europe;2;2
USA;Oak Hill;2012;GE;777F;Apr;2007;North America;2;2
Denmark;Maersk Air;1976;PW;737-200;Jan;1976;Europe;2;2
USA;Wien Air Alaska;1974;PW;737-200;Feb;1973;North America;1;1
Philippines;Philippine Airlines;1996;GE;747-400M;Jan;1996;Southeast Asia;1;1
USA;Polaris Aircraft Leasing;1981;PW;MD-80;Nov;?;North America;1;1
Cyprus;Skyways Leasing;2017;CF;737-800;Dec;2010;Europe;1;1
China;Ruili Airlines;2015;CF;737-700;Dec;2013;East Asia;1;1
Serbia;Pan Adria;1973;PW;DC-9;May;1972;Europe;1;1
Nigeria;Arik Air;?;CF;737-800;Sep;2007;Africa;1;1
Ireland;Timaero Ireland Limited;2016;CF;737-800;Feb;2014;Europe;2;2
United Kingdom;Flightpath;?;CF;737-300;Sep;1986;Europe;1;1
Taiwan;Air Asia Company;1966;PW;727;Feb;1966;Southeast Asia;1;1
India;Jet Airways;2014;?;737-800;Jan;2012;South Asia;4;4
China;China Northern Airlines;1985;PW;MD-80;Jun;1985;East Asia;2;2
Luxembourg;Luxair;1977;PW;?;Jan;1977;Europe;1;1
Mexico;Aeromexico;1974;PW;DC-9;Jan;1973;Central America and Mexico;6;6
Angola;SonAir;2008;CF;737-700;Jun;2006;Africa;1;1
Sweden;Scandinavian Airlines;1966;PW;DC-8;Jan;1965;Europe;1;1
Singapore;MSA-Malaysia/Singapore A/L;1971;PW;737-200;Dec;1970;Southeast Asia;1;1
United Kingdom;BDS UK P-8;2019;CF;737-800A;Mar;2017;Europe;2;2
Japan;Atlantis Aviation Corporation;2021;GE;787-9;Sep;2018;East Asia;2;2
USA;BBAM Aircraft Management LP;2013;CF;737-800;Nov;2007;North America;6;6
USA;Korean Air Force Peace Eye;2010;CF;737-700W;Dec;2006;?;?;2
Germany;Air Berlin;?;CF;737-400;Apr;1993;Europe;1;1
China;China Eastern Airlines Wuhan;1999;CF;737-300;Oct;1997;?;1;1
Costa Rica;Avianca Costa Rica;1979;PW;727;Aug;1978;Central America and Mexico;1;1
USA;BDS U.S. Navy (P-8A Poseidon);2021;CF;737-800A;Jan;2019;North America;5;5
Sweden;Transair Sweden;1967;PW;727;Nov;1966;Europe;2;2
USA;Air Florida;1979;PW;737-200;Jan;1979;North America;1;1
Switzerland;Balair/CTA;1976;PW;DC-9;Feb;1976;Europe;1;1
USA;Seaboard World Airlines;1968;GE;DC-8;Feb;1966;North America;2;2
Egypt;Government of Egypt;1974;PW;707/720;?;1973;Africa;1;1
United Arab Emirates;National Airlines;1967;PW;727;Feb;1966;Middle East;3;3
Uzbekistan;Uzbekistan Airways;2007;PW;767-300ER;Feb;2006;Central Asia;1;1
Mozambique;LAM;1993;PW;767-200ER;Aug;1990;Africa;1;1
Japan;?;1966;?;727;Apr;1965;East Asia;2;2
South Korea;?;1985;CF;737-300;Jan;1985;East Asia;1;1
Bahrain;Gulf Air;2019;RR;787-9;Jan;2008;Middle East;2;2
France;Euralair;1990;CF;737-500;May;1987;Europe;1;1
Russian Federation;?;2014;GE;747-8F;Oct;2014;Europe;1;1
United Kingdom;Virgin Atlantic Airways;2016;RR;787-9;Mar;2007;Europe;3;3
China;?;1992;PW;MD-80;Mar;1990;East Asia;2;2
France;Transavia Company SAS;2016;CF;737-800;Sep;2014;Europe;4;4
China;9 Air;?;CF;737-800;May;2014;East Asia;2;2
Saudi Arabia;Saudi Arabian Airlines;1977;PW;737-200;Feb;1977;Middle East;2;2
Denmark;Sterling Air A/S;1990;RR;757-200;Jan;1989;Europe;1;1
Japan;Government of Japan;1991;GE;747-400;Dec;1987;East Asia;2;2
USA;Braniff Airlines;1979;PW;747-200;Jan;1978;North America;1;1
China;Everbright Financial Leasing;2018;CF;737-800;Feb;2017;East Asia;7;7
South Africa;South African Airways;1967;PW;727;Jan;1966;Africa;2;2
USA;Capitol Air;1969;PW;DC-8;Feb;1967;North America;1;1
United Kingdom;British Royal Air Force;1991;CF;707/720;Feb;1987;Europe;5;5
USA;Voyager Aviation Aircraft Leas;2017;GE;777-300ER;Jul;2014;North America;2;2
Japan;ITOCHU Corporation;1994;GE;?;Nov;?;East Asia;1;1
Nigeria;Midway Airlines;1990;PW;MD-80;May;1987;Africa;1;1
Romania;Socialist Republic of Romania;1979;PW;707/720;Mar;1979;Europe;?;1
United Kingdom;Novair International Airways;1990;CF;737-400;Apr;1990;Europe;1;1
USA;BBAM Aircraft Management LP;2011;CF;737-800;Nov;?;North America;4;4
Germany;dba;1999;CF;737-300;Dec;1997;Europe;2;2
Thailand;Royal Thai Air Force;2007;CF;737-800;Oct;2005;Southeast Asia;1;1
USA;?;1980;PW;747-200;Apr;1979;North America;2;2
USA;Midwest Airlines Inc.;2003;BR;717-200;Apr;2002;North America;11;11
United Arab Emirates;Dubai Aerospace Enterprise;2022;CF;737 MAX;Apr;2021;Middle East;5;5
Yemen;Alyemen Airlines;1984;PW;737-200;Oct;1983;Middle East;2;2
USA;Western Airlines;1963;PW;707/720;Jan;1963;North America;3;3
Belgium;Sobelair;1978;PW;737-200;Oct;1977;Europe;1;1
Ireland;Aer Lingus;1969;PW;737-200;Jan;1966;Europe;2;2
Ireland;Pembroke Capital Limited;1998;CF;737-300;Mar;1997;Europe;1;1
USA;American Airlines;1975;PW;727;Jan;1974;North America;?;6
China;China Cargo;2007;GE;747-400ERF;?;2005;East Asia;1;?
USA;Heller Financial;1998;CF;737-300;Sep;1998;North America;2;2
Netherlands;Sojitz;1998;CF;737-300;Jun;1997;Europe;2;2
Ireland;Standard Chartered Aviation Fi;2018;CF;737-800;Apr;2016;Europe;3;3
South Africa;Comair Limited;2015;CF;737-800;Jun;2010;Africa;2;2
USA;United States Navy;2011;CF;737-800A;?;2011;North America;2;2
United Kingdom;Midland Montagu Leasing;1980;PW;737-200;Dec;1979;Europe;1;1
Morocco;Royal Air Maroc;1995;CF;737-400;Jan;1993;Africa;1;1
Taiwan;Republic of China Air Force;1999;CF;737-800;Nov;1998;Southeast Asia;1;1
Brazil;Varig Airlines;1974;GE;?;Jan;1974;South America;1;1
China;Shandong Airlines;?;CF;737-800;Apr;2014;East Asia;7;7
USA;Itel Air;1979;PW;727;?;1979;North America;2;2
Canada;Air Canada;1991;PW;747-400M;Jan;1989;North America;3;3
USA;DHL;2021;GE;777F;Jun;2019;North America;2;2
United Arab Emirates;Presidential Flight;1978;PW;737-200;Oct;1977;Middle East;1;1
Brazil;VASP Airlines;1969;PW;737-200;Apr;1968;South America;5;5
Hungary;Malev Hungarian Airlines Ltd.;1993;PW;767-200ER;Feb;1991;Europe;2;2
China;Shenzhen Airlines;2016;CF;737-800;Jun;2015;East Asia;2;2
USA;Essex Wire Corp.;1969;PW;737-200;Sep;1969;North America;1;1
Kazakhstan;Air Astana;2014;PW;767-300ER;Feb;2012;Central Asia;1;1
?;Air Berlin;2000;?;737-800;Jan;1999;Europe;4;4
USA;US Airways Inc.;1995;RR;757-200;Jan;1993;North America;7;7
Venezuela;Aeropostal;1978;PW;DC-9;Oct;1977;South America;2;2
Cameroon;Cameroon Airlines;1977;PW;737-200;May;1976;?;1;?
Kenya;Kenya Airways;2004;RR;777-200ER;Mar;2002;?;1;1
Taiwan;Far Eastern Air Transport;1993;PW;MD-80;May;1993;Southeast Asia;2;2
Germany;dba;1998;CF;?;Dec;1997;Europe;4;4
USA;Air Lease Corporation;2016;?;777-300ER;Feb;?;North America;2;2
Indonesia;Garuda Indonesia;1977;GE;DC-10;Feb;1977;Southeast Asia;1;1
China;Air China Cargo;2015;GE;777F;Mar;2013;East Asia;3;3
Reunion;Air Austral;2011;GE;777-200LR;May;2010;Africa;1;1
Canada;Canadian Airlines;1988;GE;767-300ER;Apr;1987;?;4;4
United Kingdom;British Royal Air Force;1992;CF;707/720;Feb;1987;Europe;1;1
India;SpiceJet;2006;CF;737-800;Feb;2005;South Asia;4;4
USA;ATA Airlines Inc.;2002;CF;737-800;?;2000;North America;8;8
Ireland;Aer Lingus;1970;PW;747-100;Jan;1967;Europe;1;1
Japan;Japan Airlines Co. Ltd.;1995;RR;MD-90;Jan;1990;East Asia;2;2
China;Cathay Pacific Airways;1991;?;747-400;Feb;1990;East Asia;3;3
Netherlands;KLM Royal Dutch Airlines;1962;PW;DC-8;Feb;1962;Europe;1;1
USA;?;1968;PW;DC-9;May;1966;North America;3;3
Turkmenistan;Turkmenhowayollary Agency;1992;CF;737-300;Feb;1990;Central Asia;1;1
Jordan;Royal Jordanian;1974;PW;727;May;1973;Middle East;2;?
Russian Federation;Sberbank Leasing;2019;CF;737-800;Feb;2017;Europe;6;6
Ethiopia;Ethiopian Airlines Group;1987;PW;737-200;Jan;1987;Africa;1;1
Singapore;MSA-Malaysia/Singapore A/L;1971;PW;737-200;May;?;Southeast Asia;1;1
Jordan;Royal Jordanian;?;GE;?;Mar;2007;Middle East;1;1
Venezuela;Aeropostal;1968;PW;DC-9;Mar;1967;South America;1;1
Singapore;Singapore Airlines;1993;PW;747-400;Jan;1990;Southeast Asia;4;4
Australia;Trans-Australia Airlines;1974;PW;727;Feb;1974;Oceania;1;1
USA;Boeing Capital Corporation;2019;GE;777F;Dec;2018;North America;1;1
?;LATAM Airlines Brasil;2008;GE;777-300ER;Feb;2007;South America;4;4
Angola;?;2014;GE;777-300ER;Mar;2012;Africa;1;1
China;Shanghai Airlines;1998;PW;767-300;May;1993;East Asia;1;1
USA;Ozark Air Lines;1968;PW;DC-9;May;1966;North America;3;?
USA;Alaska Airlines;1968;PW;?;Jan;1968;North America;1;1
Greece;Olympic Airlines;1968;PW;707/720;Jan;1968;Europe;1;1
United Arab Emirates;flydubai;2011;CF;737-800;Jul;2008;Middle East;10;10
Brunei Darussalam;Royal Brunei Airlines;1986;RR;757-200;May;1985;Southeast Asia;3;3
USA;Ozark Air Lines;1967;PW;DC-9;Jul;1965;North America;3;3
Iraq;Iraqi Airways;1976;PW;747-200;Jan;1975;Middle East;2;2
China;CATIC;1994;PW;MD-80;Mar;1990;East Asia;1;1
United Kingdom;easyJet;2003;CF;737-700;Mar;2000;Europe;?;7
Netherlands;?;1989;CF;737-300;Mar;1988;?;2;2
Pakistan;Pakistan International Airline;1976;GE;DC-10;Mar;?;South Asia;1;1
?;SonAir;2007;CF;737-700;Dec;2005;Africa;1;1
Netherlands;Air France-KLM Group;2016;GE;787-9;Dec;2011;Europe;1;1
Qatar;Qatar Airways;2013;GE;777-300ER;Mar;2011;Middle East;3;3
USA;Transtar Airlines Corporation;?;PW;MD-80;Jul;1981;North America;1;1
United Kingdom;Virgin Atlantic Airways;2015;RR;?;Mar;2007;Europe;?;7
United Kingdom;TUI Travel PLC;2015;GE;787-8;Feb;2007;Europe;2;2
Jamaica;Air Jamaica-See CBL;1974;PW;DC-9;Jun;1973;Caribbean;1;1
USA;Reno Air;1996;RR;MD-90;Jan;1996;?;2;2
USA;FAA;1966;PW;727;Jul;1966;North America;1;?
China;China Eastern Airlines;2012;CF;?;Feb;2008;East Asia;2;2
Argentina;Aerolineas Argentinas;1979;PW;727;Jan;1978;South America;1;1
Italy;Alitalia;1974;GE;DC-10;Mar;1973;Europe;2;2
Nigeria;Federal Government of Nigeria;1982;PW;727;Jul;1982;Africa;1;1
USA;GATX Financial Corporation;1969;PW;727;Apr;1969;North America;2;2
?;Lauda Air;2002;CF;737-800;Jan;1999;Europe;1;1
Egypt;EgyptAir;1968;PW;?;Jun;1966;Africa;1;1
Equatorial Guinea;Ceiba Intercontinental;2014;CF;737-800;Aug;2010;Africa;3;3
?;Dubai Aerospace Enterprise;2014;GE;777F;Oct;2011;Middle East;2;2
?;Ukraine International Airlines;1999;CF;737-300;Dec;1997;Europe;1;1
China;Shandong Airlines;2008;CF;737-800;Jan;2006;East Asia;3;3
Japan;Sumitomo Corporation;1999;CF;737-800;?;?;East Asia;2;2
USA;Ozark Air Lines;1966;PW;DC-9;Feb;1965;North America;3;3
USA;Republic Airlines;1980;PW;727;Jun;1979;?;1;1
USA;Trans Carib Air;1968;GE;DC-8;Mar;1966;North America;1;1
USA;Airlift International;1967;PW;707/720;?;1967;North America;?;1
Turkey;Turkish Airlines;2012;CF;737-900ER;Feb;2010;Europe;7;7
USA;United Airlines;1997;PW;747-400;Jan;1996;North America;2;2
United Arab Emirates;flydubai;?;CF;737-800;Jul;?;?;4;4
Spain;Air Europa;2005;CF;737-800;Feb;2004;Europe;2;2
USA;Bonanza Airlines;1966;PW;DC-9;?;1963;North America;2;2
?;Pan Am World Airways;1976;PW;747-100;Jan;1969;North America;1;1
Switzerland;Swissair;1970;PW;?;Jan;1968;Europe;1;1
China;Ruili Airlines;2018;CF;737-800;May;2014;East Asia;1;1
USA;?;1977;PW;DC-9;Mar;1975;North America;3;3
China;Dragon Aviation Leasing;2015;CF;737-800;Dec;2013;East Asia;?;4
Belgium;Trans European Airways;1980;PW;737-200;Apr;1980;Europe;2;2
Turkmenistan;Turkmenhowayollary Agency;2013;CF;737-800;Mar;2008;Central Asia;2;2
USA;Hughes Airwest Inc.;1968;PW;DC-9;May;?;North America;2;2
Tajikistan;Somon Air;2011;CF;737-900ER;?;2010;Central Asia;2;2
Argentina;Aerolineas Argentinas;1978;PW;727;Jan;1978;South America;2;2
Turkey;Turkish Airlines;2011;?;737-900ER;Feb;2010;Europe;2;2
Bermuda;Novel Leasing;1997;CF;?;Dec;1997;Caribbean;1;1
China;Ruili Airlines;2016;CF;737-700;Dec;2013;East Asia;1;1
USA;DHL;2020;GE;777F;Jun;2018;North America;6;6
USA;Aviation Capital Group;2013;CF;737-800;Jan;2008;North America;4;4
?;City Bird;?;PW;MD-11;Mar;1998;Europe;1;1
Netherlands;?;?;PW;767-300ER;Mar;1988;Europe;1;?
United Kingdom;easyJet;2004;CF;?;Mar;2000;Europe;6;6
USA;Frontier Airlines;1978;PW;737-200;Mar;1978;?;2;2
USA;M&T Aviation USA Inc;1998;CF;737-700;Dec;1996;North America;3;3
Switzerland;Swissair;1960;PW;DC-8;Jan;1956;Europe;2;2
New Zealand;Air New Zealand;2014;RR;787-9;Feb;2007;Oceania;1;1
Congo the Democratic Republic;Lignes Aeriennes de Congolaise;1973;PW;737-200;Feb;1973;Africa;1;1
Netherlands;ITOCHU AirLease B.V.;2000;CF;737-800;Jul;?;Europe;4;4
New Zealand;Air New Zealand;2012;GE;777-300ER;Feb;2009;Oceania;?;1
USA;BDS USAF Tanker Program;2018;PW;767-2C;Jan;2017;North America;7;7
Japan;ITOCHU Corporation;1997;GE;767-200ER;Oct;1994;East Asia;1;1
China;9 Air;2017;CF;737-800;May;2014;East Asia;4;4
Austria;Lauda Air;2001;CF;737-700;Jan;1999;Europe;2;2
Singapore;BOC Aviation Limited;2018;CF;737 MAX;Mar;2017;Southeast Asia;5;5
Belgium;Air Belgium;1991;CF;737-400;Jun;1988;Europe;1;1
Turkey;Turkish Air Force Peace Eagle;2006;CF;737-700W;Aug;2003;Europe;2;2
Germany;TUI Group;1993;CF;737-400;Mar;1993;Europe;1;1
USA;Korean Air Force Peace Eye;2009;CF;737-700W;Dec;2006;North America;1;1
Ghana;Ghana Airways;1978;PW;DC-9;Jun;1977;Africa;1;1
Spain;Iberia Airlines;1973;PW;727;Jan;1972;Europe;13;13
Kuwait;Kuwait Air Force;1992;PW;MD-80;Mar;1992;Middle East;1;1
China;9 Air;2018;CF;737 MAX;May;2014;East Asia;1;1
China;Donghai Airlines;2015;CF;737-800;Dec;2013;East Asia;4;4
Australia;Australian Wedgetail;2006;CF;737-700W;?;2001;Oceania;1;1
USA;Voyager Aviation Aircraft Leas;2016;GE;777-300ER;Jul;2014;North America;2;2
?;Middle East Airlines;1968;PW;707/720;Aug;1968;Middle East;2;2
USA;ATA Airlines Inc.;2000;RR;757-200;Jan;2000;North America;2;2
United Kingdom;Monarch Airlines;1982;PW;737-200;Feb;1981;Europe;2;2
China;Zhongyuan Airlines;1994;CF;737-300;Apr;1993;East Asia;3;3
Germany;?;1999;CF;737-800;Mar;1998;Europe;2;2
Israel;EL AL Israel Airlines;1979;PW;747-200;?;1979;Middle East;1;1
USA;Reno Air;1996;RR;?;Apr;1996;North America;1;1
USA;Aviation Service & Support;1975;PW;707/720;Jan;1975;North America;1;1
Iceland;Icelandair;2018;CF;?;Feb;2013;Europe;3;3
France;Air-Lib;1991;PW;MD-80;Jun;1990;Europe;2;2
China;China Xinjiang Airlines;2002;RR;757-200;Mar;2000;East Asia;1;?
United Kingdom;Paramount Airways - (Inactive);1988;PW;MD-80;Dec;1987;Europe;2;2
USA;?;1983;PW;737-200;Mar;1982;North America;2;2
Japan;ITOCHU Corporation;1995;GE;767-200ER;Nov;1993;East Asia;1;1
Mexico;Government of Mexico;1987;RR;757-200;Nov;1987;Central America and Mexico;1;1
USA;Saturn Airways;1968;GE;DC-8;Feb;1966;North America;1;1
China;China Eastern Airlines Wuhan;1997;CF;737-300;?;1997;East Asia;1;1
USA;Trans Carib Air;1964;PW;DC-8;Apr;1964;North America;1;1
United Kingdom;buzz;1991;CF;737-400;Jun;1991;Europe;1;1
Tunisia;TunisAir;1975;PW;727;Apr;1975;Africa;1;1
USA;Wien Air Alaska;1968;PW;737-200;Jan;1966;North America;1;1
?;Lignes Aeriennes de Congolaise;1974;GE;DC-10;Feb;1973;Africa;1;1
Malta;Air Malta;1993;CF;737-300;Sep;1989;Europe;3;3
Gabon;Air Gabon;1978;PW;737-200;Apr;1977;Africa;1;1
Italy;Air Trading 92;1991;?;MD-80;Jun;1988;Europe;3;3
Bahamas;Bahamasair;1981;PW;737-200;Feb;1980;Caribbean;1;1
USA;FedEx Express;2018;GE;777F;Jan;2017;North America;1;1
Indonesia;Garuda Indonesia;1976;PW;DC-9;Feb;1976;Southeast Asia;3;3
Canada;WestJet;2002;CF;737-700;Feb;2002;North America;2;2
USA;Panagra Cargo;1960;PW;DC-8;Oct;1955;North America;3;3
Romania;TAROM Romanian Air Transport;2003;CF;737-700;Jun;1999;Europe;2;2
Ireland;SMBC Aviation Capital;2013;CF;?;Mar;2008;Europe;6;6
USA;Wien Air Alaska;1969;PW;737-200;Jan;?;North America;1;1
Luxembourg;Cargolux Airlines Internationa;2004;RR;747-400F;Jan;2003;Europe;1;1
Russian Federation;Sberbank Leasing;2018;CF;737-800;Feb;2017;Europe;4;4
Sweden;Linjeflyg;1990;CF;737-500;Aug;1988;Europe;1;1
United Kingdom;BDS UK P-8;2020;CF;737-800A;Jan;2018;Europe;3;3
South Korea;Asiana Airlines;1992;CF;737-400;Apr;1989;?;2;2
Indonesia;Lion Air;2015;CF;737-800;Feb;2008;Southeast Asia;23;23
Taiwan;EVA Air;1995;GE;747-400M;Jan;1995;Southeast Asia;1;1
Cyprus;Skyways Leasing;2017;CF;737-800;?;2007;Europe;1;1
Nauru;Nauru Airlines;1993;CF;737-400;Jan;1991;Oceania;2;2
Sweden;Transair Sweden;1968;PW;727;Aug;1967;Europe;1;1
Slovenia;Adria Airways d.d.;1969;PW;DC-9;Mar;1969;Europe;1;1
Ireland;Aer Lingus;1960;PW;707/720;Mar;1959;?;1;1
USA;US Airways Inc.;1987;CF;737-300;Feb;1986;North America;6;6
Thailand;Thai Airways International;1995;GE;747-400;Mar;1992;Southeast Asia;1;?
China;China Southern Airlines;1987;RR;757-200;Jan;?;East Asia;3;3
Netherlands;Dutch Caribbean Airlines;1982;PW;MD-80;Aug;1982;Europe;2;2
?;Italian Air Force Tanker;2007;GE;767-200ER;Apr;2002;Europe;1;1
Japan;Air Nippon;1999;CF;?;May;1999;?;1;1
Norway;SAS Norway;1999;CF;737-700;Feb;1997;?;2;2
China;Hainan Airlines Holding;2009;CF;737-800;Jan;2006;East Asia;1;1
USA;TWA;1959;PW;707/720;?;1956;North America;8;8
Panama;Copa Airlines;2000;CF;737-700;Jan;1999;Central America and Mexico;4;4
USA;Boullioun Aviation Services;1997;CF;737-300;Jun;1996;North America;2;2
Ireland;DAE Aerospace Enterprise;1995;CF;737-300;Feb;1995;Europe;2;2
Italy;Air Trading 92;1990;PW;MD-80;Sep;1987;Europe;2;2
USA;GATX Financial Corporation;1998;CF;737-800;Jul;1996;North America;1;1
USA;AirTran Airways (Merged with S;2002;BR;717-200;Mar;2002;North America;7;7
Chile;Chilean Air Force Mission;1997;CF;737-500;Sep;1996;South America;1;1
Australia;Qantas Airways;1981;RR;747-200;Jan;1980;Oceania;1;1
Cameroon;Republic of Cameroon;1978;PW;727;Nov;1978;Africa;1;1
France;Republic of France;1991;CF;707/720;?;1987;Europe;3;3
India;Jet Airways;2001;CF;737-800;Jun;1999;South Asia;?;1
Ukraine;Goiania;2012;CF;737-800;Jul;2007;?;2;2
USA;?;1991;GE;767-200ER;May;1989;North America;1;1
France;Air France;1981;PW;727;Jan;1981;Europe;1;1
USA;777 Partners;2022;CF;737 MAX;Mar;2021;North America;2;2
USA;NAS Aviation Services LLC;1996;CF;737-300;Jan;1996;North America;1;1
Singapore;MSA-Malaysia/Singapore A/L;1969;PW;737-100;May;1967;Southeast Asia;5;5
Chile;LATAM Airlines Group;2012;GE;767-300ER;Feb;2011;South America;3;3
Azerbaijan;Silk Way Airlines;2016;GE;747-8F;Feb;2015;Central Asia;1;1
United Kingdom;Monarch Airlines;?;RR;757-200;Apr;1988;Europe;2;2
Belgium;DHL International;2009;GE;767-300F;Feb;2007;Europe;?;3
Ireland;DAE Aerospace Enterprise;1994;PW;767-300ER;Jan;1994;Europe;1;?
Canada;Nordair;1970;PW;737-200;Jan;1967;North America;1;1
Kazakhstan;Air Astana;2013;PW;767-300ER;Feb;2012;Central Asia;2;2
USA;Hawaiian Airlines;1975;PW;DC-9;Feb;1974;North America;4;4
China;?;2001;RR;757-200;Jan;2001;East Asia;1;1
USA;Southwest Airlines;2001;?;737-700;Jan;1998;North America;12;12
Portugal;TAP Portugal;1968;PW;707/720;Feb;1968;Europe;1;1
USA;ATA Airlines Inc.;2001;CF;737-800;Jun;2000;?;5;?
China;ICBC Leasing;2016;CF;?;May;2013;East Asia;8;8
China;Donghai Airlines;2018;CF;737-800;?;2013;East Asia;2;2
Japan;BDS Japan International Tanker;2021;PW;767-2C;Nov;2018;East Asia;1;1
?;Air Siam;1974;GE;DC-10;Sep;1974;Southeast Asia;1;1
Iraq;Republic of Iraq;2014;CF;737-800;Apr;2008;Middle East;5;5
Japan;Mitsui & Co.;1990;GE;MD-11;Dec;1986;East Asia;2;2
Mexico;Aeromexico;2007;CF;737-800;Jan;2006;Central America and Mexico;3;3
Oman;Oman Air (SAOC);2005;CF;737-800;Mar;2004;Middle East;1;?
Belgium;Trans European Airways;1988;CF;737-300;Aug;1986;Europe;2;2
?;Transavia Airlines;1990;CF;737-300;Mar;?;Europe;2;2
Netherlands;ITOCHU AirLease B.V.;1992;GE;767-300ER;Jul;1991;Europe;3;3
Austria;Lauda Air;1999;PW;767-300ER;Jan;1999;Europe;1;1
Madagascar;Air Madagascar;1972;PW;737-200;Mar;1972;Africa;1;1
Japan;Nippon Cargo Airlines;2006;GE;747-400F;Jan;2004;East Asia;1;1
Serbia;Air Serbia;1975;PW;727;Feb;1974;Europe;3;3
Saudi Arabia;?;1967;PW;DC-9;Feb;1965;Middle East;3;3
Brazil;LATAM Airlines Brasil;2012;GE;777-300ER;Aug;2007;South America;4;4
USA;Korean Air Force Peace Eye;2009;CF;737-700W;Jun;2005;North America;1;1
USA;International Lease Finance Co;1994;RR;757-200;Jan;1990;North America;1;1
Spain;Vingreiser AS;1988;PW;MD-80;Sep;1986;Europe;2;2
Brazil;VASP Airlines;1980;PW;727;Jan;1980;South America;4;4
Norway;Busy Bee;1979;PW;737-200;Dec;1979;Europe;1;1
Finland;Finnair;1975;GE;DC-10;Jan;1971;Europe;2;2
Tunisia;TunisAir;1974;PW;727;Apr;1974;Africa;1;?
Portugal;Air Atlantis;1970;PW;DC-9;Jun;1969;?;1;1
French Polynesia;Air Tahiti Nui;2019;GE;787-9;Apr;2015;Oceania;2;2
France;Air France;1973;PW;747-100;Jan;1971;Europe;3;3
Ireland;Ryanair;2002;CF;737-800;Jan;2002;Europe;2;2
Brazil;Cruzeiro;1975;?;737-200;May;1974;South America;6;6
United Kingdom;U-Land Airlines;1997;PW;MD-80;Aug;1996;Europe;2;2
Nauru;Nauru Airlines;1978;PW;737-200;Oct;1977;Oceania;1;1
USA;Trans Carib Air;1967;GE;DC-8;Apr;?;North America;1;1
Australia;Qantas Airways;?;RR;747-100;Jan;1980;Oceania;2;2
USA;PACE Airlines;1968;PW;737-200;Jan;1966;North America;6;6
USA;Business Jet / VIP Customer(s);2012;CF;BBJ2;Jan;2008;North America;1;1
Venezuela;AVENSA;1969;PW;DC-9;Jun;1967;South America;1;1
China;Ruili Airlines;2014;CF;737-700;Dec;2013;East Asia;1;1
Canada;Eldorado Aviation;1980;?;737-200;Aug;1979;North America;1;1
Netherlands;Air France-KLM Group;2018;GE;787-9;Dec;2011;?;5;5
USA;Pro Air;?;CF;737-400;Jun;1997;North America;1;1
China;Kunming Airlines;2014;CF;737-800;Jun;2010;East Asia;2;2
United Kingdom;TUI Travel PLC;2013;GE;787-8;Feb;2005;Europe;4;4
Nigeria;Midway Airlines;1989;PW;MD-80;May;1987;Africa;7;7
Taiwan;UNI Airways;1997;RR;MD-90;?;1995;Southeast Asia;2;2
Peru;FAUCETT;1968;PW;727;Apr;1968;South America;1;1
China;China Eastern Airlines Wuhan;2001;CF;737-800;Jun;1998;East Asia;2;2
USA;United Airlines;2002;RR;757-300;Jan;2001;North America;2;2
Turkey;SunExpress Airlines;2015;CF;737-800;Feb;2014;Europe;5;5
Singapore;SilkAir;2015;CF;737-800;Nov;2012;Southeast Asia;6;6
Vietnam;Vietnam Airlines;2004;PW;777-200ER;Jan;2002;Southeast Asia;2;2
?;Pacific Southwest Airlines;1969;PW;727;Feb;1968;North America;9;9
Kuwait;Kuwait Airways;1994;GE;747-400M;Apr;1992;Middle East;1;1
Italy;Italian Air Force;1974;PW;DC-9;Jan;1973;Europe;2;2
Mexico;Mexicana;1980;PW;727;Feb;1980;Central America and Mexico;2;2
Mozambique;LAM;1973;PW;737-200;Oct;1973;Africa;1;1
Australia;BDS Australia P-8;2017;CF;737-800A;Jan;2016;Oceania;3;3
Belgium;NATO;1982;PW;707/720;May;1980;Europe;4;4
Fiji;Fiji Airways;2021;CF;737 MAX;Mar;2017;Oceania;3;?
India;BDS Indian Navy P-8I;2021;CF;737-800A;Mar;2017;South Asia;2;2
Canada;Nordair;1969;PW;737-200;Jan;1967;North America;1;1
Australia;Virgin Australia;2009;GE;777-300ER;Mar;2007;Oceania;?;3
?;Atlas Air Inc.;1998;GE;747-400F;Jun;1997;North America;5;5
Mexico;VivaAerobus;1992;CF;737-300;Sep;1989;Central America and Mexico;2;2
Japan;Japan Transocean Air;2018;CF;737-800;May;2016;East Asia;1;1
China;China Southern Airlines;2009;GE;777F;Feb;2007;East Asia;2;2
USA;Transamerica Airlines;1973;GE;?;Jan;1972;North America;1;1
Japan;Nippon Cargo Airlines;2013;GE;747-8F;Mar;2007;East Asia;1;1
India;BDS Indian Navy P-8I;2011;CF;737-800A;Sep;2009;?;1;1
Luxembourg;Cargolux Airlines Internationa;2007;RR;747-400F;Feb;2006;Europe;1;1
China;Air China Southwest Branch;1992;CF;?;May;1990;East Asia;3;3
Canada;Canadian Airlines;1995;GE;747-400;Apr;1995;North America;1;1
Reunion;Air Austral;1997;CF;737-300;Dec;1996;Africa;1;1
Ireland;Timaero Ireland Limited;2015;CF;737-800;Feb;2014;Europe;4;4
Canada;CP Air;1969;PW;737-200;Feb;1967;North America;1;1
USA;Air Florida;1980;PW;?;Oct;1980;North America;2;2
Germany;Aero Lloyd;1989;PW;MD-80;Nov;1987;Europe;1;1
Singapore;MSA-Malaysia/Singapore A/L;1968;PW;707/720;May;1967;Southeast Asia;3;3
Kuwait;ALAFCO;2011;CF;737-800;Mar;2007;Middle East;1;1
?;Finans AB Balans;1988;PW;MD-80;Sep;1986;Europe;1;1
USA;Transamerica Airlines;1968;GE;DC-8;?;1966;North America;1;?
?;Pembroke Capital Limited;1999;CF;737-500;Mar;1997;Europe;1;1
USA;Aloha Airlines;1969;PW;737-200;Jan;1968;North America;3;3
USA;Eastern Air Lines;1968;PW;DC-9;Jan;1967;North America;5;5
Jordan;Hashemite Kingdom of Jordan;1980;PW;727;Sep;1980;Middle East;1;1
Indonesia;Lion Air;2014;CF;737-800;Feb;2008;Southeast Asia;16;16
Congo the Democratic Republic;Lignes Aeriennes de Congolaise;1974;PW;737-200;Feb;1973;Africa;2;2
USA;Wien Air Alaska;1968;PW;737-200;Feb;1966;North America;1;1
Japan;Japan Airlines;1964;PW;DC-8;Jan;1964;East Asia;1;1
Bahrain;Gulf Air;1994;GE;767-300ER;Jun;1993;Middle East;2;2
Italy;AIR ITALY S.p.A.;1989;PW;MD-80;Jan;1988;Europe;1;1
Taiwan;?;1995;PW;747-400;Sep;1994;Southeast Asia;1;1
Qatar;Qatar Airways;2010;GE;777-300ER;Apr;2007;Middle East;2;2
Australia;Trans-Australia Airlines;1964;PW;727;Feb;1963;Oceania;2;2
Germany;Air Berlin;2002;CF;?;Feb;2001;Europe;2;2
USA;Midwest Airlines Inc.;2005;BR;717-200;Apr;2002;North America;5;5
India;BDS Indian Navy P-8I;2019;CF;737-800A;Mar;2017;South Asia;1;1
Kenya;Kenya Airways;2003;CF;737-700;Mar;2000;Africa;1;1
USA;Midwest Airlines Inc.;2006;BR;717-200;Apr;2002;North America;3;3
France;AOM French Airlines;1994;PW;MD-80;Sep;1994;Europe;4;4
USA;Pan Am World Airways;1971;PW;747-100;Jan;1969;?;6;6
Peru;?;1995;CF;737-500;Sep;1995;South America;1;1
USA;Air Lease Corporation;2017;RR;787-9;Jan;2016;North America;1;1
USA;Atlas Air Inc.;1999;GE;747-400F;Jun;1997;North America;4;4
USA;Braniff Airlines;1978;PW;727;Feb;1977;North America;6;6
Uruguay;PLUNA;1982;PW;737-200;Mar;1981;South America;3;3
United Arab Emirates;Etihad Airways;2011;GE;777-300ER;Mar;2008;Middle East;2;2
Madagascar;Air Madagascar;1969;PW;737-200;Jul;1968;Africa;1;1
USA;?;2020;CF;737-800A;Jan;2018;North America;3;3
Mexico;Aeromexico;1980;PW;DC-9;Jan;1979;Central America and Mexico;6;6
Israel;Arkia Israeli Airlines;1983;PW;737-200;Jun;1981;Middle East;2;2
USA;NAS Aviation Services LLC;1997;CF;737-300;Jan;1996;North America;16;16
Australia;Australian Airlines Limited;1987;CF;?;Jun;1985;Oceania;4;4
Dominican Republic;Dominicana Airlines;1975;PW;727;Apr;1975;Caribbean;1;1
Norway;SAS Norway;2000;?;737-700;Feb;1997;Europe;2;?
USA;Bonanza Airlines;1966;PW;DC-9;Jul;1966;North America;1;1
China;Jade Cargo International;2006;GE;747-400ERF;Aug;?;East Asia;2;2
Singapore;Singapore Airlines;1992;PW;747-400;Jan;1990;Southeast Asia;2;2
France;Air France;1972;PW;727;Jan;1971;Europe;3;3
Colombia;Avianca;1967;PW;727;Jan;1967;South America;2;2
Netherlands;KLM Royal Dutch Airlines;1983;GE;747-300;Jan;1982;Europe;1;1
USA;NEA Holdings Inc.;1968;PW;727;May;1968;North America;3;3
Nigeria;Midway Airlines;1990;?;MD-80;Apr;1988;Africa;1;1
Taiwan;Air Asia Company;1966;PW;727;Jan;1966;Southeast Asia;1;1
Russian Federation;Aeroflot - Russian Airlines;2016;GE;777-300ER;Feb;2011;Europe;1;1
Sweden;Malmo Aviation;1991;PW;MD-80;May;1989;Europe;1;1
Brazil;Panair do Brasil;1961;PW;DC-8;Oct;1955;South America;2;2
?;Scandinavian Airlines;1986;PW;MD-80;Jan;1985;Europe;5;5
Japan;Japan ASDF Tanker;2006;GE;767-200ER;Jun;?;East Asia;1;1
Australia;?;2005;CF;737-800;Jan;2004;Oceania;2;2
Nepal;Nepal Airlines Corporation;1987;RR;757-200;Feb;1986;South Asia;1;1
Serbia;Air Serbia;1974;PW;727;Feb;1974;Europe;1;1
Ireland;Irish Aerospace;1989;PW;MD-80;Oct;1989;Europe;1;1
Belgium;Sobelair;1992;CF;737-400;Jun;1988;?;1;1
China;CAAC-Civil Aviation of China;1985;PW;737-200;May;1985;East Asia;5;5
United Kingdom;Orion Airways;1981;PW;737-200;Oct;1979;Europe;3;3
Canada;Eastern Provincial Airways;1969;PW;737-200;Nov;1969;North America;2;2
Nigeria;Nigeria Airways;1977;GE;DC-10;Jan;1977;Africa;1;1
USA;Laker Airways (Bahamas);1972;GE;?;Feb;1972;North America;2;2
Japan;All Nippon Airways Co. Ltd.;1993;GE;747-400;?;1986;East Asia;1;1
Norway;BDS Norway P-8;2021;CF;737-800A;?;2019;Europe;5;5
?;Sriwijaya Air;2015;CF;?;May;2015;Southeast Asia;2;2
China;Shanghai Airlines;1999;PW;767-300;May;1993;East Asia;1;1
Algeria;Tassili Airlines;?;CF;737-800;May;2017;Africa;3;3
India;Jet Lite;2009;CF;737-800;Jan;2006;South Asia;1;1
Canada;Air Canada;1966;PW;DC-8;Feb;1965;North America;2;2
Venezuela;Republic of Venezuela;1976;PW;737-200;Jan;1976;South America;1;1
Ecuador;TAME;1980;PW;727;Sep;?;South America;1;1
United Kingdom;MyTravel Airways;1994;?;767-300ER;Aug;1993;Europe;2;2
Egypt;AMC Airlines;1997;RR;MD-90;Mar;1997;Africa;1;1
Indonesia;Pelita Air Service;1975;PW;707/720;Dec;1974;Southeast Asia;1;1
USA;BBAM Aircraft Management LP;2014;CF;737-800;Nov;2007;North America;4;4
India;SpiceJet;2009;CF;737-800;Apr;2007;South Asia;1;1
United Arab Emirates;Emirates;2012;GE;777-300ER;Apr;2010;Middle East;12;12
Egypt;EgyptAir;2016;CF;737-800;Feb;2016;Africa;1;1
?;?;1969;GE;DC-8;Apr;1968;North America;2;2
USA;International Lease Finance Co;1994;CF;737-300;Jan;1990;North America;1;1
United Arab Emirates;Dubai Aerospace Enterprise;2021;CF;737 MAX;Apr;2021;Middle East;4;4
?;Swiss International Air Lines;2017;GE;777-300ER;Apr;?;Europe;2;2
United Kingdom;Jet2.com Ltd;2017;?;737-800;Sep;2015;Europe;14;14
Australia;Ansett Worldwide Av. Equipment;1987;CF;737-300;Apr;1986;Oceania;4;4
Taiwan;China Airlines;1980;PW;747-200;Jan;1979;Southeast Asia;1;1
Yemen;Yemenia;1979;?;727;Dec;1977;Middle East;4;4
Kenya;?;1970;PW;DC-9;Apr;1970;Africa;1;1
USA;Pacific Northern;1962;PW;707/720;Apr;1961;North America;2;2
USA;AirTran Airways (Merged with S;2001;BR;717-200;Apr;2001;North America;2;2
USA;Tigerair;1974;PW;727;Apr;1973;North America;2;2
USA;Aloha Airlines;1970;?;737-200;Jan;1968;North America;1;1
USA;Airlift International;1963;PW;DC-8;Feb;1963;North America;1;1
?;CSA;2000;CF;737-400;Jan;1999;Europe;2;2
?;DAE Aerospace Enterprise;1993;RR;757-200;Feb;1993;Europe;1;1
United Kingdom;Virgin Atlantic Airways;2017;RR;787-9;?;2007;Europe;1;1
Ireland;Avia Capital Leasing;2014;CF;737-800;Oct;2010;Europe;5;5
USA;Tigerair;1973;PW;727;Sep;1972;North America;2;2
Canada;Transair (Inactive);?;PW;737-200;Nov;1973;North America;1;1
Australia;BDS Australia P-8;2019;CF;737-800A;?;2017;?;4;4
Canada;Nordair;1968;PW;?;Jan;1967;North America;1;1
Russian Federation;UTair Aviation;2014;CF;737-800;Sep;2011;Europe;5;5
Ireland;AerCap;2018;CF;737 MAX;Jun;2015;Europe;5;5
USA;Flying Tiger;1969;GE;DC-8;Feb;1968;North America;3;?
Italy;Alitalia;1968;PW;DC-8;Jan;1966;Europe;2;2
Luxembourg;Luxair;1978;PW;737-200;Jan;1977;Europe;1;1
El Salvador;Avianca El Salvador;1991;GE;767-300ER;Aug;1991;Central America and Mexico;1;1
USA;Eastwind Airlines;?;CF;737-700;Oct;1997;North America;2;2
United Kingdom;West Coast Airlines - UK (Inac;1966;PW;DC-9;Feb;1965;Europe;3;3
Norway;Norwegian Air Shuttle;2018;CF;?;Jan;2012;Europe;6;6
Nauru;Nauru Airlines;1975;PW;737-200;Jul;1974;Oceania;1;1
Romania;Socialist Republic of Romania;1974;PW;707/720;Mar;1973;Europe;1;1
Cameroon;Cameroon Airlines;1972;PW;707/720;May;1972;Africa;1;1
Afghanistan;Ariana Afghan Airlines;1970;PW;727;Apr;1969;Central Asia;1;1
China;Okay Airways Company Limited;2016;CF;737-800;May;2014;East Asia;1;1
USA;Transtar Airlines Corporation;?;PW;MD-80;Jan;1982;North America;2;2
China;China Cargo;2020;GE;777F;May;2020;East Asia;2;2
Vietnam;Vietnam Airlines;2015;GE;787-9;Nov;2005;Southeast Asia;4;4
Germany;Bavaria;1998;CF;737-700;Jan;1995;Europe;2;2
Oman;Oman Air (SAOC);2003;CF;737-800;Apr;2001;Middle East;1;1
Angola;TAAG Angola Airlines;1985;PW;737-200;Jan;1985;Africa;1;1
Bahrain;Gulf Air;2018;RR;787-9;Jan;2008;Middle East;5;5
Gibraltar;GB Airways;1998;CF;737-300;?;1997;Europe;2;2
USA;Air Florida;1980;PW;737-200;Jan;1979;North America;1;1
USA;Southern Air Transport;1966;PW;727;Feb;1966;North America;1;1
Denmark;Sterling Air A/S;1991;RR;757-200;Jan;1989;Europe;2;2
Italy;Alitalia;1960;RR;DC-8;Mar;1958;Europe;4;4
USA;Reno Air;1997;RR;MD-90;?;?;North America;2;2
Trinidad and Tobago;BWIA;1979;PW;DC-9;Jul;1978;Caribbean;1;1
Canada;Quebecair;1981;PW;737-200;?;1979;North America;1;1
Spain;AVIACO;1976;PW;DC-9;Mar;1975;Europe;4;4
Saudi Arabia;Dream Aviation Ltd.;1999;GE;777-200ER;Nov;1998;Middle East;1;1
?;NAS Aviation Services LLC;1996;GE;767-300ER;Jan;1996;North America;1;1
Netherlands;Sojitz;1991;RR;757-200;Apr;1988;Europe;1;1
USA;BDS USAF Tanker Program;2018;PW;767-2C;Aug;2016;North America;3;3
Singapore;SilkAir;2014;CF;737-800;Nov;?;Southeast Asia;8;8
?;American Airlines;1980;?;727;Jan;1979;North America;10;10
USA;GATX Jet Partners Ltd.;2001;CF;737-800;May;2000;North America;4;4
Syrian Arab Republic;Syrianair;1976;PW;?;Dec;1974;Middle East;2;2
Australia;Qantas Airways;1980;RR;747-200;Jan;1980;Oceania;2;2
Netherlands;Martinair Cargo;1988;GE;747-200;Apr;1986;Europe;1;1
Taiwan;EVA Air;1991;GE;767-300ER;May;1991;Southeast Asia;2;2
Belgium;Brussels Airlines SA/NV;1996;CF;737-300;Dec;1995;Europe;2;2
Malta;Air Malta;1987;PW;737-200;Aug;1986;Europe;2;2
China;?;2013;GE;777F;Mar;2013;East Asia;1;1
USA;International Lease Finance Co;1994;CF;737-400;Jan;1990;North America;1;1
Spain;Air Europa;2012;CF;737-800;Mar;2006;Europe;2;2
South Africa;Comair Limited;2016;CF;737-800;Jun;?;Africa;?;2
USA;Flying Tiger;1969;GE;DC-8;Aug;1967;North America;?;4
USA;Pacific Southwest Airlines;1966;PW;727;Jan;1966;North America;1;1
Ireland;SMBC Aviation Capital;2011;CF;737-800;Mar;2008;Europe;2;2
Canada;Pacific Western Airlines;1985;PW;737-200;Apr;1984;North America;1;1
USA;MarkAir;1984;PW;737-200;Dec;1982;North America;4;4
China;Hainan Airlines Holding;2008;CF;737-800;Jan;2006;East Asia;3;3
USA;Aviation Capital Group;2012;CF;737-800;Jan;2008;North America;2;2
Ethiopia;Ethiopian Airlines Group;1965;PW;707/720;?;1965;Africa;1;1
