l'orangerie;903 n. la cienega blvd.;los angeles;310/652-9770;french;11
arnie morton's of chicago;435 s. la cienega blvd.;?;?;?;0
?;12224 ventura blvd.;studio city;818/762-1221;?;?
art's deli;?;?;818-762-1221;delis;?
?;?;?;?;?;?
bel-air hotel;701 stone canyon rd.;?;?;?;?
?;?;sherman oaks;?;?;3
cafe bizou;14016 ventura blvd.;?;?;french bistro;?
?;624 s. la brea ave.;los angeles;?;?;4
campanile;624 s. la brea ave.;los angeles;?;californian;?
chinois on main;2709 main st.;?;310/392-9025;?;?
?;?;?;310-392-9025;pacific new wave;?
?;6703 melrose ave.;?;213/857-0034;californian;?
citrus;?;?;213-857-0034;californian;?
?;8358 sunset blvd. west;?;?;american;?
?;?;w. hollywood;213-848-6677;french (new);7
?;?;?;310/456-0488;californian;8
?;?;?;310-456-0488;californian;8
?;?;los angeles;310/276-0615;american;9
grill  the;9560 dayton way;?;?;american (traditional);?
restaurant katsu;?;los angeles;?;?;10
katsu;?;?;?;japanese;?
?;?;los angeles;?;american;0
l'orangerie;?;w. hollywood;310-652-9770;french (classic);?
le chardonnay;8284 melrose ave.;los angeles;213/655-8880;french;12
le chardonnay (los angeles);8284 melrose ave.;los angeles;213-655-8880;french bistro;12
?;3rd st.;?;?;italian;13
?;?;?;310-274-1893;italian;13
?;129 n. la cienega blvd.;beverly hills;310/659-9639;asian;?
?;129 n. la cienega blvd.;?;310-659-9639;?;?
?;9001 santa monica blvd.;?;310/550-8811;american;?
?;9001 santa monica blvd.;?;310-550-8811;steakhouses;15
?;?;los angeles;213/467-1108;?;?
?;?;los angeles;213-467-1108;?;?
?;?;los angeles;?;?;17
?;?;?;213-628-3781;cafeterias;?
?;?;?;818/990-0500;?;18
pinot bistro;12969 ventura blvd.;?;818-990-0500;?;18
rex il ristorante;?;los angeles;213/627-2300;?;19
?;617 s. olive st.;?;?;?;?
spago;1114 horn ave.;los angeles;?;?;?
spago (los angeles);?;w. hollywood;310-652-4025;californian;20
valentino;3115 pico blvd.;santa monica;?;italian;21
valentino;?;?;310-829-4313;?;21
?;67 n. raymond ave.;los angeles;?;?;22
?;?;pasadena;?;chinese;22
21 club;21 w. 52nd st.;?;212/582-7200;american;23
21 club;21 w. 52nd st.;new york city;212-582-7200;?;23
aquavit;?;?;?;continental;?
?;13 w. 54th st.;new york city;?;?;24
aureole;?;?;?;american;?
aureole;34 e. 61st st.;?;?;american (new);?
?;?;new york;?;coffee bar;?
cafe lalo;?;new york city;212-496-6031;coffeehouses;?
?;1 w. 67th st.;new york;212/877-3500;continental;?
?;1 w. 67th st.;new york city;212-877-3500;french (classic);?
carmine's;2450 broadway  between 90th and 91st sts.;?;212/362-2200;?;28
?;?;new york city;?;italian;28
carnegie deli;854 7th ave.  between 54th and 55th sts.;new york;?;delicatessen;?
carnegie deli;854 seventh ave.;new york city;?;?;29
chanterelle;?;new york;212/966-6960;?;?
chanterelle;?;new york city;212-966-6960;french (new);?
daniel;?;?;?;french;?
daniel;20 e. 76th st.;new york city;212-288-0033;?;31
dawat;?;?;?;?;?
dawat;?;new york city;212-355-7555;indian;32
felidia;243 e. 58th st.;new york;?;?;33
?;243 e. 58th st.;new york city;?;italian;33
?;?;?;212/754-9494;american;?
?;99 e. 52nd st.;new york city;?;?;?
gotham bar & grill;12 e. 12th st.;new york;?;?;35
gotham bar & grill;?;new york city;?;american (new);35
gramercy tavern;42 e. 20th st.  between park ave. s and broadway;?;212/477-0777;american;?
gramercy tavern;42 e. 20th st.;?;212-477-0777;american (new);36
?;402 w. 44th st.;new york;?;?;?
island spice;402 w. 44th st.;new york city;?;caribbean;37
jo jo;160 e. 64th st.;?;212/223-5656;american;?
?;?;new york city;212-223-5656;?;38
?;33 w. 55th st.;?;?;french;39
?;?;?;212-586-4252;?;?
?;60 w. 55th st.  between 5th and 6th ave.;?;212/688-6525;?;?
la cote basque;?;new york city;212-688-6525;french (classic);?
?;?;new york;212/489-1515;french;41
le bernardin;?;?;?;?;41
les celebrites;160 central park s;new york;?;?;42
?;155 w. 58th st.;?;212-484-5113;french (classic);?
lespinasse;2 e. 55th st.;?;?;american;43
lespinasse (new york city);?;?;?;asian;43
lutece;249 e. 50th st.;?;?;?;?
lutece;?;?;?;?;?
?;?;new york;212/ 371-7777;?;?
manhattan ocean club;?;?;212-371-7777;?;?
?;?;new york;212/754-6272;?;46
march;405 e. 58th st.;new york city;212-754-6272;?;46
mesa grill;102 5th ave.  between 15th and 16th sts.;?;212/807-7400;american;?
?;?;new york city;?;?;?
?;?;new york;212/627-8273;mexican;?
mi cocina;57 jane st.;new york city;?;mexican;?
?;?;?;212/ 219-2777;?;49
montrachet;239 w. broadway;new york city;212-219-2777;french bistro;?
?;55 e. 54th st.;?;212/759-5941;?;50
oceana;55 e. 54th st.;new york city;?;seafood;?
park avenue cafe;?;?;212/644-1900;?;51
?;100 e. 63rd st.;new york city;212-644-1900;american (new);?
?;182 w. 58th st.;?;212/245-2214;french;52
?;182 w. 58th st.;new york city;?;?;52
picholine;35 w. 64th st.;new york;212/724-8585;mediterranean;?
picholine;35 w. 64th st.;?;?;?;53
pisces;?;?;?;?;?
?;?;?;?;seafood;?
?;30 rockefeller plaza;?;?;or 212/632-5100 american;?
rainbow room;30 rockefeller plaza;?;212-632-5000;?;55
river cafe;1 water st. at the east river;?;?;?;?
?;?;brooklyn;?;?;56
san domenico;240 central park s;new york;?;italian;57
?;?;new york city;212-265-5959;?;?
?;?;new york;212/677-0606;?;?
second avenue deli;156 second ave.;?;212-677-0606;?;?
seryna;?;new york;212/980-9393;asian;?
?;11 e. 53rd st.;?;212-980-9393;japanese;?
shun lee west;?;?;212/371-8844;asian;?
shun lee palace;?;new york city;212-371-8844;?;60
?;?;?;?;american;61
?;?;new york city;212-861-8080;?;?
?;201 e. 49th st.;new york;212/753-1530;?;62
smith & wollensky;?;?;212-753-1530;steakhouses;62
tavern on the green;in central park at 67th st.;new york;212/873-3200;?;?
tavern on the green;central park west;new york city;212-873-3200;american (new);63
?;?;?;?;?;64
?;747 ninth ave.;new york city;212-245-7992;greek;?
?;?;new york;?;?;65
union square cafe;?;?;?;?;65
virgil's;?;new york;?;american;?
?;?;new york city;?;bbq;?
?;?;?;?;asian;?
?;?;las vegas;?;?;67
coyote cafe;?;?;?;?;?
?;3799 las vegas blvd. s.;?;702-891-7349;?;68
le montrachet;?;las vegas;?;continental;69
le montrachet bistro;?;?;702-732-5651;french bistro;69
palace court;?;?;?;continental;70
palace court;?;las vegas;?;?;70
second street grille;200 e. fremont st.;las vegas;?;?;?
?;200 e. fremont st.;las vegas;702-385-6277;?;?
?;2880 las vegas blvd. s;?;702/734-0410;?;72
steak house  the;2880 las vegas blvd. s.;?;?;?;?
tillerman;2245 e. flamingo rd.;las vegas;702/731-4036;seafood;73
?;?;las vegas;702-731-4036;?;73
abruzzi;2355 peachtree rd.  peachtree battle shopping center;?;?;italian;?
abruzzi;2355 peachtree rd. ne;atlanta;?;italian;74
bacchanalia;?;atlanta;404/365-0410;?;75
?;3125 piedmont rd.;?;404-365-0410;californian;?
?;?;?;?;?;76
?;?;atlanta;404-237-2663;steakhouses;?
?;3393 peachtree rd.  lenox square mall  near neiman marcus;?;?;?;?
?;?;atlanta;?;?;77
?;?;?;?;?;78
?;3073 piedmont rd.;?;404-262-3336;american (new);?
ciboulette;1529 piedmont ave.;?;404/874-7600;?;?
?;1529 piedmont ave.;atlanta;?;?;?
delectables;1 margaret mitchell sq.;atlanta;?;american;80
delectables;1 margaret mitchell sq.;?;?;?;?
?;2290 peachtree rd.  peachtree square shopping center;atlanta;?;?;?
georgia grille;2290 peachtree rd.;atlanta;404-352-3517;?;81
?;490 e. paces ferry rd.;?;404/233-7673;?;82
?;?;?;404-233-7673;?;82
?;595 piedmont ave.  rio shopping mall;atlanta;?;asian;?
?;?;?;404-876-4408;indian;?
?;?;atlanta;404/876-0676;?;84
?;1397 n. highland ave.;atlanta;?;eclectic;84
la grotta;?;?;?;italian;85
?;2637 peachtree rd. ne;?;?;?;85
?;?;atlanta;?;southern;?
mary mac's tea room;?;atlanta;404-876-1800;?;86
?;255 courtland st.  at harris st.;?;?;continental;87
?;255 courtland st.;?;?;?;?
?;1232 w. paces ferry rd.;?;?;international;88
?;?;atlanta;?;american (new);?
?;3434 peachtree rd.;?;404/237-2700;?;89
ritz-carlton cafe (buckhead);3434 peachtree rd. ne;?;404-237-2700;american (new);?
?;?;atlanta;?;?;?
ritz-carlton dining room (buckhead);3434 peachtree rd. ne;atlanta;404-237-2700;?;90
?;?;?;?;?;?
?;?;atlanta;?;french (classic);91
toulouse;?;atlanta;?;french;?
toulouse;293-b peachtree rd.;atlanta;?;?;?
?;41 14th st.;atlanta;?;?;?
veni vidi vici;?;atlanta;?;?;?
?;126 clement st.;san francisco;415/387-0408;french;94
?;126 clement st.;?;415-387-0408;?;94
?;?;san francisco;415/956-9662;seafood;95
?;252 california st.;san francisco;415-956-9662;?;?
boulevard;?;san francisco;?;?;?
boulevard;1 mission st.;?;415-543-6084;?;?
cafe claude;7 claude la.;?;?;?;97
?;7 claude ln.;san francisco;415-392-3505;french bistro;97
?;340 stockton st.;san francisco;?;american;?
campton place;340 stockton st.;san francisco;?;american (new);98
chez michel;?;san francisco;415/775-7036;french;99
?;804 north point st.;?;?;californian;99
fleur de lys;?;san francisco;415/673-7779;french;100
?;777 sutter st.;?;415-673-7779;?;?
fringale;570 4th st.;?;?;?;?
?;?;?;415-543-0573;french bistro;?
?;22 hawthorne st.;?;415/777-9779;?;102
?;22 hawthorne st.;san francisco;?;californian;?
khan toke thai house;?;?;415/668-6654;asian;103
khan toke thai house;5937 geary blvd.;?;415-668-6654;thai;103
la folie;?;?;415/776-5577;?;?
la folie;?;?;?;?;?
lulu;?;san francisco;415/495-5775;mediterranean;?
?;816 folsom st.;san francisco;?;?;105
masa's;?;?;415/989-7154;french;?
?;648 bush st.;san francisco;?;?;?
?;1737 post st.;?;?;?;?
mifune;?;san francisco;415-922-0337;japanese;107
plumpjack cafe;3201 fillmore st.;san francisco;?;?;?
?;?;san francisco;415-563-4755;american (new);?
postrio;545 post st.;?;?;?;109
?;?;?;?;californian;?
?;600 stockton st.;san francisco;415/296-7465;?;110
ritz-carlton dining room (san francisco);600 stockton st.;san francisco;415-296-7465;?;?
?;532 columbus ave.;san francisco;415/399-0499;italian;111
?;?;?;415-399-0499;italian;?
adriano's ristorante;?;los angeles;310/475-9807;italian;112
?;?;beverly hills;?;american;?
?;?;?;310/456-5733;?;114
bistro garden;176 n. canon dr.;los angeles;310/550-3900;?;?
?;4th st.;los angeles;310/451-1655;mexican;116
?;?;santa monica;310/451-0616;?;117
ca'brea;346 s. la brea ave.;?;213/938-2863;?;?
ca'del sol;4100 cahuenga blvd.;?;818/985-4669;?;?
?;?;los angeles;213/239-6500;californian;?
?;207 s. beverly dr.;los angeles;?;californian;?
?;419 n. fairfax ave.;?;213/651-2030.;?;?
?;3rd st.;los angeles;213/658-8898;mediterranean;123
?;?;?;?;?;124
chan dara;310 n. larchmont blvd.;los angeles;213/467-1052;asian;?
clearwater cafe;?;?;?;health food;?
?;?;?;310/275-5200;?;127
dive!;?;?;310/788-;?;?
?;?;?;?;italian;129
drai's;?;?;?;french;?
dynasty room;930 hilgard ave.;los angeles;?;?;131
eclipse;?;?;310/724-5959;californian;132
?;?;?;310/659-1952;american;?
?;?;los angeles;213/734-2773;?;?
?;?;?;310/392-3901;american;?
?;4 fish 17300 pacific coast hwy. at sunset blvd.;pacific palisades;?;american;136
hard rock cafe;?;los angeles;310/276-7605;american;?
?;?;los angeles;310/277-2333;italian;138
?;?;los angeles;?;italian;139
?;10668 w. pico blvd.;?;310/837-6662;?;140
jackson's farm;?;los angeles;?;?;?
jimmy's;?;los angeles;310/552-2394;?;?
?;9255 sunset blvd.;?;310/276-1886;asian;?
le colonial;?;?;?;asian;?
?;?;?;310/659-6919;?;145
?;?;?;?;?;146
?;679 n. spring st.;?;213/628-6717;asian;147
morton's;?;los angeles;310/276-5205;?;?
nate 'n' al's;?;los angeles;310/274-0101;american;?
?;601 s. figueroa st.;?;?;american;?
ocean avenue;1401 ocean ave.;?;?;?;151
?;11705 national blvd.;?;?;?;152
pacific dining car;6th st.;los angeles;213/483-6000;?;?
paty's;10001 riverside dr.;?;818/761-9126;?;154
?;1448 n. gower st.;los angeles;?;?;?
posto;?;?;818/784-4400;italian;?
prego;?;?;310/277-7346;?;?
rj's the rib joint;?;los angeles;?;?;?
?;3rd st. promenade;santa monica;?;?;?
restaurant horikawa;111 s. san pedro st.;los angeles;213/680-9355;asian;160
roscoe's house of chicken 'n' waffles;?;?;213/466-9329;american;?
?;3110 main st.;los angeles;?;?;162
?;3rd st.;los angeles;?;mediterranean;?
?;?;los angeles;213/653-5858;american;164
?;7371 melrose ave.;los angeles;?;?;165
the mandarin;430 n. camden dr.;?;310/859-0926;?;166
?;7313 melrose ave.;?;?;asian;167
tra di noi;?;?;?;?;?
trader vic's;9876 wilshire blvd.;los angeles;310/276-6345;asian;169
?;1930 north hillhurst ave.;los feliz;213/660-4446;?;170
west beach cafe;60 n. venice blvd.;los angeles;310/823-5396;american;171
?;?;?;?;asian;?
9 jones street;?;new york;?;?;173
adrienne;?;new york;212/903-3918;?;174
?;?;new york;?;?;?
aja;?;new york;?;?;176
alamo;?;?;?;?;?
?;?;new york;?;american;?
?;1 united nations plaza at 44th st.;?;?;?;?
?;2 park ave. at 32nd st.;new york;212/684-2122;american;180
?;222 e. 58th st.  between 2nd and 3rd aves.;?;212/308-0112;?;181
arizona;?;?;?;american;?
arturo's;106 w. houston st.  off thompson st.;new york;?;?;?
?;200-250 vesey st. world financial center;?;?;?;184
bar anise;?;?;?;mediterranean;185
barbetta;321 w. 46th st.;?;?;?;186
ben benson's;123 w. 52nd st.;new york;212/581-8888;?;?
big cup;228 8th ave.  between 21st and 22nd sts.;new york;212/206-0059;?;?
?;948 1st ave.  between 52nd and 53rd sts.;new york;?;american;189
boca chica;?;new york;?;latin american;190
bolo;?;?;?;?;?
?;?;?;?;asian;192
?;?;?;?;?;193
brothers bar-b-q;?;?;212/727-2775;american;?
bruno;?;new york;212/688-4190;?;195
?;?;?;?;american;196
?;?;?;212/254-1200;?;197
?;?;new york;?;?;198
?;1486 2nd ave.  between 77th and 78th sts.;?;?;?;199
?;?;new york;212/484-5120;french;?
?;69 w. 71st st.;new york;212/724-5846;coffee bar;?
?;?;?;?;?;202
?;2 e. 61st st.;new york;?;?;?
?;200 park ave.  between 45th st. and vanderbilt ave.;new york;?;?;204
cafe fes;246 w. 4th st. at charles st.;?;?;?;?
?;?;?;?;?;206
caffe dell'artista;?;?;212/645-4431;?;207
caffe lure;?;new york;212/473-2642;french;208
caffe reggio;119 macdougal st.  between 3rd and bleecker sts.;new york;212/475-9557;coffee bar;?
caffe roma;?;new york;212/226-8413;?;210
caffe vivaldi;?;?;212/691-7538;?;?
caffe bondi ristorante;7 w. 20th st.;?;?;?;212
capsouto freres;451 washington st.  near watts st.;new york;212/966-4900;french;?
captain's table;?;?;212/697-9538;seafood;?
casa la femme;150 wooster st.  between houston and prince sts.;new york;212/505-0005;middle eastern;?
?;45 mercer st.  between broome and grand sts.;?;?;?;?
?;?;new york;?;french;217
chiam;?;?;212/371-2323;?;?
?;60 w. 53rd st.;new york;212/333-7788;?;?
cite;120 w. 51st st.;?;212/956-7100;french;220
coco pazzo;23 e. 74th st.;?;212/794-0205;?;?
?;?;?;?;coffee bar;?
corrado cafe;?;?;212/753-5100;?;?
?;?;new york;212/465-1530;coffee bar;224
?;?;?;212/343-1212;?;?
dean & deluca;121 prince st.;?;?;coffee bar;226
diva;?;new york;?;italian;227
?;?;?;212/645-8023;french;228
docks;633 3rd ave. at 40th st.;new york;?;?;229
?;157 duane st.  between w. broadway and hudson st.;?;?;american;?
el teddy's;219 w. broadway  between franklin and white sts.;?;212/941-7070;?;?
emily's;1325 5th ave. at 111th st.;new york;?;american;232
?;6 e. 32nd st.;new york;212/725-1333;asian;?
?;?;?;?;?;234
?;?;?;212/744-3266;asian;?
?;?;new york;212/226-4621;italian;?
felix;340 w. broadway at grand st.;?;?;french;?
ferrier;29 e. 65th st.;?;212/772-9000;?;?
fifty seven fifty seven;?;?;?;american;?
?;635 9th ave.  between 44th and 45th sts.;?;?;?;240
fiorello's roman cafe;1900 broadway  between 63rd and 64th sts.;?;212/595-5330;italian;241
?;?;?;?;american;?
first;?;?;212/674-3823;american;?
?;73 w. 71st st.;new york;?;seafood;?
?;348 e. 62nd st.;new york;212/355-2020;coffee bar;245
?;?;?;?;?;246
follonico;?;?;?;?;247
?;?;new york;212/269-0144;?;248
french roast;?;?;?;french;249
french roast cafe;2340 broadway at 85th st.;?;212/799-1533;?;250
frico bar;?;new york;?;italian;251
?;?;new york;212/769-1144;?;?
?;?;new york;?;?;?
gallagher's;228 w. 52nd st.;?;212/245-5336;?;254
gianni's;15 fulton st.;?;212/608-7300;?;?
?;?;new york;212/752-3054;?;?
?;33 93 2nd ave.  between 5th and 6th sts.;new york;212/477-8427;?;257
?;18 e. broadway at catherine st.;new york;?;asian;258
grand ticino;228 thompson st.  between w. 3rd and bleecker sts.;new york;?;italian;?
halcyon;151 w. 54th st.  in the rihga royal hotel;new york;212/468-8888;american;?
hard rock cafe;221 w. 57th st.;?;212/489-6565;american;261
?;1340 1st ave. at 72nd st.;new york;212/249-3600;american;262
?;20 cornelia st.  between bleecker and w. 4th st.;?;?;american;?
?;?;?;212/786-1500;?;264
i trulli;?;?;?;?;265
?;?;new york;?;?;?
?;?;?;?;italian;267
?;492 broome st.  near w. broadway;new york;212/966-3371;?;?
indochine;430 lafayette st.  between 4th st. and astor pl.;new york;212/505-5111;?;?
?;82 e. 3rd st.  between 1st and 2nd aves.;new york;212/ 614-0747;?;270
?;?;?;?;latin american;?
?;68 w. 58th st.;?;?;?;272
?;15 w. 44th st.;?;?;?;?
?;219 e. 44th st.  between 2nd and 3rd aves.;new york;?;asian;274
?;?;?;212/581-6464;american;?
?;?;new york;?;american;276
l'absinthe;?;?;?;?;277
?;?;new york;212/288-8791;middle eastern;?
l'auberge du midi;310 w. 4th st.  between w. 12th and bank sts.;new york;?;french;279
l'udo;432 lafayette st.  near astor pl.;new york;212/388-0978;french;?
la reserve;?;?;212/247-2993;?;?
?;168 1st ave.  between 10th and 11th sts.;?;?;italian;?
lattanzi ristorante;361 w. 46th st.;new york;?;italian;283
layla;211 w. broadway at franklin st.;new york;?;middle eastern;?
le chantilly;?;?;212/751-2931;?;?
le colonial;?;?;?;asian;286
?;50 macdougal st.  between houston and prince sts.;?;212/254-4678;coffee bar;287
le jardin;?;new york;?;?;?
le madri;?;?;212/727-8022;italian;289
le marais;150 w. 46th st.;new york;212/869-0900;?;290
le perigord;?;new york;?;?;291
le select;507 columbus ave.  between 84th and 85th sts.;?;?;american;292
?;?;?;212/679-4111;french;?
lincoln tavern;51 w. 64th st.;new york;?;?;?
lola;30 west 22nd st.  between 5th and 6th ave.;new york;?;american;295
?;59 grand st.  between wooster st. and w. broadway;?;212/941-0479;or 212/941-0772 american;296
?;2182 broadway  between 77th and 78th sts.;new york;212/787-0202;seafood;?
main street;?;?;212/873-5025;?;?
?;?;new york;212/956-3976;?;?
manhattan cafe;1161 1st ave.  between 63rd and 64th sts.;new york;212/888-6556;?;?
?;325 e. 14th st.  between 1st and 2nd aves.;?;?;?;?
marichu;342 e. 46th st.  between 1st and 2nd aves.;new york;?;french;302
marquet patisserie;15 e. 12th st.  between 5th ave. and university pl.;new york;212/229-9313;coffee bar;303
match;?;new york;?;american;?
?;?;new york;212/838-4343;?;?
?;?;new york;?;asian;306
milan cafe and coffee bar;?;?;212/807-1801;coffee bar;?
monkey bar;60 e. 54th st.;new york;212/838-2600;?;308
?;?;?;?;?;?
morton's;?;?;212/972-3315;american;?
?;104 w. 57th st.  near 6th ave.;?;?;american;311
new york kom tang soot bul house;32 w. 32nd st.;new york;212/ 947-8482;?;312
?;?;new york;?;?;?
?;?;new york;212/255-3996;coffee bar;?
?;?;?;212/233-0507;?;?
orso;322 w. 46th st.;new york;?;italian;316
?;?;new york;212/944-3643;italian;?
otabe;?;new york;?;asian;318
pacifica;?;?;212/941-4168;?;?
?;?;?;?;italian;?
pamir;1065 1st ave.  at 58th st.;?;212/644-9258;?;?
?;24 e. 81st st.;new york;?;italian;?
patria;250 park ave. s at 20th st.;new york;212/777-6211;latin american;323
peacock alley;301 park ave.  between 49th and 50th sts.;?;?;french;?
?;?;new york;?;?;325
penang soho;109 spring st.  between greene and mercer sts.;?;212/274-8883;asian;326
persepolis;1423 2nd ave.  between 74th and 75th sts.;?;?;?;?
planet hollywood;140 w. 57th st.;?;?;american;?
?;?;?;212/ 956-3055;latin american;?
popover cafe;?;?;?;american;?
post house;?;new york;?;?;?
?;?;?;212/501-0776;?;332
?;439 e. 75th st.;new york;?;eastern european;333
remi;?;?;?;?;?
?;37a union sq. w  between 16th and 17th sts.;?;212/627-7172;?;?
?;?;?;?;?;?
?;1063 1st ave. at 58th st.;new york;212/753-7407;?;?
?;?;?;?;?;?
s.p.q.r;133 mulberry st.  between hester and grand sts.;new york;?;italian;339
?;?;new york;212/982-9030;?;340
sammy's roumanian steak house;?;?;?;east european;?
?;?;new york;212/753-9015;italian;342
sant ambroeus;1000 madison ave.  between 77th and 78th sts.;?;212/570-2211;coffee bar;?
?;423 amsterdam ave.  between 80th and 81st sts.;?;?;american;?
?;?;?;?;seafood;345
serendipity;?;?;?;?;?
?;643 park ave. at 66th st.;?;?;?;?
sfuzzi;?;new york;212/873-3700;?;?
shaan;57 w. 48th st.;new york;212/ 977-8400;?;?
sofia fabulous pizza;1022 madison ave.  near 79th st.;?;?;?;350
?;?;new york;212/966-0290;american;?
stage deli;834 7th ave.  between 53rd and 54th sts.;new york;?;delicatessen;352
stingray;428 amsterdam ave.  between 80th and 81st sts.;?;212/501-7515;seafood;?
sweet'n'tart cafe;?;?;212/334-8088;asian;354
t salon;143 mercer st. at prince st.;new york;212/925-3700;?;355
tang pavillion;?;?;212/956-6888;?;?
?;950 8th ave. at 56th st.;?;?;?;357
?;103 1st ave.  between 6th and 7th sts.;?;?;east european;358
?;?;new york;?;?;?
?;350 9th ave. at 49th st.;new york;?;coffee bar;?
the savannah club;?;?;?;?;361
trattoria dell'arte;900 7th ave.  between 56th and 57th sts.;new york;212/245-9800;italian;?
?;?;new york;212/472-4488;italian;363
?;375 greenwich st.  near franklin st.;?;212/941-3900;american;364
?;154 e. 79th st.  between lexington and 3rd aves.;?;?;?;?
?;34 e. 51st st.;new york;212/688-5447;asian;?
turkish kitchen;?;?;?;middle eastern;?
?;222 w. 79th st.;?;212/799-0400;american;?
?;342 e. 11th st.  near 1st ave.;new york;212/674-7264;coffee bar;?
verbena;54 irving pl. at 17th st.;?;212/260-5454;american;?
victor's cafe;?;?;?;latin american;371
?;?;?;212/721-0068;?;?
vong;?;new york;?;american;373
water club;500 e. 30th st.;?;212/683-3333;?;?
?;63rd street steakhouse 44 w. 63rd st.;?;?;american;?
?;?;?;?;?;?
zen palate;34 union sq. e at 16th st.;?;212/614-9291;and 212/614-9345 asian;377
?;90 prince st.  between broadway and mercer st.;?;212/966-6722;american;378
abbey;163 ponce de leon ave.;?;404/876-8532;?;379
?;783 martin luther king jr. dr.;?;404/525-2062;barbecue;380
?;?;atlanta;?;?;?
?;?;atlanta;404/262-7379;?;382
atlanta fish market;?;atlanta;404/262-3165;?;383
?;?;atlanta;?;?;384
?;?;?;404/233-2333;?;?
?;?;?;?;?;?
cafe renaissance;7050 jimmy carter blvd.  norcross;?;770/441--0291;?;?
camille's;?;atlanta;?;italian;?
?;?;atlanta;404/365-8100;mediterranean;389
?;50 hurt plaza;atlanta;?;?;?
coco loco;?;?;?;?;391
colonnade restaurant;1879 cheshire bridge rd.;atlanta;?;southern;?
dante's down the hatch  buckhead;3380 peachtree rd.;?;?;?;393
?;?;?;404/577-1800;continental;394
fat matt's rib shack;1811 piedmont ave.  near cheshire bridge rd.;?;?;barbecue;395
french quarter food shop;?;?;404/875-2489;southern;?
?;6359 jimmy carter blvd.  at buford hwy.  norcross;atlanta;770/242-3984;barbecue;397
horseradish grill;?;atlanta;?;southern;398
hsu's gourmet;192 peachtree center ave.  at international blvd.;?;?;?;?
imperial fez;?;?;404/351-0870;mediterranean;?
?;3300 peachtree rd.  grand hyatt;?;?;asian;?
la grotta at ravinia dunwoody rd.;holiday inn/crowne plaza at ravinia  dunwoody;?;770/395-9925;italian;402
little szechuan;c buford hwy.  northwoods plaza  doraville;?;?;?;403
?;6301 roswell rd.  sandy springs plaza  sandy springs;?;?;barbecue;404
?;?;atlanta;?;continental;?
mambo restaurante cubano;1402 n. highland ave.;atlanta;?;caribbean;?
?;?;atlanta;404/237-1313;southern;?
?;?;atlanta;770/393-1333;italian;?
?;247 buckhead ave.  east village sq.;atlanta;?;fusion;409
?;?;atlanta;404/350-6755;continental;?
pleasant peasant;?;?;404/874-3223;?;?
?;500 pharr rd.;?;404/237-2941;italian;?
r.j.'s uptown kitchen & wine bar;870 n. highland ave.;atlanta;404/875-7775;?;413
?;?;atlanta;404/233-7644;?;414
?;?;?;404/325-5285;asian;?
?;?;atlanta;?;asian;416
south city kitchen;1144 crescent ave.;?;?;southern;417
south of france;?;?;?;?;?
?;?;?;770/458-7145;southern;419
sundown cafe;2165 cheshire bridge rd.;atlanta;?;american;420
taste of new orleans;?;?;404/874-5535;?;?
?;?;atlanta;404/264-1163;continental;?
antonio's;?;las vegas;702/252-7737;?;423
?;?;las vegas;?;buffets;424
bamboo garden;?;las vegas;702/871-3262;asian;?
battista's hole in the wall;?;las vegas;?;italian;?
bertolini's;3570 las vegas blvd. s;las vegas;702/735-4663;?;?
?;128 fremont st.;las vegas;702/382-1600;?;?
?;?;?;702/791-7111;continental;?
?;4111 boulder hwy.;las vegas;?;?;?
?;3555 las vegas blvd. s;?;702/733-3111;?;?
?;1350 e. flamingo rd.;?;702/735-8686;american;?
?;3570 las vegas blvd. s;las vegas;?;coffee shops/diners;?
capozzoli's;3333 s. maryland pkwy.;?;?;?;434
?;?;?;?;?;?
center stage plaza hotel;1 main st.;las vegas;?;american;436
circus circus;2880 las vegas blvd. s;?;702/734-0410;?;?
empress court;3570 las vegas blvd. s;las vegas;702/731-7888;?;?
feast;2411 w. sahara ave.;las vegas;?;?;439
golden nugget hotel;129 e. fremont st.;las vegas;702/385-7111;?;440
?;308 w. sahara ave.;las vegas;702/384-4470;steak houses;?
lillie langtry's;129 e. fremont st.;?;?;asian;442
?;?;?;?;?;?
margarita's mexican cantina;3120 las vegas blvd. s;?;702/794-8200;?;?
?;5111 w. boulder hwy.;las vegas;?;coffee shops/diners;445
?;?;las vegas;702/791-7111;asian;?
?;400 e. sahara ave.;?;?;?;447
ralph's diner;?;?;702/732-6330;coffee shops/diners;448
the bacchanal;3570 las vegas blvd. s;?;702/731-7525;only in las vegas;449
?;3713 w. sahara ave.;?;?;italian;?
?;6182 w. flamingo rd.;?;702/871-8826;mexican;?
?;?;las vegas;?;?;452
2223;?;san francisco;?;american;453
acquarello;?;san francisco;?;italian;454
bardelli's;?;?;415/982-0243;?;?
?;2030 union st.;?;?;asian;?
?;155 steuart st.;san francisco;?;?;?
?;56 gold st.;san francisco;?;american;?
bizou;?;?;?;?;459
buca giovanni;800 greenwich st.;san francisco;?;?;460
cafe adriano;3347 fillmore st.;san francisco;?;?;461
cafe marimba;?;?;415/776-1506;mexican/latin american/spanish;?
california culinary academy;?;?;?;?;?
?;1600 powell st.;san francisco;?;?;464
carta;?;?;?;?;?
chevys;?;?;415/543-8060;?;466
cypress club;500 jackson st.;san francisco;415/296-8555;american;?
?;732 broadway;?;415/788-9900;french;?
?;?;?;415/362-0404;greek and middle eastern;469
?;?;san francisco;415/982-2000;?;?
garden court;?;?;?;?;?
gaylord's;?;?;?;?;?
?;?;?;?;?;?
?;?;san francisco;?;?;?
?;4 embarcadero center;?;415/781-8833;asian;?
harris';?;?;415/673-1888;steak houses;476
?;?;?;415/882-1333;american;?
hayes street grill;?;?;415/863-5545;?;478
?;?;?;415/362-0641;greek and middle eastern;?
?;?;?;415/668-8998;asian;480
hong kong villa;?;san francisco;?;asian;481
hyde street bistro;1521 hyde st.;?;?;italian;?
?;1265 battery st.;san francisco;415/986-0100;?;483
?;3345 steiner st.;san francisco;415/563-0487;?;?
jack's;615 sacramento st.;?;?;old san francisco;?
kabuto sushi;?;?;415/752-5652;?;486
katia's;600 5th ave.;?;415/668-9292;;487
kuleto's;?;?;415/397-7720;?;488
kyo-ya. sheraton palace hotel;?;san francisco;?;?;?
?;519 columbus ave.;?;?;italian;490
le central;453 bush st.;?;?;?;?
?;?;?;?;?;?
?;607 front st.;?;415/398-5700;?;493
manora;3226 mission st.;?;415/861-6224;asian;494
maykadeh;470 green st.;?;415/362-8286;greek and middle eastern;?
?;ghirardelli sq.;?;415/929-1730;?;496
millennium;246 mcallister st.;?;?;?;497
moose's;?;?;415/989-7800;?;?
?;3131 webster st.;san francisco;?;?;499
one market;1 market st.;san francisco;?;?;?
?;1915 fillmore st.;san francisco;415/346-1333;?;501
pacific pan pacific hotel;500 post st.;san francisco;?;french;?
?;640 sacramento st.;san francisco;415/395-9800;?;?
?;?;?;?;italian;?
?;1015 battery st.;?;?;?;?
perry's;?;?;?;?;506
r&g lounge;631 b kearny st.;?;415/982-7877;?;507
rubicon;?;san francisco;?;american;508
rumpus;?;san francisco;415/421-2300;american;509
?;?;?;?;?;510
scala's bistro;?;san francisco;415/395-8555;italian;511
south park cafe;?;?;415/495-7275;french;512
splendido embarcadero;4;?;?;?;?
stars;?;san francisco;?;american;514
?;500 van ness ave.;san francisco;?;?;?
stoyanof's cafe;?;san francisco;415/664-3664;greek and middle eastern;?
straits cafe;?;?;415/668-1783;asian;517
suppenkuche;?;san francisco;415/252-9289;?;?
?;?;san francisco;?;?;519
the heights;?;?;415/474-8890;french;?
thepin;?;?;?;?;?
ton kiang;?;?;?;asian;522
vertigo;600 montgomery st.;san francisco;415/433-7250;mediterranean;523
?;2125 fillmore st.;?;?;italian;524
?;?;san francisco;?;italian;?
world wrapps;2257 chestnut st.;?;?;american;?
wu kong;?;san francisco;415/957-9300;asian;?
?;427 battery st.;?;?;asian;528
?;1220 9th ave.;?;?;greek and middle eastern;?
yoyo tsumami bistro;1611 post st.;?;415/922-7788;french;530
zarzuela;?;?;415/346-0800;mexican/latin american/spanish;531
zuni cafe & grill;?;san francisco;415/552-2522;mediterranean;?
apple pan  the;?;west la;310-475-3585;american;?
asahi ramen;?;west la;310-479-2231;noodle shops;535
baja fresh;?;?;?;mexican;?
belvedere  the;9882 little santa monica blvd.;?;310-788-2306;?;?
benita's frites;?;santa monica;310-458-2889;fast food;538
bernard's;515 s. olive st.;los angeles;213-612-1580;continental;?
?;?;?;818-795-2478;?;?
brent's deli;?;northridge;?;?;541
?;9600 brighton way;?;310-276-7732;coffee shops;542
bristol farms market cafe;?;pasadena;310-643-5229;?;?
?;?;mar vista;?;?;544
cafe '50s;838 lincoln blvd.;venice;310-399-1955;?;?
?;9777 little santa monica blvd.;beverly hills;310-888-0108;pacific new wave;546
?;?;la;213-480-8668;?;?
chez melange;?;?;?;eclectic;548
diaghilev;1020 n. san vicente blvd.;?;?;?;549
?;?;westwood;?;?;550
duke's;?;w. hollywood;310-652-3100;?;?
falafel king;1059 broxton ave.;westwood;310-208-4444;middle eastern;?
?;?;?;?;chinese;?
?;?;?;213-933-0358;cajun/creole;554
hollywood hills coffee shop;6145 franklin ave.;?;213-467-7678;coffee shops;?
?;10428 1/2 national blvd.;la;310-815-1290;indonesian;556
?;?;la;?;?;557
?;502 santa monica blvd;?;?;?;?
jody maroni's sausage kingdom;?;venice;310-306-1995;?;?
joe's;?;?;310-399-5811;?;560
john o'groats;?;west la;310-204-0692;coffee shops;561
?;4017 s. sepulveda blvd.;?;?;delis;?
johnny reb's southern smokehouse;?;?;?;?;?
?;?;?;?;american;564
killer shrimp;4000 colfax ave.;?;818-508-1570;seafood;?
kokomo cafe;?;?;213-933-0773;?;?
koo koo roo;?;la;213-655-9045;?;567
?;?;century city;310-470-4992;french (new);?
la salsa (la);?;?;310-456-6299;mexican;?
la serenata de garibaldi;1842 e. first;?;213-265-2887;?;?
?;?;?;213-483-8050;?;?
?;30869 thousand oaks blvd.;?;818-706-7706;?;?
main course  the;10509 w. pico blvd.;rancho park;310-475-7564;american;573
?;?;?;?;?;574
martha's;22nd street grill 25 22nd;?;?;american;575
?;?;marina del rey;?;american;?
?;1147 third st.;?;310-451-0843;californian;577
?;8474 w. third st.;la;213-782-0181;?;?
?;7261 melrose ave.;?;213-935-5280;?;?
?;?;encino;?;pizza;580
ocean park cafe;3117 ocean park blvd.;?;310-452-5728;american;581
?;?;?;?;seafood;582
original pantry bakery;?;la;?;diners;583
?;510 s. arroyo pkwy.;pasadena;?;?;584
?;642 broadway;?;213-626-5530;?;?
pink's famous chili dogs;709 n. la brea ave.;la;213-931-4223;hot dogs;?
?;?;burbank;818-563-2252;?;587
r-23;?;?;213-687-7178;?;588
rae's;2901 pico blvd.;santa monica;?;?;589
rubin's red hots;?;?;818-905-6515;hot dogs;?
?;45 s. fair oaks ave.;?;818-796-7829;diners;591
?;?;?;310-596-9556;hamburgers;592
?;224 s. beverly dr.;beverly hills;?;steakhouses;593
?;1505 mission st. s.;pasadena;818-799-4774;?;594
?;11288 ventura blvd.;studio city;818-508-7017;?;?
?;8360 melrose ave.;la;?;desserts;596
?;11677 san vicente blvd.;?;310-207-7782;noodle shops;597
?;2575 beverly blvd.;?;213-389-9060;hamburgers;?
?;?;?;310-545-5177;diners;?
?;?;?;213-891-0900;seafood;?
?;1415 e. colorado st.;?;?;middle eastern;?
afghan kebab house;?;new york city;?;?;602
?;?;?;212-223-2900;american (new);603
?;?;new york city;?;mexican;604
cafe con leche;?;new york city;212-595-7000;cuban;?
corner bistro;331 w. fourth st.;?;212-242-9502;?;606
?;368 bleecker st.;?;?;?;?
?;87 e. fourth st.;new york city;?;?;608
?;44 w. 56th st.;?;?;?;609
?;432 sixth ave.;new york city;?;?;?
?;?;?;212-840-5000;?;?
?;24-02 31st st.;?;?;?;612
good enough to eat;?;new york city;212-496-0163;american;?
?;?;new york city;?;?;?
?;86 w. third st.;new york city;212-673-3783;?;?
?;37-03 74th st.;?;718-672-1232;?;?
?;?;queens;?;chinese;617
?;48 w. 65th st.;new york city;?;pizza;618
kelley & ping;?;?;212-228-1212;?;619
?;117 second ave.;new york city;212-674-4040;ukrainian;?
kuruma zushi;?;?;?;?;?
?;2199 broadway;?;212-874-2780;cuban;622
?;?;?;?;?;623
lemongrass grill;?;?;718-399-7100;?;624
lombardi's;32 spring st.;new york city;?;pizza;?
?;?;?;212-741-3214;?;?
?;?;new york city;?;japanese;627
mitali east-west;296 bleecker st.;?;212-989-1367;?;628
?;?;?;?;thai;?
moustache;?;brooklyn;?;middle eastern;?
?;105 hudson st.;?;?;?;?
one if by land  tibs;17 barrow st.;new york city;212-228-0822;?;?
?;?;new york city;212-490-6650;seafood;?
palm;837 second ave.;new york city;212-687-2953;?;634
?;840 second ave.;new york city;212-697-5198;?;635
patsy's pizza;?;?;718-858-4300;?;?
?;178 broadway;brooklyn;718-387-7400;steakhouses;637
?;308 e. sixth st.;new york city;212-533-5011;indian;?
?;?;new york city;212-213-2288;chinese;?
sarabeth's;1295 madison ave.;?;212-410-7335;american;?
sparks steak house;210 e. 46th st.;new york city;?;?;641
stick to your ribs;5-16 51st ave.;queens;718-937-3030;?;642
?;38 e. 51st st.;?;212-755-1780;japanese;?
sylvia's;?;new york city;212-996-0660;?;644
szechuan hunan cottage;1588 york ave.;?;212-535-5223;?;645
szechuan kitchen;?;new york city;212-249-4615;?;?
?;?;?;?;polish;647
thai house cafe;151 hudson st.;new york city;212-334-1085;?;?
?;106 bayard st.;?;?;?;?
veselka;144 second ave.;new york city;212-228-9682;ukrainian;650
westside cottage;689 ninth ave.;?;212-245-0800;chinese;651
?;107th fl.;?;?;eclectic;?
wollensky's grill;205 e. 49th st.;new york city;212-753-0444;steakhouses;?
?;122 e. 17th st.;?;?;?;?
zarela;?;new york city;?;?;?
?;?;?;?;french (classic);?
?;3300 las vegas blvd. s.;las vegas;?;continental;657
buzio's in the rio;?;las vegas;?;seafood;658
emeril's new orleans fish house;3799 las vegas blvd. s.;las vegas;702-891-7374;seafood;?
fiore rotisserie & grille;3700 w. flamingo rd.;las vegas;?;?;660
?;202 e. fremont st.;las vegas;702-385-4011;continental;?
?;3300 las vegas blvd. s.;?;?;?;?
?;?;las vegas;?;?;?
?;?;las vegas;702-737-7111;?;664
monte carlo;?;las vegas;702-733-4524;french (new);?
moongate;?;?;702-791-7352;chinese;?
morton's of chicago (las vegas);3200 las vegas blvd. s.;?;702-893-0703;steakhouses;?
nicky blair's;3925 paradise rd.;las vegas;?;?;668
?;?;?;702-369-2305;?;669
spago (las vegas);3500 las vegas blvd. s.;las vegas;702-369-6300;?;670
?;128 e. fremont st.;las vegas;?;?;671
?;?;?;?;?;?
sterling brunch;?;?;?;?;673
tre visi;?;?;702-891-7331;italian;674
?;?;?;?;?;675
alon's at the terrace;?;atlanta;404-724-0444;sandwiches;?
baker's cajun cafe;?;atlanta;404-223-5039;?;677
?;?;?;?;?;?
?;56 e. andrews dr. nw;atlanta;404-231-5733;?;679
bobby & june's kountry kitchen;?;?;?;southern/soul;680
?;2911 s. pharr court;?;?;southern/soul;?
?;?;?;404-231-5907;vegetarian;682
?;5975 roswell rd.;atlanta;404-256-1675;health food;?
canoe;4199 paces ferry rd.;?;770-432-2663;american (new);?
?;?;?;770-422-8042;?;685
?;?;marietta;?;?;686
?;70 w. paces ferry rd.;?;?;steakhouses;?
?;?;atlanta;?;?;688
deacon burton's soulfood restaurant;1029 edgewood ave. se;?;404-523-1929;southern/soul;?
eats;?;?;?;italian;?
flying biscuit  the;?;?;?;?;691
?;1031 peachtree st. ne;?;?;tex-mex;?
?;?;?;770-992-5383;?;?
harold's barbecue;171 mcdonough blvd.;?;?;?;694
?;?;?;?;?;695
house of chan;?;smyrna;?;?;?
?;?;duluth;100-813-8212;?;697
?;790 ponce de leon ave.;atlanta;?;?;?
johnny rockets (at);?;?;770-955-6068;?;?
?;1248 clairmont rd.;decatur;?;?;?
?;?;atlanta;?;spanish;701
lettuce souprise you (at);3525 mall blvd.;?;?;?;?
majestic;?;atlanta;?;diners;703
?;?;atlanta;404-577-4366;steakhouses;704
my thai;1248 clairmont rd.;?;404-636-4280;?;?
?;?;?;404-240-1984;southwestern;?
?;1495 chattahoochee ave. nw;?;?;mexican;?
original pancake house (at);4330 peachtree rd.;?;404-237-4116;american;708
?;?;atlanta;?;steakhouses;709
rainbow restaurant;?;decatur;404-633-3538;?;?
ritz-carlton cafe (atlanta);?;atlanta;404-659-0400;american (new);?
?;?;atlanta;?;mediterranean;712
silver skillet  the;200 14th st. nw;?;?;?;?
?;3330 piedmont rd.;?;404-233-2005;japanese;714
?;764 marietta st. nw;?;404-688-5855;cafeterias;?
tortillas;774 ponce de leon ave. ne;?;404-892-0193;tex-mex;716
van gogh's restaurant & bar;?;?;?;american (new);717
veggieland;220 sandy springs circle;?;?;vegetarian;718
?;3172 peachtree rd. ne;atlanta;404-237-7601;?;?
zab-e-lee;?;?;404-768-2705;thai;720
?;?;san francisco;?;?;?
?;2298 market st.;?;415-621-8579;?;722
?;?;?;?;continental;?
campo santo;240 columbus ave.;?;?;mexican;724
?;1805 haight st.;?;415-386-5758;?;725
?;2217 union st.;?;?;american;?
dottie's true blue cafe;?;?;415-885-2767;?;727
?;3221 mission st.;san francisco;?;?;728
ebisu;1283 ninth ave.;?;?;japanese;729
emerald garden restaurant;1550 california st.;san francisco;?;?;?
?;1500 church st.;san francisco;?;chinese;?
?;?;san francisco;?;?;?
kelly's on trinity;333 bush st.;?;415-362-4454;?;733
la cumbre;515 valencia st.;?;415-863-8205;mexican;?
?;288 noe st.;san francisco;415-431-7210;mediterranean;?
la taqueria;2889 mission st.;?;415-285-7117;mexican;736
?;2209 polk st.;san francisco;?;italian;737
marnee thai;?;san francisco;415-665-9500;thai;738
?;3355 geary st.;?;?;?;739
?;1322 grant st.;san francisco;?;hamburgers;740
phnom penh cambodian restaurant;631 larkin st.;san francisco;415-775-5979;?;?
?;?;san francisco;415-550-9213;?;?
?;?;san francisco;?;?;743
?;?;san francisco;415-431-8956;thai;?
slanted door;584 valencia st.;?;?;vietnamese;?
?;?;?;415-673-1101;seafood;?
?;400 waller st.;?;?;thai;?
?;3108 16th st.;?;?;?;748
?;?;?;?;?;749
?;?;san francisco;?;?;?
vicolo pizzeria;201 ivy st.;?;415-863-2382;pizza;751
wa-ha-ka oaxaca mexican grill;?;san francisco;415-775-1055;mexican;752
