?;South;?;?;9.04;7.08;?;?;?;66.24;300;2.18;?;36.55;Boiling
?;?;2013;Tap;5.59;?;26.07;?;238;48.15;?;?;25017;44.53;No Treatment
China;?;?;Lake;?;?;?;?;1519;?;?;71.31;63142;?;?
?;East;?;Well;6.55;6.15;26.78;6.18;972;82.79;?;29.01;67982;62.85;Filtration
Indonesia;Central;2004;Lake;0.22;?;?;?;1576;93.82;190;97.45;16751;?;Chlorination
Brazil;West;?;?;5.85;?;19.89;9.66;?;56.14;?;5.62;28014;78.3;No Treatment
?;Central;?;Lake;?;7.6;0.63;?;3579;89.69;?;60.71;66421;66.82;Filtration
?;South;2023;Well;?;7.93;?;14.02;?;?;316;6.96;?;49.92;Chlorination
?;?;?;Well;?;7.26;?;?;4929;77.68;?;?;8969;46.54;?
?;?;?;Pond;8.91;?;27.7;14.86;?;?;437;?;63891;?;?
Pakistan;East;?;?;?;?;?;?;?;97.4;93;55.99;73172;?;Chlorination
Indonesia;South;?;?;?;8.16;46.42;?;?;?;?;?;77230;85.24;?
Bangladesh;South;2021;?;6.59;7.79;?;5.51;?;?;?;77.51;51903;44.62;?
?;?;2008;Tap;?;6.5;?;?;2259;62.56;?;79.58;57826;?;Filtration
Indonesia;East;2004;?;7.95;?;43.54;?;3878;?;?;13.89;56426;40.34;?
?;North;2014;Lake;0.47;?;?;?;2590;?;196;?;82318;58.17;Chlorination
?;Central;2015;River;2.78;?;41.8;?;?;44.04;57;36.74;?;80.12;Filtration
?;North;2021;?;?;?;?;18.03;?;?;57;19.58;?;32.19;?
Nigeria;Central;?;River;?;8.26;?;?;2470;?;498;76.38;1780;78.59;No Treatment
Pakistan;North;2005;Tap;?;?;25.79;9.44;?;37.24;491;49.89;?;96.4;Boiling
Bangladesh;?;2005;Pond;8.67;?;27.17;1.25;3002;61.36;?;?;97147;32.57;Chlorination
Brazil;East;2021;?;?;7.59;?;4.51;2685;83.31;336;?;28103;92.01;Boiling
Nigeria;?;2002;?;3.48;?;?;5.49;2099;?;?;?;?;?;Boiling
?;?;2012;Pond;8.68;6.01;?;5.85;?;?;497;?;58570;?;?
Indonesia;?;2001;Pond;4.48;?;?;?;3374;42.83;277;96.45;89311;26.92;?
Brazil;West;?;Pond;6.11;?;48.46;16.33;226;?;375;55.58;?;58.18;Chlorination
?;West;2023;?;?;7.8;?;8.2;3615;?;?;?;21025;36.92;Filtration
Indonesia;?;2000;?;1.45;?;9.12;?;?;?;179;6.06;49151;78.62;?
India;West;2001;Pond;?;?;?;?;?;?;5;?;?;?;Chlorination
Bangladesh;South;2009;River;?;6.69;28.22;?;1814;?;74;65.66;33703;64.3;Filtration
Ethiopia;North;?;?;4.36;7.78;?;?;1588;68.07;?;61.81;?;34.71;No Treatment
?;North;?;Pond;8.35;8.24;?;7.69;82;34.18;247;63.96;?;51.47;?
Pakistan;?;?;River;4.9;?;10.08;15.21;2034;?;36;?;92776;92.08;Boiling
Mexico;Central;2007;Lake;?;7.08;?;10.2;4285;?;?;9.6;31132;?;Boiling
?;North;2011;?;4.66;6.84;30.09;?;4270;45.14;272;30.95;33782;72.46;?
USA;?;2023;?;5.07;?;?;?;?;52.62;247;99.74;?;?;?
?;North;2013;?;0.98;7.69;19.78;?;1719;49.37;440;3.62;72970;67.31;?
Mexico;?;?;Tap;1.93;6.29;48.31;4.92;?;35.35;477;?;62428;?;?
?;East;2017;Lake;5.01;?;?;14.64;?;61.35;87;?;25131;?;Boiling
Pakistan;West;?;Tap;?;?;19.83;4.96;4568;71.88;?;50.29;?;87.02;No Treatment
?;?;?;?;?;6.55;?;15.24;561;97.59;443;60.32;40356;72.53;?
Mexico;West;2009;?;1.98;7.71;?;?;1171;38.12;55;21.85;19818;84.55;No Treatment
Ethiopia;South;2017;?;2.13;6.32;?;10.92;3835;36.12;?;?;?;?;Filtration
Pakistan;East;2002;Spring;3.92;8.13;1.4;7.84;?;52.42;39;35.27;?;?;Filtration
?;North;?;?;?;6.87;?;?;?;82.17;282;17.81;3392;?;Boiling
USA;Central;2006;Tap;?;6.85;32.88;2.96;2940;58.09;?;?;?;51.94;?
Brazil;Central;?;Pond;4.25;8.25;24.4;6.02;4954;?;407;25.3;91065;?;Filtration
?;West;?;Spring;?;?;?;?;3447;44.75;?;35.92;47186;96.09;Filtration
USA;East;?;?;?;7.09;?;?;?;77.88;419;97.7;41554;26.85;Filtration
Mexico;East;2006;Pond;5.67;?;?;?;1935;?;?;50.82;?;?;?
Nigeria;?;2006;River;3.37;6.95;49.11;1.26;1944;?;402;95.92;41029;27.27;?
?;East;2008;River;?;?;?;15.15;?;33.4;150;34.13;?;47.83;No Treatment
Nigeria;South;2017;?;2.15;6.64;1.7;1.2;?;41.26;?;13.99;?;91.66;?
Brazil;?;?;?;7.14;7.52;?;11.07;2061;?;?;81.55;66122;?;No Treatment
Brazil;North;2016;River;9.17;?;19.5;?;?;82.83;?;?;31512;87.75;No Treatment
China;?;?;Spring;?;?;?;14.75;3908;?;?;96.59;15578;?;Chlorination
Bangladesh;East;2011;Pond;5.64;7.6;11.02;?;?;?;226;61.5;?;?;Filtration
Indonesia;South;?;Well;?;6.33;32.4;17.14;1064;64.95;331;?;69078;?;No Treatment
Brazil;Central;?;Lake;6.99;8.35;18.71;?;?;39.3;293;?;55499;37.13;?
?;Central;2023;?;4.99;6.24;47.59;19.15;3252;?;?;?;40064;?;Filtration
?;West;2020;?;9.48;7.15;10.27;?;4890;41.79;?;96.13;8305;22.59;?
Ethiopia;East;2020;River;?;?;?;18.16;?;?;34;89.87;22443;?;No Treatment
Nigeria;?;?;Well;8.02;7.79;29.71;1.9;?;30.73;?;?;76422;54.11;No Treatment
Pakistan;North;2008;Pond;?;8.14;29.82;19.85;2821;92.27;?;44.56;20121;26.14;Chlorination
China;West;2000;River;3.93;6.42;5.07;4.95;2157;87.94;15;7.72;?;?;Boiling
?;East;2001;?;5.81;7.44;?;?;?;35.11;74;61.61;?;?;Chlorination
India;South;2007;River;2.57;7.1;?;?;1044;68.26;?;?;2841;91.85;Filtration
?;West;?;?;?;7.59;12.04;15.18;1876;51.92;?;76.28;48832;?;?
China;Central;?;?;9.43;?;35.62;4.6;?;?;117;?;?;54.47;No Treatment
?;?;?;Spring;7.43;6.95;4.03;8.39;132;?;409;25.87;?;?;?
Bangladesh;East;?;?;?;?;?;12.33;2505;?;283;?;79284;?;Filtration
Nigeria;South;2003;River;?;?;?;6.45;3266;44.19;431;?;85146;46.45;Chlorination
USA;West;?;?;?;?;?;11.86;4166;75.8;?;21.51;?;?;Boiling
?;?;?;?;7.14;6.18;2.03;?;?;51.15;283;?;44917;20.87;?
?;West;2012;Spring;4.8;8.19;15.17;?;4195;50.57;?;?;?;24.39;?
Nigeria;South;?;Well;1.49;6.76;?;16.6;?;?;84;?;62937;?;?
?;South;2015;?;?;?;?;3.32;2788;?;272;27.87;93298;45.28;Boiling
USA;South;?;River;0.25;?;7.13;12.01;?;59.48;425;33.98;?;45.99;Chlorination
?;?;?;Spring;2.51;?;?;10.3;1242;?;477;?;?;?;Filtration
?;East;?;?;5.01;7.16;29.71;11.18;?;?;9;?;?;83.28;Filtration
Indonesia;?;2004;River;5.6;?;45.63;?;?;60.97;?;45.3;?;?;Filtration
Brazil;East;2009;Lake;0.5;8.16;?;?;1468;33.88;257;12.41;86558;48.55;?
Ethiopia;?;2021;?;?;6.89;35.88;0.52;?;44.65;304;30.91;?;32.4;No Treatment
?;?;2017;Well;?;7.84;15.74;14.68;2122;?;122;?;17220;29.12;Boiling
Ethiopia;?;2000;?;?;?;26.01;1.19;487;83.15;187;46.91;?;?;Boiling
Nigeria;?;2004;Well;0.34;7.23;12.14;5.6;?;?;258;31.87;?;65.88;?
?;East;2004;?;3.52;?;38.07;14.42;?;45.76;270;?;49834;76.99;No Treatment
Nigeria;Central;2016;?;6.53;6.44;?;16.64;?;?;126;?;?;?;Boiling
?;?;2010;Lake;7.28;8.25;36.87;?;3946;?;20;?;89720;?;No Treatment
Mexico;East;2013;Lake;8.49;6.09;?;5.81;?;?;?;23.69;39154;41.97;Boiling
?;Central;?;?;?;6.66;26.23;12.42;4340;92.17;?;69.34;?;54.13;?
Nigeria;?;2018;?;?;7.44;11.57;7.29;?;?;?;21.59;?;89.79;?
?;?;2013;?;1.51;7.05;11.63;?;?;61.31;24;?;8170;23.07;Filtration
Ethiopia;?;2000;Lake;?;?;?;16.73;?;?;173;85.51;?;?;?
China;East;?;?;4.23;6.93;7.33;12.79;?;?;?;20.33;95327;28.44;?
?;West;?;River;3.37;8.12;18.52;17.31;589;80.07;279;?;12242;21.49;Filtration
Brazil;South;2017;?;2.18;6.79;20.08;10.26;?;47.45;?;?;12284;77.81;?
?;?;?;?;3.19;?;44.07;19.43;?;66.72;?;?;34492;98.11;?
?;East;?;Well;?;7.83;?;?;1679;?;?;?;?;?;?
Brazil;Central;2017;Tap;?;6.19;21.01;7.83;499;?;179;33.56;?;93.08;No Treatment
?;South;?;?;0.41;?;28.77;6.73;2013;?;286;58.11;?;45.98;?
?;East;?;?;6.22;8.09;20.61;19.19;?;?;221;?;15672;20.81;Chlorination
?;?;2019;Lake;0.26;?;?;6.67;2156;?;325;38.58;19688;76.86;Boiling
Pakistan;Central;2015;?;1.48;?;12.57;?;?;58.17;?;?;74944;?;?
Ethiopia;South;2016;Lake;3.33;6.84;45.21;15.53;2793;67.19;?;?;94097;?;Filtration
Mexico;Central;2021;?;8.66;?;14.81;6.59;84;84.85;?;?;79988;?;No Treatment
?;?;2007;Tap;6.42;6.64;37.14;18.37;4412;?;248;?;521;29.89;No Treatment
?;?;?;?;7.19;?;?;1.45;437;99.12;?;?;?;?;?
?;?;2017;Pond;?;?;22.33;10.63;3942;?;211;36.09;58986;?;Filtration
Nigeria;North;2010;River;?;8.4;?;5.34;4206;94.94;247;87.07;?;?;Chlorination
China;?;2023;River;4.65;?;?;?;?;32.88;?;?;76737;?;Boiling
?;East;2021;Tap;?;7.26;31.07;?;1391;87.55;492;97.96;?;88.18;Filtration
India;?;2016;River;7.46;?;?;5.72;631;?;499;92.58;48192;68.99;?
Ethiopia;?;2000;Tap;9.51;6.87;?;0.86;1791;?;?;?;86939;?;Chlorination
?;?;2008;?;5.44;6.58;24.31;12.84;4531;46.82;?;?;?;26.98;?
Bangladesh;?;?;?;?;7.32;27.03;15.6;?;?;102;6.85;93746;67.57;Chlorination
Mexico;East;?;Well;5.41;7.81;?;?;?;?;?;55.28;27608;46.74;Boiling
Mexico;Central;?;Well;?;6.46;4.9;?;?;88.08;?;44.3;?;87.78;Boiling
Pakistan;North;?;River;?;8.24;35.67;4.6;?;54.45;204;?;?;65.11;Chlorination
Pakistan;West;?;Spring;0.08;6.89;?;3.0;?;?;212;16.04;58471;88.27;?
Ethiopia;West;2009;?;?;7.01;?;?;?;92.75;?;?;24784;?;Filtration
Ethiopia;East;2000;Pond;?;?;43.13;11.1;2851;58.88;453;?;62937;45.94;?
?;?;?;Well;5.86;7.21;8.8;?;2521;?;41;12.33;?;79.13;Chlorination
?;?;?;?;5.53;6.35;?;?;2200;31.75;261;92.46;44513;30.73;No Treatment
Nigeria;South;?;Well;2.66;7.39;?;?;389;35.64;264;3.38;?;?;No Treatment
Mexico;?;2021;River;?;?;40.52;?;?;95.63;459;?;?;52.88;?
Brazil;North;?;Spring;5.72;8.29;11.64;?;?;81.95;128;?;?;97.22;Chlorination
Bangladesh;?;2024;Spring;4.03;6.18;?;?;939;95.18;188;?;18236;?;?
?;?;2001;Tap;7.32;6.04;5.47;?;?;42.51;?;19.71;29946;95.96;Filtration
Indonesia;West;2002;Well;?;?;36.56;19.3;2652;91.34;?;73.46;?;?;?
India;North;2019;Well;5.33;6.48;1.41;17.52;4372;56.94;360;95.76;62339;33.76;Filtration
?;North;?;Spring;?;7.22;30.73;16.48;3659;?;?;89.99;?;?;Filtration
?;West;?;River;1.27;?;8.99;10.78;4092;32.99;432;33.87;27930;?;?
?;South;?;Pond;1.54;7.51;23.3;?;?;?;365;87.25;33649;24.25;No Treatment
?;?;2007;Spring;4.64;6.11;?;?;1041;50.14;183;97.58;54547;66.59;?
China;?;2008;?;8.47;7.17;?;15.21;?;?;14;76.63;?;31.17;Filtration
?;West;2024;Lake;0.11;?;?;?;3248;73.08;405;?;?;98.43;No Treatment
?;?;2024;?;?;7.71;?;?;4321;73.23;146;?;81863;68.85;Chlorination
?;?;2010;?;3.01;7.11;49.13;14.81;4695;60.37;?;?;?;?;?
India;?;2003;?;?;?;?;8.27;?;97.45;63;?;76187;32.34;?
Ethiopia;Central;2012;?;?;?;45.9;?;2977;83.69;443;?;34504;?;No Treatment
Indonesia;?;?;Spring;?;6.07;17.87;4.16;?;83.43;?;41.38;?;?;?
Mexico;South;2016;?;9.9;7.64;?;19.62;4483;74.78;83;?;?;90.2;?
?;Central;?;?;?;?;2.55;?;?;?;61;?;28832;?;?
?;?;2007;River;5.25;?;?;17.44;?;86.97;?;67.86;?;?;?
Bangladesh;North;2018;Spring;5.69;7.61;?;2.97;?;71.57;329;87.72;?;64.0;Boiling
India;East;?;?;?;?;23.13;11.35;1188;59.57;123;?;?;?;Filtration
China;?;?;Tap;9.09;?;47.82;?;2258;66.31;184;?;86076;78.53;Chlorination
Ethiopia;Central;2019;Lake;5.62;?;15.23;16.99;?;?;184;13.58;37671;86.5;No Treatment
Pakistan;?;?;?;?;?;?;1.35;?;86.51;?;?;73958;?;?
Pakistan;?;2008;?;5.22;7.43;?;?;?;55.24;20;26.11;?;65.2;Filtration
?;East;?;?;?;?;8.15;5.17;4269;46.98;156;69.71;48312;33.27;?
Pakistan;North;?;?;?;7.23;19.66;?;?;52.87;71;79.68;47107;22.4;Boiling
Ethiopia;?;2012;Pond;5.15;?;44.26;8.0;?;74.87;?;?;35794;?;?
Brazil;Central;2021;Well;1.54;?;?;?;823;?;223;67.43;39509;51.44;Chlorination
Indonesia;?;2005;?;?;6.32;45.09;17.18;?;?;289;?;65952;81.45;No Treatment
?;?;2002;?;0.57;6.14;11.17;?;3934;?;97;45.7;25187;88.82;?
Brazil;North;?;Well;3.78;?;?;?;?;50.01;?;?;61956;35.41;Chlorination
China;?;2024;Spring;1.77;8.04;32.41;10.55;?;?;439;94.77;?;87.48;Boiling
?;Central;2003;?;0.59;6.98;40.14;?;?;?;230;7.38;?;32.4;No Treatment
Mexico;?;2022;River;0.16;7.83;?;13.01;4724;?;21;?;23552;?;?
?;West;?;?;3.48;?;39.32;?;?;58.49;66;95.42;?;68.97;Chlorination
?;West;?;?;?;7.66;?;4.54;42;38.62;29;?;?;32.19;Boiling
?;West;?;?;5.18;?;45.11;15.64;?;?;191;23.5;?;58.66;Filtration
?;?;2008;?;3.39;7.7;23.76;6.82;3930;?;?;54.83;23425;27.04;?
Ethiopia;South;?;Spring;?;8.27;22.37;8.91;1063;70.68;96;72.96;58106;72.38;Filtration
USA;North;2023;Well;?;7.84;?;0.79;864;46.44;202;?;?;?;?
Mexico;West;2016;Well;1.87;7.55;38.94;10.33;4845;72.74;24;?;8011;?;?
Nigeria;?;?;?;?;?;44.48;15.0;3641;68.62;290;63.78;11337;28.48;?
?;?;?;Well;?;7.4;?;?;?;39.09;?;?;?;?;?
Pakistan;?;2013;Tap;6.94;?;?;7.8;?;?;?;52.41;49273;48.05;Filtration
China;?;2004;Spring;?;7.24;?;?;1698;57.18;124;78.85;14932;50.7;Boiling
?;?;2023;?;2.68;6.98;38.31;7.91;?;?;438;34.69;?;30.28;?
China;?;?;Tap;6.3;7.08;?;6.71;4732;?;118;13.4;72607;?;Filtration
?;Central;2004;Spring;?;?;47.09;?;1196;37.74;406;47.01;?;73.59;Boiling
?;?;2003;?;?;?;?;?;1977;?;216;?;9740;87.94;?
?;?;?;Spring;1.09;?;?;1.53;4183;67.53;?;51.2;16915;60.14;?
Brazil;East;2024;Spring;3.35;7.71;34.29;0.56;2964;?;152;?;?;70.05;No Treatment
?;Central;2003;Well;?;7.34;13.96;?;?;?;?;76.15;?;35.45;?
?;?;2018;Spring;4.18;6.48;36.95;?;986;?;?;45.81;?;91.64;Boiling
Mexico;North;2013;Tap;0.54;6.07;?;8.51;?;92.09;200;?;31592;?;No Treatment
Mexico;East;?;?;6.38;?;36.79;16.84;1012;36.07;486;?;30138;83.9;Chlorination
Pakistan;Central;2003;?;9.65;7.69;?;17.62;?;53.83;192;?;?;22.03;No Treatment
?;?;?;Well;6.51;8.24;26.64;?;909;69.67;177;?;28298;40.34;?
?;?;?;?;6.49;7.04;?;?;1277;98.19;293;?;?;51.15;Filtration
Ethiopia;?;2008;River;2.16;?;25.75;5.39;1825;77.38;135;15.19;49672;?;No Treatment
?;?;?;?;3.14;?;38.53;?;3731;?;?;70.72;52801;65.22;Chlorination
China;East;2006;?;?;7.14;1.01;?;4230;?;491;29.01;?;?;Boiling
?;East;2018;River;?;6.13;?;6.2;4958;71.47;285;94.69;21925;?;Filtration
Pakistan;?;?;?;3.18;?;?;?;3219;99.92;406;62.14;54504;82.32;Boiling
Brazil;?;2007;?;2.75;6.5;0.7;?;3101;?;237;?;54252;93.29;?
?;West;2002;Tap;2.43;6.57;?;1.37;?;?;57;30.83;99028;92.7;?
?;?;2007;?;?;8.49;22.98;8.56;3856;68.39;218;?;?;80.31;?
?;Central;?;?;3.04;8.21;?;?;?;43.96;?;?;?;72.58;Chlorination
Pakistan;?;?;?;8.42;?;15.79;?;3959;?;367;?;38214;?;No Treatment
?;Central;2012;River;5.98;8.12;?;5.98;1025;59.74;345;?;?;77.82;?
Bangladesh;East;?;Spring;?;?;0.57;16.42;?;?;?;51.48;35311;?;Chlorination
Bangladesh;West;?;River;4.81;?;30.26;16.15;?;79.34;?;32.7;77152;36.57;?
?;Central;2005;Pond;7.66;6.81;42.79;?;3630;65.83;149;88.72;?;48.47;?
China;?;2017;Pond;2.79;?;13.38;?;1739;92.01;?;?;28492;?;No Treatment
?;North;2001;Lake;8.46;6.11;?;17.46;803;32.04;81;?;3407;70.11;Filtration
Bangladesh;Central;2012;Well;6.57;7.36;?;?;2087;?;204;23.81;87022;34.21;Chlorination
Bangladesh;?;?;?;6.9;?;?;?;?;?;460;99.15;97140;92.57;?
?;?;2013;Well;5.32;7.46;22.11;?;?;37.71;?;?;88942;27.34;Chlorination
China;?;2014;Lake;?;?;44.37;18.62;1558;?;47;39.86;39972;?;Boiling
USA;?;?;River;?;7.33;?;?;?;65.06;?;60.32;76459;?;?
China;North;2016;Spring;1.16;7.07;30.41;0.39;1882;?;34;49.19;?;98.6;?
Ethiopia;?;2018;?;?;7.54;1.69;4.07;?;45.26;?;51.11;?;63.85;Filtration
Bangladesh;?;2002;River;?;6.63;?;10.13;?;?;?;20.01;?;59.58;?
?;East;2005;Spring;?;6.87;?;17.56;?;83.94;?;71.29;?;?;?
India;West;2004;River;?;?;?;8.21;4466;58.86;?;56.46;?;?;Boiling
?;North;2012;Well;9.23;7.86;?;6.08;438;93.1;434;?;17051;47.84;?
?;?;2007;?;1.44;7.92;21.39;?;1828;?;239;16.66;64199;61.19;No Treatment
Mexico;?;2024;Well;?;?;27.34;?;?;?;233;?;3884;?;?
?;?;?;Pond;?;6.41;32.0;1.07;?;68.34;9;3.44;?;?;No Treatment
?;?;2007;River;8.02;7.1;45.41;?;3943;?;107;52.66;?;49.89;?
?;East;?;Spring;4.6;7.53;34.74;?;?;?;302;?;?;?;Boiling
China;Central;?;?;?;?;?;?;1231;?;229;32.67;27499;90.8;Chlorination
?;North;2006;?;?;6.89;?;12.6;227;60.65;377;?;?;82.08;?
?;East;2013;?;?;8.36;0.68;0.18;?;?;214;11.5;?;?;Filtration
?;?;?;?;?;6.66;?;15.22;?;58.76;362;40.47;8158;?;?
?;?;2000;Lake;?;?;16.61;6.6;?;50.55;?;56.94;?;38.14;Filtration
Ethiopia;Central;?;?;5.12;8.44;?;?;?;71.18;?;?;?;27.56;?
Ethiopia;?;?;?;7.67;6.74;17.52;?;3438;?;230;?;?;73.53;Chlorination
?;?;2009;?;2.94;7.31;?;1.5;?;50.91;?;?;7888;68.47;?
Mexico;North;?;?;?;7.3;25.94;?;?;?;122;51.6;?;21.63;Boiling
USA;?;2010;?;0.18;7.44;28.69;?;4423;92.35;188;62.25;65586;48.61;?
?;South;2001;?;?;?;19.17;?;?;?;267;?;52403;?;?
Bangladesh;West;2002;Tap;?;8.29;44.35;18.31;4523;83.94;236;69.99;5696;?;?
Nigeria;South;2011;Well;9.42;7.01;21.7;16.96;2932;72.42;376;36.14;41377;?;?
?;?;2003;Lake;7.05;?;?;11.13;3224;?;?;?;?;27.32;?
Brazil;?;2008;Spring;?;6.44;40.14;2.25;1601;?;26;86.45;?;?;?
Nigeria;East;?;?;?;6.43;?;?;?;95.17;?;47.43;54506;75.84;Boiling
?;North;2001;?;1.8;7.98;14.09;15.47;3417;?;265;30.1;?;83.28;No Treatment
?;Central;2024;?;?;7.59;?;17.82;344;46.06;?;80.16;?;?;?
Nigeria;East;2023;Tap;?;7.23;47.67;3.63;1336;?;?;77.44;?;82.39;?
China;Central;?;Well;?;7.7;?;1.81;4232;48.32;462;14.8;55326;?;?
Indonesia;?;?;River;?;7.08;?;?;?;47.13;141;?;?;?;?
USA;West;?;?;6.87;7.74;28.16;6.87;1688;39.05;259;9.74;?;?;Filtration
?;Central;?;?;?;6.68;?;?;2433;96.69;?;?;?;52.75;?
Nigeria;Central;?;?;5.75;7.82;?;19.32;864;?;?;?;62811;91.77;?
?;?;?;River;1.88;?;31.32;13.71;?;?;?;?;?;?;Filtration
Bangladesh;Central;?;?;0.54;7.36;43.93;13.82;2383;37.91;375;?;1804;89.01;Filtration
?;Central;2014;Tap;9.63;7.45;24.67;1.95;?;44.5;?;?;94515;?;?
?;Central;?;?;6.84;7.21;15.91;?;?;?;?;10.47;?;?;?
Pakistan;North;?;Lake;?;7.6;?;?;3314;?;51;52.58;?;?;?
?;?;2003;Spring;0.34;8.01;?;18.53;3911;?;399;?;97553;84.88;?
?;West;2006;Lake;?;?;17.23;?;1037;?;279;10.93;59763;39.28;?
China;?;?;Well;7.64;?;1.12;?;?;42.92;?;5.31;?;99.1;Boiling
China;North;2016;Pond;6.65;?;0.65;?;4338;?;71;60.41;39045;78.7;Chlorination
Pakistan;?;?;Pond;1.17;7.85;25.28;14.35;4998;83.28;306;77.79;68832;34.7;?
Mexico;?;?;Lake;?;6.5;19.63;1.05;?;?;?;63.5;95813;99.39;Boiling
USA;South;?;?;?;8.25;45.06;8.53;?;48.23;?;97.87;41626;78.65;Boiling
?;?;?;?;?;6.88;?;?;1479;94.38;250;86.64;40853;96.46;No Treatment
China;East;2022;Pond;8.97;8.44;4.51;?;?;31.33;?;38.95;?;38.67;Chlorination
Ethiopia;?;2014;?;3.04;?;?;6.59;2236;42.83;?;36.67;73681;?;?
China;East;2010;?;5.26;?;?;13.29;?;39.56;97;38.82;?;82.63;?
Indonesia;?;?;?;?;?;?;?;1474;36.57;2;?;45118;97.55;?
Ethiopia;West;2023;?;?;?;17.7;?;?;73.73;?;99.09;?;?;Chlorination
?;West;2010;Pond;2.14;7.4;27.2;?;681;?;?;?;39040;62.88;?
Bangladesh;?;2017;Lake;?;6.43;?;13.28;1927;98.99;406;?;?;55.05;Chlorination
?;North;?;?;5.78;7.73;?;?;3250;99.08;6;5.19;24150;?;Chlorination
?;East;2000;?;1.47;?;?;4.74;?;92.91;?;47.88;?;32.23;No Treatment
?;North;2005;Tap;8.29;6.69;14.58;13.92;1011;94.88;190;?;?;84.42;?
Mexico;East;?;?;?;7.66;47.33;?;?;?;99;57.35;?;?;Boiling
?;West;?;Pond;9.23;?;9.26;?;?;90.69;363;63.16;74157;32.0;Boiling
USA;Central;2001;?;?;?;?;16.89;?;37.69;8;?;?;?;?
?;West;2022;?;4.62;7.89;?;15.9;?;?;?;11.39;?;59.37;?
Brazil;Central;2015;Tap;4.7;7.81;?;?;2747;?;35;76.52;?;?;Boiling
China;North;?;Pond;?;?;22.99;?;1321;56.81;?;?;67005;?;?
Ethiopia;North;?;Spring;?;?;29.16;?;3598;41.11;220;?;43218;92.55;No Treatment
Nigeria;North;2017;Pond;?;?;38.74;16.63;3529;?;441;?;15798;54.97;Boiling
?;East;2003;Spring;5.43;7.61;?;6.11;?;42.61;?;8.87;75573;?;Chlorination
Pakistan;North;?;Tap;0.41;6.63;13.37;2.66;?;77.12;?;32.49;43753;?;Chlorination
Ethiopia;West;2005;River;2.41;8.33;11.25;?;3745;?;?;?;?;97.97;Boiling
?;East;?;Lake;?;6.66;21.2;?;3128;61.89;430;66.69;59900;47.34;No Treatment
Indonesia;?;2015;?;?;?;?;0.89;?;53.06;427;?;13797;?;?
?;East;?;?;2.5;?;19.35;18.58;1103;?;300;95.27;?;34.6;Chlorination
India;?;?;?;0.78;6.14;?;?;353;87.22;402;?;?;70.66;Boiling
?;Central;2014;?;?;8.1;16.47;?;2185;?;378;60.77;?;?;?
Brazil;North;2018;?;?;?;?;7.62;654;?;333;99.99;77626;60.94;No Treatment
USA;East;2016;Spring;8.24;7.46;33.88;11.35;4292;45.73;87;24.84;13434;40.3;Filtration
Mexico;North;2000;Well;2.34;7.5;0.34;17.74;4889;50.81;366;82.45;14936;40.49;?
Indonesia;East;2013;Tap;9.98;6.83;26.49;13.37;2727;69.16;358;?;?;38.91;?
Nigeria;East;2021;Spring;5.4;7.29;?;?;3810;66.0;424;?;64460;52.91;No Treatment
Ethiopia;West;2005;River;4.39;7.11;28.34;5.18;?;58.21;?;98.54;?;33.07;No Treatment
Mexico;?;2019;Spring;?;6.34;48.53;?;?;?;?;?;94409;37.09;?
India;?;2001;Well;?;6.67;41.24;10.04;?;?;?;62.4;90255;54.26;No Treatment
USA;?;?;River;?;?;?;?;1337;?;202;?;?;48.62;Filtration
USA;North;?;?;0.06;?;?;4.61;591;?;?;?;?;?;?
?;?;2017;?;0.38;?;?;?;?;?;?;?;?;?;Chlorination
?;North;2001;Pond;8.64;7.49;48.3;?;1579;47.56;409;88.86;?;48.44;?
Indonesia;North;2021;?;9.21;?;?;18.19;3960;78.09;?;20.7;?;?;Filtration
China;?;?;?;?;8.13;26.66;?;?;88.07;?;?;?;43.06;Boiling
?;?;2023;?;2.44;?;19.52;?;4220;98.47;?;26.91;87899;?;?
Bangladesh;Central;2006;River;?;6.53;?;16.5;3102;?;30;91.67;18462;?;?
Mexico;South;?;Spring;?;6.76;47.41;?;?;89.31;?;66.35;23117;38.97;No Treatment
?;?;2017;?;2.53;8.17;22.36;?;4422;?;?;79.02;69419;?;?
USA;?;2003;Tap;3.02;8.46;49.57;?;2368;60.09;489;16.83;5120;53.14;?
?;?;2017;River;4.59;8.06;?;?;3498;67.6;372;?;?;21.91;?
?;?;2004;?;3.62;?;5.83;15.57;?;30.43;?;?;?;35.07;?
?;Central;?;Well;9.33;?;11.47;?;3167;?;460;31.96;?;?;Chlorination
?;?;2008;Tap;4.76;7.81;9.87;18.55;?;?;405;67.35;?;?;Chlorination
India;Central;2018;?;0.74;6.17;32.89;0.04;?;?;157;?;4908;21.87;?
?;South;2021;Well;?;?;14.38;1.9;4944;76.33;?;93.53;?;39.55;Filtration
Bangladesh;South;2000;Tap;8.78;?;?;3.66;?;?;?;79.26;88032;?;?
?;Central;?;Tap;4.14;?;41.15;10.95;2469;?;?;?;?;?;No Treatment
Pakistan;?;?;?;1.22;?;?;14.26;?;67.91;?;60.64;29531;32.59;Filtration
?;South;?;Well;9.08;7.29;32.46;4.44;?;?;149;?;84513;20.56;Boiling
?;?;?;?;0.19;?;45.6;?;443;?;?;59.7;31089;72.11;No Treatment
China;South;?;Pond;7.62;?;35.6;?;?;?;36;27.75;45605;21.05;?
Brazil;?;?;Well;?;8.33;7.38;13.37;2078;65.33;334;58.66;30094;?;?
Pakistan;?;2017;Pond;7.65;?;?;10.26;1128;68.64;?;27.93;10937;40.56;Filtration
Indonesia;Central;2016;?;?;8.23;?;?;2545;84.51;366;?;80796;60.14;No Treatment
USA;East;2019;?;5.03;7.45;?;11.65;?;?;?;28.92;10753;?;Boiling
?;?;2002;?;?;?;35.96;19.06;2198;32.33;?;76.64;?;57.23;?
Ethiopia;West;?;?;1.47;8.37;?;?;4309;?;225;?;?;70.46;Chlorination
?;South;2019;?;8.32;8.17;5.85;17.17;3881;76.51;?;2.78;68319;47.52;Boiling
?;South;?;?;8.51;6.48;21.99;9.36;4224;72.36;?;22.57;36803;91.65;No Treatment
Bangladesh;?;2011;Spring;0.14;?;?;?;2733;?;?;34.69;50191;71.29;No Treatment
Mexico;North;2019;?;0.33;7.08;43.52;9.32;?;81.55;?;76.45;59728;?;?
?;North;2011;?;?;?;42.28;16.26;?;33.98;123;85.65;?;26.26;Boiling
Brazil;West;2011;?;6.09;7.77;?;?;1194;93.23;46;?;42816;64.29;?
Pakistan;?;?;?;6.26;6.33;33.65;?;?;65.77;383;?;?;98.57;Filtration
Bangladesh;South;2023;Spring;4.87;8.16;46.78;19.78;4532;43.18;121;84.93;69490;89.57;No Treatment
Nigeria;?;2024;?;1.35;8.05;?;?;?;95.4;303;7.64;45887;87.47;Boiling
?;South;2015;?;2.49;8.37;43.8;?;?;76.16;51;31.78;50715;66.89;No Treatment
USA;East;?;Spring;?;7.34;14.13;16.81;?;46.01;130;?;?;?;?
Brazil;East;2023;Tap;6.59;7.36;20.45;?;3429;?;?;?;?;39.13;Chlorination
?;West;?;?;2.82;8.39;34.05;?;2934;?;109;36.6;48877;28.42;Chlorination
China;?;2009;?;7.74;?;15.75;?;2621;34.22;?;?;?;76.75;Chlorination
?;South;2010;Well;?;8.46;32.98;3.69;2647;87.44;?;49.89;75830;20.37;?
Ethiopia;?;?;?;0.8;7.95;?;?;3946;85.68;?;?;76099;37.31;No Treatment
China;?;2018;Spring;?;?;?;8.57;4428;?;411;83.44;59746;56.99;No Treatment
?;?;?;Lake;9.81;?;?;?;?;?;388;12.42;28903;?;?
Brazil;?;2020;?;8.86;?;29.47;?;318;35.96;174;?;?;80.2;?
?;?;2020;?;0.62;?;?;12.09;?;?;?;?;77667;?;Filtration
Pakistan;?;?;?;7.28;8.13;?;19.38;2255;84.98;287;55.39;?;?;?
Ethiopia;West;2013;?;2.93;?;?;16.74;?;69.48;258;70.13;?;51.11;?
Brazil;West;?;?;0.21;?;40.33;?;4849;?;?;?;20290;86.73;Filtration
?;East;?;River;2.61;?;?;1.79;984;41.86;462;?;49960;35.59;Filtration
China;?;2003;?;?;7.36;18.51;18.28;3353;30.78;326;45.8;4466;?;Chlorination
?;?;?;Spring;?;?;?;13.5;?;?;?;?;29439;23.25;Boiling
Bangladesh;West;?;Tap;?;6.55;15.57;0.75;4161;?;387;?;?;47.91;Boiling
USA;West;2017;Pond;?;8.39;?;4.35;4604;?;?;83.7;?;93.91;?
?;South;2005;Pond;1.41;?;36.24;?;?;43.92;446;31.37;?;53.88;Boiling
China;South;2021;Tap;?;8.17;42.27;?;3740;76.21;385;?;?;?;Filtration
Bangladesh;?;2004;Tap;?;?;25.58;?;4051;51.37;478;?;?;?;Boiling
USA;?;2012;Well;0.08;8.5;17.09;11.63;4305;?;389;?;87750;?;?
Nigeria;?;?;Pond;9.64;7.98;7.73;8.65;?;88.39;?;?;70080;82.94;Boiling
USA;East;2005;Well;?;6.96;?;15.76;1103;78.73;?;77.49;60226;67.34;Chlorination
?;North;?;?;1.6;7.92;36.49;8.21;3998;?;464;84.77;66101;85.27;?
Ethiopia;East;2008;Lake;5.12;?;6.78;?;2548;?;?;7.99;44411;79.21;Chlorination
Pakistan;South;2002;Tap;1.29;?;13.31;?;?;76.3;2;?;?;?;?
?;East;2019;?;?;?;?;8.77;4422;?;340;91.29;?;70.56;?
USA;West;?;River;?;?;11.75;?;?;70.72;8;?;?;95.57;Filtration
Pakistan;Central;2015;Pond;6.0;?;?;0.83;?;?;?;61.29;?;?;?
Pakistan;?;2006;?;?;?;?;16.71;?;?;180;95.42;38820;80.21;?
Brazil;?;2022;Tap;?;?;?;12.38;?;80.13;399;?;?;49.16;Filtration
?;South;?;?;0.32;?;18.57;9.33;1650;?;476;?;?;66.65;Chlorination
Bangladesh;West;?;?;?;8.31;?;6.61;1542;?;?;48.79;?;51.07;?
India;South;2008;?;5.79;?;?;?;1244;?;?;?;41981;?;No Treatment
?;?;?;Well;2.11;8.3;19.99;19.69;?;?;384;?;11954;40.68;Boiling
?;West;2012;Spring;?;8.39;23.82;?;1357;46.9;?;78.55;?;?;Chlorination
USA;?;2000;River;3.87;7.05;?;8.37;1108;94.94;7;66.01;?;26.37;No Treatment
?;South;2006;River;6.55;?;30.43;?;4021;85.27;164;?;?;58.09;?
Mexico;?;2008;Tap;4.11;6.37;11.93;?;?;30.07;395;?;16965;28.97;Chlorination
USA;West;2018;Lake;?;7.92;17.67;?;?;?;256;?;96736;27.56;Boiling
Indonesia;Central;?;Well;6.89;7.85;?;15.43;3709;?;?;93.87;21716;90.79;?
Indonesia;Central;?;Well;?;7.34;14.03;?;801;71.5;?;92.58;35006;68.53;Chlorination
?;Central;?;Tap;?;6.05;?;2.08;1365;?;397;?;?;?;Chlorination
?;North;2017;Pond;4.13;?;?;?;?;48.17;371;?;?;31.88;No Treatment
?;East;2022;?;9.96;?;11.11;?;?;37.13;433;?;90512;90.63;Chlorination
India;West;2006;River;8.57;?;28.9;6.97;4770;68.85;71;8.87;90872;?;Boiling
Indonesia;?;2024;River;?;6.06;24.39;13.72;1771;79.27;383;83.36;12867;52.63;Chlorination
?;?;2015;?;9.68;8.27;12.5;?;2504;99.68;396;?;24182;75.17;Filtration
Ethiopia;?;2002;Spring;7.4;?;?;9.17;2236;68.95;46;?;49106;?;?
?;?;?;?;?;?;46.66;0.67;?;74.87;17;54.83;?;22.57;Chlorination
Bangladesh;Central;2008;?;9.56;?;?;10.37;4454;?;?;26.69;88752;44.69;Boiling
Indonesia;Central;2001;River;6.13;?;?;4.59;?;?;23;31.0;98893;95.84;No Treatment
?;?;2023;?;?;7.23;35.35;8.66;?;?;493;?;49009;70.6;Boiling
?;Central;2013;?;7.4;?;20.78;0.73;4771;90.87;?;41.06;?;?;?
?;South;2007;Tap;?;8.05;49.11;?;1378;?;?;64.08;?;69.49;?
Nigeria;?;2016;River;?;8.32;?;?;3732;?;?;72.83;8282;48.29;Filtration
USA;South;2004;Lake;4.71;6.79;39.51;8.54;?;?;?;?;90224;75.67;?
?;North;2016;?;?;6.65;29.05;9.01;2151;?;121;96.68;88190;84.29;?
?;?;2019;River;?;?;20.4;?;?;81.42;?;93.53;14049;?;?
?;?;2024;?;5.1;?;?;15.13;?;?;385;?;1346;?;?
?;?;?;River;?;8.18;42.51;5.28;?;54.04;116;?;?;?;Filtration
USA;?;?;?;1.27;?;3.42;0.82;?;?;318;8.18;?;21.68;?
Nigeria;North;2008;?;1.06;?;?;0.26;?;?;137;?;?;61.89;No Treatment
Mexico;?;2009;?;0.38;6.46;?;19.17;2985;63.04;52;17.98;99948;?;?
USA;North;?;?;5.05;?;?;14.51;1259;76.7;?;15.5;42749;54.86;?
USA;?;?;?;8.28;8.28;?;?;1269;58.33;?;46.14;?;47.62;Chlorination
Indonesia;South;2009;?;?;?;?;14.95;?;79.14;413;?;87526;60.38;Filtration
USA;?;?;Spring;?;6.38;32.93;?;?;98.12;417;66.78;93871;37.76;No Treatment
?;South;?;River;1.48;?;?;4.31;?;96.75;?;84.34;?;35.86;Boiling
?;South;?;Pond;7.78;?;?;16.56;2029;?;78;18.63;?;40.82;Chlorination
Bangladesh;?;2018;Pond;7.19;7.67;47.05;1.25;?;85.65;151;87.24;76310;96.08;No Treatment
Nigeria;South;2018;Spring;0.09;?;47.34;16.26;?;50.2;84;?;89685;?;No Treatment
?;?;2001;Pond;?;?;?;?;1268;?;?;48.64;71127;53.58;Chlorination
Pakistan;?;?;?;5.63;6.24;?;17.1;2679;?;?;37.04;?;84.59;?
India;South;?;Lake;3.53;?;3.22;?;?;?;418;38.56;30065;20.21;Boiling
?;?;2004;?;?;7.74;?;16.43;?;?;?;23.08;?;70.59;Boiling
?;East;2006;?;?;?;?;15.79;2819;57.36;75;?;92745;98.76;No Treatment
?;East;?;Lake;5.3;6.4;17.22;?;?;66.96;413;37.76;63581;?;?
?;?;2015;?;0.08;7.07;32.72;3.24;4202;41.28;429;?;?;?;?
?;?;2007;River;1.32;8.08;7.84;14.63;2019;53.56;139;43.9;?;45.61;Filtration
?;?;2019;Lake;?;7.89;9.76;?;267;43.15;?;?;?;35.91;Chlorination
Indonesia;South;2009;Tap;7.16;7.49;8.76;16.19;?;58.82;293;87.79;?;54.21;No Treatment
Mexico;?;2017;?;?;7.84;?;6.56;?;46.07;?;?;74630;?;?
?;West;?;Pond;?;7.6;?;4.28;1815;36.16;256;79.69;?;?;?
Brazil;East;?;?;7.35;6.61;47.89;9.98;3043;?;352;?;?;67.32;Filtration
USA;East;2018;Lake;0.53;7.34;?;?;982;?;302;?;30081;27.94;?
?;?;?;?;7.5;8.24;35.3;?;985;?;?;90.23;13953;?;Filtration
India;?;2004;?;6.77;?;19.57;?;4354;88.17;?;94.67;82988;?;No Treatment
Nigeria;West;2019;River;?;6.3;25.54;?;?;61.36;?;?;?;75.29;Filtration
?;?;2012;?;?;6.49;?;?;1874;?;?;4.17;?;?;?
?;South;2015;?;?;8.17;?;?;3194;?;221;10.12;35369;?;Chlorination
Pakistan;?;?;?;?;?;?;?;2450;?;104;78.62;?;27.84;Filtration
Ethiopia;West;?;?;?;?;48.48;8.12;?;68.66;241;?;?;89.33;?
?;West;2011;?;9.99;7.11;47.57;9.09;141;55.2;269;?;66889;?;?
?;East;2004;Pond;0.03;7.27;?;13.61;?;?;257;95.21;14447;33.81;?
Ethiopia;West;2009;?;?;7.72;48.09;6.41;258;40.31;?;19.47;63999;56.45;?
?;North;?;?;8.03;?;?;6.07;?;64.73;238;25.96;?;34.44;?
?;?;2022;Lake;4.8;?;?;?;?;58.48;?;44.86;?;59.35;Chlorination
China;?;2022;?;7.23;?;?;?;?;?;497;?;?;?;Filtration
China;East;2010;River;?;7.28;?;14.54;?;96.86;315;71.55;?;23.36;Filtration
?;South;2018;Tap;6.33;?;?;?;4537;70.47;413;39.61;20116;?;Chlorination
Bangladesh;Central;?;Tap;3.07;6.56;27.42;?;?;66.79;273;?;53390;?;Filtration
?;South;?;?;6.41;?;?;13.13;2337;?;?;29.97;41606;27.74;Chlorination
?;South;2019;?;4.98;?;34.61;15.74;193;63.92;388;5.69;2473;91.98;Boiling
India;Central;2001;?;?;8.08;2.08;17.89;787;47.72;169;66.74;50889;?;Filtration
?;Central;2002;Lake;0.59;?;19.57;4.55;505;63.11;?;68.24;52879;96.41;Boiling
China;?;2007;?;9.59;6.65;?;?;?;61.02;?;38.09;44013;90.28;Chlorination
Indonesia;Central;2006;Tap;?;?;40.81;?;3018;69.39;?;75.43;?;?;?
?;?;?;Spring;7.98;?;16.25;13.76;4821;41.45;?;?;?;?;No Treatment
?;South;2016;?;7.14;7.28;28.82;?;649;?;450;?;?;40.67;Chlorination
Nigeria;East;?;?;4.74;8.15;?;3.96;?;63.16;?;?;42034;62.74;?
Ethiopia;South;?;Tap;9.14;8.19;7.99;?;?;?;?;27.13;92459;?;Filtration
Brazil;Central;2016;Tap;9.51;?;41.93;?;?;60.94;287;?;3170;33.15;Filtration
Pakistan;East;2009;?;?;6.37;?;?;?;?;?;89.08;?;39.94;?
Pakistan;Central;2018;River;?;7.98;?;14.7;3972;?;475;?;?;?;?
USA;?;2000;?;?;7.76;?;5.1;?;?;?;?;98532;87.75;Chlorination
?;North;?;Pond;0.15;7.25;?;?;1353;43.31;?;16.39;78771;28.43;?
India;?;?;Lake;?;?;?;?;2046;?;232;?;64227;28.85;No Treatment
?;East;2004;Lake;9.95;7.02;21.55;13.46;?;47.12;235;?;68672;95.8;?
Brazil;South;2012;Lake;2.1;7.66;?;?;?;?;273;87.8;?;?;?
Brazil;Central;2019;?;?;?;?;?;?;65.27;?;51.56;?;86.82;?
Mexico;?;2005;?;?;?;35.19;?;?;49.11;?;?;?;?;Filtration
Nigeria;?;?;?;3.18;?;?;1.37;980;80.14;147;89.76;66684;31.71;No Treatment
Pakistan;?;?;River;3.18;6.74;20.39;11.59;887;44.76;?;51.54;90745;76.82;?
?;?;?;?;0.84;7.62;8.39;?;2206;?;355;?;51852;26.65;Chlorination
?;South;?;?;2.0;7.8;46.39;?;?;96.43;278;?;13513;?;Boiling
?;?;2012;Tap;6.81;6.86;31.69;?;?;?;120;70.6;93866;77.97;?
India;North;2023;Pond;4.27;?;?;?;976;?;?;91.72;70568;20.81;Chlorination
Pakistan;?;2014;Well;?;8.0;10.9;?;2914;83.8;59;57.64;12771;91.29;Chlorination
?;West;?;Tap;8.79;6.04;?;?;774;76.41;?;15.95;9779;?;No Treatment
Ethiopia;?;2006;Pond;9.63;8.25;10.54;?;2839;?;308;13.38;?;25.86;No Treatment
?;East;2012;?;?;?;8.34;5.45;?;?;82;?;21822;94.85;Boiling
Nigeria;North;2011;Well;6.83;7.88;49.87;?;?;74.63;291;45.41;72246;43.05;No Treatment
?;East;?;Pond;?;?;?;16.43;1180;58.96;429;3.2;35592;45.4;?
?;South;?;Well;?;?;48.01;?;4496;88.31;342;?;96588;97.68;Chlorination
?;East;?;?;2.97;7.44;?;2.72;1837;54.46;88;84.42;?;70.47;Chlorination
?;?;?;Spring;?;?;?;13.4;2080;?;467;?;85784;80.21;?
China;?;2012;Lake;?;7.9;8.03;?;?;89.24;?;16.4;?;23.31;Boiling
?;?;?;?;?;6.3;14.46;?;204;77.79;424;60.39;37442;?;Chlorination
India;East;2002;River;?;?;?;9.6;2172;85.38;84;?;71924;43.63;?
China;East;2020;?;6.66;?;?;2.7;1179;68.0;268;95.99;49186;61.86;No Treatment
?;?;?;Pond;8.22;7.25;38.81;?;3420;?;266;38.65;?;?;Boiling
?;North;2012;Lake;6.45;7.15;20.31;?;?;76.77;?;33.81;65626;?;?
China;?;?;Lake;?;6.37;22.87;19.26;1008;86.69;?;45.75;99521;64.2;No Treatment
Indonesia;Central;?;?;?;8.1;?;15.61;?;?;?;63.41;82399;?;?
India;West;2017;?;2.52;8.2;16.46;8.5;?;65.64;163;?;17687;72.41;Filtration
India;?;?;?;8.06;6.27;35.06;?;?;?;441;28.8;?;25.32;Filtration
?;?;2004;?;9.38;6.02;21.51;?;1918;63.99;489;?;?;?;Chlorination
Pakistan;East;?;Pond;6.16;7.79;13.34;13.84;303;?;?;25.16;28001;39.86;?
Pakistan;North;?;?;?;7.06;12.96;?;3590;47.55;?;63.23;?;?;No Treatment
?;East;2010;Well;3.33;?;?;?;?;61.55;?;99.53;?;85.27;Filtration
Bangladesh;North;?;Well;2.9;7.54;29.4;12.47;849;?;383;3.1;24567;23.2;Chlorination
?;South;2008;?;?;7.65;?;1.31;1777;51.83;109;?;?;?;?
?;East;2003;?;?;8.14;15.08;15.24;?;?;?;30.11;45074;?;Chlorination
?;?;2012;River;?;?;?;9.73;2937;87.56;?;?;7008;74.35;Boiling
Nigeria;Central;?;Well;?;?;?;17.19;?;95.84;?;?;77613;95.09;Filtration
Ethiopia;East;?;?;?;?;37.78;18.49;3319;?;?;?;35927;29.86;?
?;East;?;?;2.17;7.58;?;17.12;1014;?;?;23.04;63030;27.87;Filtration
?;?;?;Spring;?;6.63;?;7.89;2284;89.48;?;?;?;?;Filtration
?;?;2000;Spring;?;8.42;19.98;?;2489;?;?;?;24519;90.69;?
?;Central;?;Spring;?;6.8;?;6.01;1688;?;?;6.08;?;48.63;Chlorination
Ethiopia;South;?;Well;5.3;6.3;?;17.76;4149;75.05;5;?;61465;74.96;Boiling
Ethiopia;?;2013;Spring;0.21;6.48;?;4.39;910;67.52;114;14.42;23236;41.43;No Treatment
USA;North;2010;Lake;?;?;26.42;15.41;?;99.83;?;24.34;?;24.88;No Treatment
Ethiopia;?;?;Well;?;7.75;37.75;?;3106;93.63;308;60.81;34983;37.76;Chlorination
?;West;?;Pond;4.16;?;?;14.84;?;?;?;75.9;?;?;?
USA;?;2024;?;2.7;7.0;5.23;?;3249;30.48;247;?;?;57.05;No Treatment
Brazil;North;2004;?;0.53;6.45;?;18.76;?;42.2;?;82.47;11496;70.87;Filtration
China;West;?;Spring;4.48;?;?;?;3443;82.49;?;?;11227;?;?
?;?;2024;?;2.17;7.58;32.3;5.42;2954;46.7;?;20.23;?;?;No Treatment
?;?;2022;Pond;?;7.88;?;19.68;4206;65.64;485;33.8;12603;21.09;?
?;Central;2003;?;?;?;23.41;?;3117;79.47;207;?;47034;91.61;?
?;West;2002;Lake;9.23;7.73;13.22;18.42;3438;64.28;333;22.95;?;?;?
Ethiopia;North;?;Pond;2.2;?;37.41;?;?;42.22;10;50.66;32128;36.78;Filtration
?;?;2015;Pond;1.08;7.43;?;?;1932;77.75;173;58.13;?;41.12;?
?;?;2006;Spring;4.81;8.29;41.16;13.28;?;?;391;83.3;?;?;No Treatment
?;East;2014;Spring;?;8.31;?;10.07;970;96.42;241;13.62;?;67.4;Chlorination
USA;South;2024;?;?;?;36.37;12.98;471;?;91;?;99444;74.83;Chlorination
?;North;2002;Well;?;?;20.51;?;?;38.87;126;?;?;87.55;Boiling
?;East;2010;Lake;2.83;6.6;?;15.04;3430;38.82;466;?;?;93.01;Filtration
Bangladesh;?;2023;River;?;7.76;14.12;18.48;?;?;?;?;?;?;?
?;East;2001;Pond;2.07;?;6.78;?;405;?;160;?;?;40.46;?
?;Central;?;Pond;?;7.01;?;?;3495;73.28;21;36.56;96754;?;Filtration
?;?;?;Spring;?;?;49.45;?;4694;?;358;?;58573;?;Boiling
?;?;?;Well;?;7.89;18.34;11.97;2424;93.91;349;?;7212;?;Filtration
China;West;?;?;?;7.43;38.75;?;2070;?;?;?;71333;55.17;No Treatment
?;West;2008;Lake;5.21;6.12;?;?;305;41.49;298;83.6;71668;24.09;?
Mexico;?;?;?;0.73;6.13;?;?;1426;?;?;?;45304;21.4;?
?;Central;?;?;?;6.72;?;9.49;1323;97.14;?;79.0;52651;38.72;Chlorination
?;Central;?;Tap;6.53;6.25;?;?;?;93.73;63;?;?;?;?
Nigeria;East;?;Tap;?;?;6.79;?;78;?;52;44.57;?;72.73;Chlorination
?;Central;2014;Spring;?;?;?;?;?;?;?;97.12;17546;54.3;Filtration
?;East;2006;Pond;0.31;?;45.06;7.49;?;?;146;36.31;?;?;Boiling
Pakistan;East;2001;Well;0.04;8.11;?;12.82;2808;?;256;?;?;46.7;?
?;?;?;?;7.14;6.15;5.15;17.71;538;77.11;56;?;12337;96.91;?
?;South;2021;River;8.88;6.4;?;19.1;?;63.08;363;83.79;?;53.49;Chlorination
Mexico;?;2022;Spring;?;6.57;48.72;7.61;?;?;?;?;42972;80.28;?
Mexico;South;2022;Pond;?;?;?;?;2412;?;31;?;71032;29.35;?
?;West;2015;?;?;8.17;?;14.96;995;60.7;407;31.21;69739;65.67;Chlorination
Ethiopia;?;2001;Well;0.8;?;?;?;2270;38.86;354;44.95;21909;87.68;?
Nigeria;?;2023;?;4.0;?;?;?;4038;42.7;?;55.04;?;?;Filtration
Indonesia;South;2016;Well;?;?;22.1;5.48;?;89.3;452;?;?;72.36;?
?;?;2020;?;4.88;7.23;23.5;?;2935;61.55;333;?;27286;?;?
Mexico;West;2007;?;1.36;6.78;?;?;?;?;?;?;86805;36.28;Boiling
India;West;?;?;?;6.99;19.48;9.82;4837;38.21;55;33.83;70500;82.84;Boiling
?;?;?;?;0.87;?;?;?;4089;93.56;355;71.48;71377;37.76;Boiling
Bangladesh;East;?;Well;?;7.33;41.7;8.99;3282;?;468;42.74;53434;?;Chlorination
?;North;2002;Well;?;8.24;?;?;?;55.88;?;?;14801;48.5;Chlorination
Mexico;?;2009;Tap;?;?;?;19.61;2781;?;34;10.6;?;?;?
Ethiopia;West;2012;Spring;?;?;?;17.42;1871;97.44;85;3.64;?;52.19;?
?;?;2021;?;?;6.32;?;14.31;?;89.39;118;7.4;?;?;Chlorination
Mexico;North;2021;Lake;8.93;6.35;47.33;13.31;?;?;?;19.98;?;28.62;No Treatment
?;West;?;?;6.53;8.31;?;11.81;3805;56.63;266;?;?;25.58;?
Bangladesh;Central;2004;Tap;?;7.76;37.07;6.77;?;?;401;70.89;18252;80.47;?
Brazil;North;?;?;4.68;?;?;5.87;4770;?;446;10.56;?;61.0;Boiling
India;West;2005;?;4.96;7.38;31.88;10.29;2486;51.37;?;?;50700;?;Filtration
China;Central;?;Spring;2.67;6.4;?;?;805;?;?;2.91;44257;?;Chlorination
Bangladesh;North;2016;Pond;1.72;?;?;0.69;3134;?;407;?;?;78.55;?
Brazil;?;?;Lake;4.47;?;12.87;3.36;2094;30.53;46;90.33;31184;?;Chlorination
Brazil;Central;2015;River;?;7.1;42.92;?;?;35.47;455;?;?;?;Chlorination
?;East;2006;?;3.39;?;6.74;1.59;?;74.5;476;?;90394;21.15;No Treatment
Nigeria;?;2018;River;8.06;?;17.61;?;?;67.28;?;73.53;89529;98.3;?
India;?;?;Tap;2.67;?;?;15.58;3726;83.05;?;?;54443;?;Filtration
?;East;2003;Tap;?;8.39;32.18;4.65;1813;?;196;?;?;52.07;?
Nigeria;Central;2018;Tap;0.81;7.03;?;?;3293;?;?;?;32214;72.5;?
?;South;2010;?;9.36;7.17;23.96;?;4109;69.8;366;66.08;87642;?;?
Mexico;?;2016;?;?;7.12;?;?;4149;93.72;387;58.05;71782;90.42;Boiling
?;?;2008;Well;?;8.16;35.74;6.37;302;?;?;99.21;51632;38.56;?
?;?;?;?;4.46;?;?;?;2053;?;76;48.1;59367;?;?
Brazil;North;2000;River;9.59;?;28.91;11.43;?;?;?;47.14;?;?;Filtration
?;?;2023;Spring;?;7.24;17.0;2.47;888;54.26;?;?;71262;27.95;Boiling
?;East;2018;River;4.0;7.38;?;?;2371;93.31;?;?;3294;?;?
?;?;2015;?;3.42;?;28.82;6.67;1146;53.41;153;73.74;?;?;Filtration
Pakistan;?;2024;Lake;0.18;6.91;20.81;2.26;?;?;?;92.41;55409;79.31;?
China;?;?;?;3.53;6.39;27.03;13.56;309;?;353;45.57;?;?;?
China;South;2003;Lake;5.15;?;?;18.73;?;85.48;?;12.93;?;?;Chlorination
India;North;2010;Spring;?;7.39;?;2.9;?;69.13;?;39.21;?;?;?
?;East;2006;?;9.26;7.46;?;13.41;480;85.87;?;?;61628;?;?
?;?;2000;?;0.28;?;25.38;3.22;?;43.56;404;?;?;42.97;Filtration
?;?;?;?;1.07;8.36;14.77;0.09;3677;?;?;?;?;55.27;No Treatment
USA;?;?;Tap;7.02;?;12.15;13.02;?;65.43;379;2.75;53753;96.09;No Treatment
Bangladesh;South;2017;?;?;6.67;?;?;?;?;?;?;60510;61.78;?
Nigeria;?;?;Tap;2.34;6.1;24.27;?;?;65.81;268;?;?;?;Chlorination
Mexico;?;?;Well;2.4;8.1;?;7.08;1396;?;230;13.32;?;?;?
?;North;2001;Tap;?;7.45;34.03;2.28;?;47.44;?;33.97;99073;47.41;No Treatment
Ethiopia;East;2010;Pond;4.75;6.59;39.51;?;2173;?;378;?;80903;88.25;Chlorination
Nigeria;North;?;Well;?;6.4;47.79;19.67;?;?;351;?;?;29.53;Boiling
Ethiopia;East;2001;River;?;6.78;22.35;?;2320;?;?;?;55695;?;Boiling
Nigeria;East;2016;River;9.64;7.75;35.46;?;4983;?;337;?;78990;75.22;No Treatment
Bangladesh;South;2019;?;?;6.92;?;12.3;2462;76.86;106;27.73;?;22.75;Chlorination
Mexico;North;2013;Spring;?;?;45.0;3.62;?;65.2;271;?;79663;87.71;?
Pakistan;?;?;?;0.62;7.97;?;?;?;96.83;?;?;?;92.6;No Treatment
?;West;2001;River;5.24;?;?;3.63;?;?;415;?;8322;?;Boiling
?;South;2004;Well;5.34;6.02;8.97;?;3973;?;109;59.04;?;25.54;?
India;?;?;?;3.09;7.74;?;6.17;3827;?;?;19.19;69661;22.24;?
?;East;2011;?;9.56;6.97;27.35;5.77;?;54.08;468;99.4;?;?;Filtration
?;West;2001;Well;?;8.47;7.53;?;3142;?;36;?;6512;?;?
Mexico;?;?;?;0.79;?;16.87;14.41;4801;52.56;83;44.41;74794;?;?
USA;?;2012;Spring;7.89;7.72;?;?;?;71.54;209;59.11;?;75.99;?
Indonesia;South;?;Pond;?;?;21.24;?;?;?;465;12.32;72733;33.14;No Treatment
USA;?;2013;Lake;?;?;12.96;?;1089;85.82;?;?;95915;?;Filtration
?;East;?;Spring;6.45;7.08;39.72;?;3370;91.69;?;67.57;86103;73.4;?
Pakistan;?;2015;Well;6.94;6.87;39.62;18.63;2859;67.91;356;35.74;34408;76.94;?
Ethiopia;East;?;Tap;1.53;?;27.77;?;1432;?;109;17.79;68632;60.83;Boiling
?;North;2017;?;1.35;?;?;14.06;?;?;481;71.81;?;?;?
Brazil;East;2009;?;5.57;?;?;?;3357;?;?;6.89;96504;59.41;No Treatment
?;?;2004;?;?;8.15;?;17.0;?;?;345;?;?;25.71;?
Ethiopia;?;?;River;3.86;6.32;?;?;2349;?;436;57.79;72509;?;Chlorination
?;East;?;Spring;1.62;?;?;6.9;?;32.59;153;92.62;2750;75.31;?
China;?;2008;River;?;6.47;39.84;?;?;?;212;27.82;53831;?;?
Nigeria;Central;?;Spring;7.22;7.53;33.07;?;1427;99.27;395;9.57;33940;72.15;Filtration
?;East;2006;Tap;?;?;?;16.13;?;42.98;483;67.67;?;43.39;?
Mexico;West;?;Pond;9.13;6.24;?;1.96;4974;43.1;361;?;?;77.85;?
?;Central;?;?;?;6.34;?;0.15;?;?;319;86.84;?;81.73;?
USA;Central;2010;Lake;3.79;7.86;3.48;0.0;4020;83.96;270;67.28;24852;22.11;Boiling
Bangladesh;?;?;Lake;6.01;?;1.57;?;?;37.75;475;?;12023;51.41;Chlorination
?;?;2013;?;1.19;6.36;14.75;0.66;2340;?;200;42.2;?;?;?
?;?;2002;Pond;1.54;?;32.31;13.6;1963;75.54;?;93.03;14447;?;?
India;?;?;Well;?;?;40.88;?;?;31.09;252;47.5;?;52.85;?
Brazil;Central;?;Pond;5.55;6.64;?;?;?;88.59;?;5.44;63874;?;?
?;Central;2016;?;9.68;7.11;?;11.07;2152;35.01;489;?;?;76.15;Boiling
?;West;2013;River;5.0;7.52;?;14.76;?;85.64;?;?;9091;?;?
Bangladesh;North;2004;?;9.22;8.12;44.21;3.9;494;96.57;277;?;?;66.68;Chlorination
?;South;2009;Well;?;?;31.18;?;?;66.32;49;?;?;86.92;No Treatment
Brazil;East;?;Lake;0.6;?;5.74;1.99;488;?;?;?;81465;?;Filtration
Ethiopia;?;2002;Pond;8.59;6.38;26.18;?;1343;?;?;?;75407;69.01;?
China;East;2022;?;3.38;?;24.2;?;1070;?;232;26.61;71531;61.98;No Treatment
?;East;?;?;?;7.81;?;11.45;?;66.14;497;32.03;89630;44.9;Chlorination
?;?;2013;Pond;?;7.31;17.41;19.26;3479;76.69;?;?;?;?;No Treatment
Pakistan;West;2015;Pond;8.39;6.68;30.79;1.72;?;88.88;267;19.97;80618;58.67;Chlorination
?;?;2022;?;?;?;?;?;?;59.77;197;61.57;87270;46.91;?
Brazil;?;2014;Pond;?;6.58;17.18;18.0;3875;86.08;151;?;59388;?;Filtration
?;?;?;?;?;?;15.54;?;1996;80.54;382;?;?;89.58;Chlorination
USA;Central;2003;Lake;?;7.44;18.62;4.16;?;73.28;?;78.28;8463;?;Boiling
Pakistan;East;2013;Tap;2.27;?;45.9;?;308;51.98;?;18.54;36073;59.13;?
?;Central;2001;?;5.55;6.3;39.31;15.25;?;46.52;466;86.05;76182;?;Boiling
India;Central;?;Well;?;?;44.16;19.14;3562;?;178;92.97;?;?;Filtration
Brazil;?;?;River;?;7.83;?;?;?;?;121;37.05;?;?;Boiling
Pakistan;South;?;River;?;7.12;?;?;835;?;?;?;51274;?;?
?;West;2019;?;1.57;?;29.99;4.95;3459;39.95;76;29.28;44337;?;?
Brazil;?;2019;Tap;7.36;?;?;14.77;?;?;50;?;37230;32.2;Boiling
?;South;?;Pond;?;?;42.21;14.87;?;?;246;56.38;?;?;Chlorination
Nigeria;?;2006;Tap;?;7.8;11.67;?;2148;?;?;?;?;?;Boiling
?;South;2000;?;7.95;8.35;?;11.51;?;?;257;53.12;75775;85.14;?
?;Central;?;Spring;?;?;35.79;?;3113;?;?;43.65;17296;48.28;Boiling
Indonesia;West;?;?;?;7.72;?;?;4453;84.97;?;41.14;38319;30.36;Filtration
Bangladesh;?;2011;Spring;?;6.51;43.02;9.79;2884;90.52;?;76.46;33763;?;Chlorination
?;?;2018;?;5.77;7.16;49.66;10.9;?;?;190;?;74139;29.12;?
USA;West;2021;Lake;4.05;?;?;?;?;53.23;263;16.03;?;?;?
Nigeria;West;?;?;9.31;6.45;44.51;12.27;?;?;37;22.84;11334;74.4;?
Nigeria;North;2000;?;6.3;?;?;?;3901;92.14;?;?;?;36.02;?
?;North;?;Tap;6.62;?;?;8.96;4096;?;250;?;42869;79.48;?
Indonesia;East;2007;Pond;2.21;6.75;?;7.35;3439;?;269;?;37079;?;?
Nigeria;Central;2013;?;?;?;45.99;10.23;?;?;261;?;72858;?;Chlorination
India;East;?;?;?;7.95;?;17.23;321;60.39;236;93.05;?;77.64;?
?;North;?;?;?;8.2;?;?;2654;83.34;?;34.07;37530;71.59;?
Mexico;?;2001;Tap;9.66;7.86;?;11.74;1528;?;95;?;65953;27.42;Filtration
Pakistan;?;2019;Lake;2.25;?;?;1.79;4169;90.72;484;?;?;83.71;Boiling
?;?;?;Tap;?;?;0.96;?;?;32.63;?;2.3;53664;?;Chlorination
USA;Central;2019;River;8.07;6.5;11.05;?;4222;41.91;?;?;35442;85.42;Boiling
?;Central;2023;?;?;8.08;41.65;1.66;?;?;?;42.13;?;60.78;Filtration
?;East;2006;?;?;?;?;18.72;?;?;339;?;?;93.46;No Treatment
USA;?;2016;Lake;?;7.56;33.98;?;?;33.66;316;95.89;62838;45.25;?
Bangladesh;?;?;Lake;5.02;?;?;9.35;162;37.13;195;44.94;?;46.18;?
?;?;2024;River;6.33;?;19.2;8.16;?;95.78;?;94.69;?;39.74;Filtration
?;Central;?;?;2.26;6.0;34.59;19.86;3945;74.81;217;?;36481;22.47;Boiling
Nigeria;Central;2003;?;2.97;7.02;?;?;?;?;389;73.69;?;?;Filtration
Mexico;?;2017;?;?;?;?;?;2768;57.97;412;43.17;?;27.46;Filtration
China;North;?;Well;7.19;6.2;?;6.86;?;?;329;?;47178;84.56;Boiling
India;Central;?;Lake;?;?;43.19;?;2117;92.39;?;?;?;?;Boiling
USA;?;2014;?;7.12;?;28.63;9.64;3282;?;?;99.62;45646;27.69;?
?;?;2008;Spring;?;?;32.38;19.13;1880;42.25;?;24.79;?;?;?
Pakistan;South;2015;Well;0.41;?;35.49;?;?;?;461;86.51;60025;?;Chlorination
Mexico;Central;?;River;3.82;?;?;8.1;1180;39.03;?;44.66;98727;?;?
USA;East;?;?;?;?;34.58;?;?;84.04;358;92.46;69675;?;Filtration
?;?;2004;Tap;0.22;6.76;?;?;1751;60.25;103;54.85;20617;?;Boiling
India;?;?;?;9.36;6.81;27.84;?;494;?;244;88.06;33814;38.99;Chlorination
Indonesia;Central;2008;?;6.3;7.75;?;12.71;3819;?;18;?;72631;98.96;Boiling
Brazil;North;2008;?;9.44;6.53;4.24;?;4689;?;417;4.22;31580;?;?
?;North;2009;Spring;4.6;7.43;33.77;0.75;3123;?;454;83.39;34254;25.57;No Treatment
Nigeria;Central;2015;?;5.13;6.05;11.95;?;?;?;218;37.06;?;38.59;?
Pakistan;South;2009;?;7.56;?;?;19.86;2919;78.26;232;?;?;?;Boiling
China;East;2011;?;7.4;8.48;18.48;6.47;2251;?;239;43.68;?;56.36;Boiling
India;?;2016;Lake;?;7.97;?;?;?;70.56;411;?;51417;?;?
?;South;2021;?;0.63;?;7.89;9.63;1112;59.12;434;62.65;?;53.59;No Treatment
Mexico;South;2012;?;?;6.87;47.28;11.64;1204;92.25;71;22.07;85334;39.73;?
Bangladesh;North;?;?;3.54;6.16;34.38;7.88;?;?;?;85.04;?;96.79;?
Pakistan;?;2021;Tap;8.47;?;47.21;5.37;?;?;178;80.41;88181;87.25;Chlorination
?;South;?;Spring;7.4;6.62;15.94;3.4;?;90.93;169;?;13765;94.15;?
China;South;2017;Spring;?;?;11.33;13.43;?;77.93;278;?;92110;?;Filtration
Bangladesh;?;2005;River;2.68;6.42;14.79;0.93;4061;43.27;108;56.66;?;40.56;No Treatment
China;East;2020;Well;3.57;?;33.35;16.61;4122;81.79;?;92.23;?;?;Filtration
Brazil;?;2016;?;1.77;6.89;?;6.25;2671;?;225;?;20893;24.57;Filtration
?;?;2020;Spring;5.34;?;9.27;18.59;?;34.68;189;94.89;81165;?;?
China;?;2002;Spring;?;?;?;?;2060;?;379;?;?;51.99;?
?;?;2015;?;?;6.48;41.75;15.77;?;?;216;74.02;95830;20.2;Chlorination
Ethiopia;Central;2019;Tap;2.12;6.25;?;14.47;?;?;335;?;90361;61.93;?
Pakistan;East;2012;?;5.63;8.07;18.37;15.86;?;?;221;58.59;59776;?;?
?;South;?;?;1.02;?;7.25;15.55;4671;?;?;61.58;?;89.71;Boiling
?;Central;2005;Well;2.78;?;?;?;296;39.58;?;?;?;24.39;No Treatment
India;South;2002;?;?;?;1.6;?;?;?;?;27.1;52045;64.64;Boiling
?;East;2002;Spring;1.72;?;?;?;4756;?;?;?;?;37.77;?
Mexico;Central;2000;?;3.24;6.78;29.1;?;?;?;339;53.72;?;?;Boiling
?;Central;?;?;9.97;7.82;30.98;5.46;560;65.31;220;93.87;?;80.05;Chlorination
Pakistan;?;?;Lake;4.82;6.64;23.61;?;2622;33.15;26;38.62;5954;63.54;Filtration
India;North;?;?;0.95;?;9.93;6.79;4905;81.3;258;?;99087;47.61;No Treatment
Brazil;East;?;?;1.25;6.28;22.89;?;2897;?;263;52.97;46098;49.75;Boiling
Pakistan;?;2015;Tap;?;?;38.2;10.69;248;51.99;219;75.98;32357;26.65;No Treatment
China;?;2021;Lake;?;7.9;?;6.03;1470;?;457;10.17;17761;?;Chlorination
?;Central;2003;?;6.87;7.26;47.09;?;533;68.01;60;2.78;?;96.87;No Treatment
China;East;?;?;9.69;7.08;8.31;16.09;3511;?;409;16.55;60041;?;No Treatment
India;West;?;?;8.25;6.67;24.04;?;3135;48.51;439;13.66;25872;?;?
Brazil;?;2003;Spring;9.54;7.71;?;1.62;560;?;151;34.29;61332;?;No Treatment
China;South;2005;?;3.16;?;?;17.19;2752;51.59;224;?;?;34.08;Boiling
?;East;?;?;7.84;6.35;25.7;15.03;530;48.03;?;75.82;?;56.0;?
Bangladesh;?;?;Pond;7.02;8.42;16.54;?;?;66.36;100;67.19;?;78.24;Filtration
Pakistan;East;?;?;6.57;?;8.85;?;641;?;?;28.27;?;59.47;Chlorination
?;West;2017;?;1.57;6.24;38.48;?;2076;?;129;46.12;?;87.87;No Treatment
Nigeria;West;2024;Well;?;?;7.56;?;?;52.68;?;?;1808;?;Boiling
?;?;?;Tap;?;6.53;43.36;8.09;1459;?;?;8.31;69912;29.12;Boiling
Ethiopia;Central;?;?;8.51;7.28;0.79;2.21;4051;?;?;?;77910;?;Chlorination
?;North;?;Spring;0.37;6.1;?;?;?;36.99;421;49.07;?;98.73;No Treatment
Ethiopia;South;?;Lake;8.32;7.46;9.07;1.6;3655;44.88;139;8.61;87826;?;?
?;?;?;?;?;?;6.67;5.8;165;?;221;25.34;?;?;Boiling
?;?;2003;River;4.69;?;46.5;6.15;2819;?;?;?;?;59.25;Boiling
China;?;2017;Pond;?;?;?;14.92;3733;?;?;?;?;?;No Treatment
USA;South;?;Tap;0.9;8.36;?;?;?;81.91;?;?;?;47.89;Boiling
USA;South;2021;Lake;1.75;?;?;4.99;1410;?;220;48.81;13473;82.8;Chlorination
?;North;2022;?;?;8.38;6.29;?;?;?;51;?;98069;77.83;No Treatment
Indonesia;South;2001;?;6.28;?;29.46;4.14;3362;72.96;?;?;?;92.2;?
?;East;2005;Lake;0.28;6.5;47.75;13.19;1078;46.08;197;?;?;?;Boiling
Brazil;East;2012;Pond;0.48;?;?;15.47;?;?;?;?;82532;?;No Treatment
Indonesia;South;?;Tap;?;8.06;32.27;15.42;3039;?;?;?;57576;62.41;?
?;West;2001;Lake;0.32;8.02;2.23;?;4595;?;223;?;60395;76.41;?
?;?;?;River;1.31;?;3.19;9.02;620;?;?;?;84068;?;?
?;West;2010;Well;?;6.13;?;5.49;993;75.75;452;93.32;?;38.95;Filtration
Pakistan;?;?;Spring;?;7.42;?;0.48;?;?;71;?;?;?;Filtration
Ethiopia;East;2011;Lake;?;?;?;6.49;?;63.71;406;?;?;23.14;Chlorination
?;?;2024;Tap;?;?;29.26;7.11;3365;97.38;?;?;84756;99.15;Boiling
?;South;?;?;3.81;?;?;7.64;3331;?;?;4.36;?;?;Chlorination
?;West;2014;Spring;4.71;7.38;24.58;11.69;751;93.04;?;?;86810;?;No Treatment
China;East;2008;?;0.03;?;14.49;?;180;?;?;?;45832;?;Filtration
?;Central;?;?;9.14;?;?;?;2218;39.21;?;63.34;?;?;No Treatment
Brazil;South;2004;Spring;9.64;?;?;3.14;?;?;?;?;82579;72.75;Boiling
?;?;?;Spring;8.87;8.21;39.18;19.13;?;?;341;?;56305;87.38;?
India;?;?;Pond;7.02;?;49.61;14.11;3344;?;?;68.04;96799;81.85;Boiling
Ethiopia;East;2022;?;?;?;?;19.77;?;?;?;19.68;?;?;No Treatment
Bangladesh;?;2013;River;?;6.79;10.78;?;3922;53.67;?;10.97;?;?;?
Indonesia;?;2005;?;6.72;?;30.06;17.62;4079;37.58;?;97.05;90796;67.58;Boiling
?;?;2020;Pond;4.51;?;25.38;?;4122;?;?;?;?;33.76;No Treatment
Ethiopia;Central;?;Well;?;?;9.18;1.69;1419;60.05;?;48.56;80518;?;?
?;South;?;Tap;?;?;6.0;14.78;3156;?;330;?;56197;34.31;?
Brazil;South;2012;?;?;7.54;?;?;?;84.55;?;84.92;87269;?;Chlorination
Brazil;Central;?;?;3.5;6.83;?;?;?;49.28;236;9.7;25432;?;?
?;West;2001;Lake;9.05;6.1;5.59;?;2213;41.58;128;?;?;28.84;No Treatment
USA;North;2016;Spring;4.41;?;?;?;?;98.23;?;?;?;?;?
?;West;2020;Well;?;?;12.39;8.52;3813;?;40;?;48879;92.57;?
?;West;2006;Lake;?;?;43.13;?;?;44.73;?;39.26;?;?;?
Nigeria;?;2008;Tap;?;?;?;?;?;66.06;95;8.26;?;61.74;Filtration
?;?;?;?;7.17;?;?;16.84;?;?;330;26.96;81198;95.96;?
?;?;?;Tap;5.81;6.21;?;7.93;4932;?;?;43.56;79750;?;No Treatment
?;South;2003;Pond;?;6.18;22.71;9.41;4357;?;141;83.08;68198;41.33;?
Pakistan;?;2009;Spring;2.11;?;11.23;12.91;?;32.45;480;38.56;22452;75.55;Boiling
Brazil;?;2017;Pond;2.54;6.27;?;16.74;1243;?;?;31.06;?;87.56;Filtration
?;North;?;Well;?;6.82;?;?;?;?;?;?;41911;26.41;Filtration
?;?;2013;?;6.46;?;0.24;2.57;?;48.03;?;56.54;50507;?;?
?;South;?;Lake;?;?;47.24;?;2960;65.57;469;89.07;?;?;?
?;?;?;Lake;?;?;16.85;8.62;3756;70.91;116;?;?;75.61;Chlorination
?;East;?;Lake;?;7.4;28.74;?;?;61.19;207;28.04;?;?;Boiling
?;South;?;Tap;3.44;8.43;10.96;0.91;564;73.89;383;?;8576;66.83;Filtration
Nigeria;?;2020;?;?;7.31;29.6;16.84;89;54.64;430;84.63;?;?;No Treatment
?;East;?;River;8.82;8.33;10.76;14.95;4679;81.23;?;?;11226;27.47;No Treatment
?;West;2000;?;0.86;6.8;4.09;7.8;1623;62.71;386;?;89628;?;Boiling
Mexico;?;2023;Tap;9.02;?;46.2;18.39;2343;?;475;41.54;40585;?;?
?;?;2002;Spring;7.0;6.52;?;5.9;?;?;243;59.16;77944;73.17;?
India;?;2017;Spring;?;8.13;?;10.81;?;?;473;69.49;?;31.67;?
?;North;2002;?;3.05;?;?;6.42;4622;45.66;99;33.45;?;40.26;?
?;North;2004;Lake;?;6.96;?;18.66;3917;?;29;?;6633;26.37;Filtration
India;North;2004;Well;4.97;6.91;39.88;14.1;3721;43.1;?;10.79;37981;?;Filtration
Mexico;?;2009;?;9.39;?;?;?;?;?;255;66.46;11082;74.71;Filtration
Ethiopia;West;2003;?;9.02;?;10.27;5.41;2416;33.43;430;27.04;47396;?;?
?;South;?;Tap;0.79;?;40.35;16.69;?;?;?;82.15;?;70.59;?
Indonesia;East;?;?;?;?;?;17.85;?;?;313;?;51442;28.74;Filtration
Bangladesh;?;2023;?;?;8.1;31.82;2.79;?;?;310;89.98;3420;95.44;?
India;?;2015;Spring;8.73;7.28;44.89;6.51;4263;34.66;324;?;6655;?;?
Indonesia;?;2015;Tap;8.15;6.6;13.41;16.79;?;41.73;434;?;91998;?;Chlorination
?;?;2005;?;?;7.23;36.91;?;4046;60.26;?;14.61;?;52.39;?
Pakistan;Central;?;Spring;0.94;?;?;?;?;41.32;20;48.8;89290;54.03;No Treatment
India;South;2009;River;9.95;6.2;31.39;?;?;?;?;96.87;?;?;Boiling
?;?;2001;River;?;7.87;?;4.13;3075;52.58;6;25.93;2003;?;Filtration
Mexico;?;2004;Tap;8.75;?;18.37;?;?;30.03;23;?;90920;22.56;?
?;East;2020;Spring;3.1;7.75;?;11.25;3209;?;315;?;?;85.27;Chlorination
India;West;2017;?;2.26;?;?;?;288;?;?;51.64;?;67.89;?
Bangladesh;Central;2009;Tap;9.48;6.42;?;10.79;4204;?;371;?;?;63.81;Filtration
?;South;?;Tap;?;7.76;48.65;8.4;?;?;397;?;?;?;Filtration
?;Central;?;Pond;?;?;?;4.73;4431;?;180;?;24020;?;Filtration
India;South;?;Tap;3.83;?;?;16.51;254;?;296;87.8;51944;?;?
?;Central;2002;River;?;?;?;2.45;?;41.73;386;?;40500;?;?
?;South;?;?;9.29;?;16.28;?;2454;90.97;?;89.46;?;?;No Treatment
Bangladesh;?;?;?;3.44;6.87;28.35;17.42;?;?;70;?;60492;?;Chlorination
?;Central;2007;?;2.87;?;8.69;16.26;751;61.1;141;?;16448;?;Chlorination
USA;North;?;?;5.6;8.4;39.86;?;2157;58.82;130;60.9;12651;68.51;Chlorination
?;East;?;Lake;7.44;6.84;?;13.13;?;34.63;?;16.11;47890;71.69;Filtration
?;?;2004;?;?;8.35;39.86;2.86;?;73.54;181;96.98;60344;?;?
?;Central;?;Spring;?;?;13.95;9.66;?;97.06;?;?;?;72.0;Chlorination
Nigeria;?;2002;Pond;6.7;6.24;31.82;?;?;89.65;98;39.14;?;?;Boiling
?;Central;2021;Tap;4.44;6.0;35.06;18.52;?;66.02;207;?;?;77.2;?
Indonesia;?;2006;?;2.52;7.43;?;3.8;1979;87.13;?;26.36;?;41.22;Boiling
Brazil;South;?;?;6.97;7.88;?;10.53;?;92.52;?;?;77000;87.29;?
Indonesia;?;?;?;?;7.75;1.65;?;?;66.81;?;79.51;?;83.9;?
?;?;?;Tap;4.07;6.19;?;?;221;?;48;83.24;?;60.49;?
Pakistan;?;?;?;8.54;?;1.11;?;337;?;?;96.51;?;57.34;Filtration
China;?;2024;River;?;7.59;?;10.33;?;94.02;489;69.82;?;68.8;?
?;North;2017;Tap;6.43;?;5.38;?;?;?;?;66.48;?;?;Filtration
USA;Central;?;Tap;?;?;48.24;?;?;?;441;78.18;?;?;Filtration
Indonesia;?;?;Lake;9.5;8.34;24.72;14.91;141;?;323;21.97;?;65.69;Chlorination
Nigeria;?;2013;?;3.22;6.79;?;11.41;?;?;272;48.84;54039;54.94;?
Brazil;South;2006;River;?;?;44.67;?;?;?;274;19.21;?;71.14;Boiling
?;Central;2003;?;4.72;8.36;17.27;1.01;4389;92.55;?;73.42;92790;54.6;Chlorination
?;?;2001;?;?;6.61;?;12.85;3281;97.13;437;2.73;86583;?;No Treatment
?;West;?;?;?;?;31.9;?;611;?;?;97.23;?;?;?
Indonesia;East;2017;?;3.24;8.37;?;17.43;?;?;286;76.47;86368;69.38;Chlorination
Brazil;?;?;?;?;?;?;2.55;?;?;175;29.23;25977;?;Chlorination
China;South;2023;Lake;4.35;8.47;21.95;3.83;517;47.86;419;?;?;?;?
India;Central;2021;Spring;7.8;?;?;14.0;3774;?;?;?;41338;80.44;Filtration
Indonesia;South;2016;?;?;7.89;13.68;?;?;37.39;235;21.61;56397;71.85;No Treatment
Pakistan;?;2001;Well;?;?;?;8.61;?;?;391;?;?;76.46;Filtration
Pakistan;North;?;?;2.56;?;?;?;566;41.27;30;94.4;6344;?;No Treatment
?;West;2000;?;?;?;38.48;4.87;4369;85.39;388;56.48;?;23.41;?
?;?;?;?;?;?;?;?;?;62.03;118;23.98;10923;24.84;?
?;?;?;?;?;?;4.07;1.82;1373;68.08;234;?;93124;68.02;Filtration
?;?;2005;Tap;3.36;?;5.5;?;1185;39.31;473;31.0;?;47.63;?
?;?;2022;?;9.21;?;37.53;3.79;2925;52.97;?;54.73;82207;67.97;Chlorination
?;?;2012;River;?;?;?;18.4;?;?;?;?;83852;?;No Treatment
?;?;2011;?;9.42;?;?;16.76;4388;?;337;?;?;?;Boiling
Brazil;South;?;?;3.39;7.94;10.84;?;4011;44.78;?;31.59;75369;53.96;Chlorination
India;East;2009;Spring;?;6.54;?;19.27;4576;84.27;?;?;21543;87.89;Boiling
?;East;?;Spring;?;?;?;?;2330;59.72;493;?;?;78.19;?
?;?;2011;?;?;7.8;?;13.0;?;83.09;87;90.92;11876;?;Chlorination
Mexico;West;2000;?;9.93;7.02;8.44;2.33;4976;64.7;?;?;65936;85.91;Boiling
?;?;2020;Tap;8.65;?;7.72;13.64;2953;?;?;?;?;29.56;No Treatment
China;North;2013;Spring;6.71;6.97;49.7;15.8;2113;75.83;?;87.92;64762;?;Chlorination
?;?;2003;Tap;?;7.84;?;?;?;?;427;?;98463;53.07;No Treatment
?;Central;?;Pond;9.97;?;?;16.96;1625;31.29;343;?;?;51.62;Chlorination
Bangladesh;?;2007;Lake;?;7.75;9.67;2.13;1047;42.21;278;49.48;11031;38.0;Boiling
?;?;2009;Well;?;6.71;?;?;?;90.24;?;91.2;?;85.5;?
India;?;?;Tap;8.33;?;23.71;1.22;3901;?;?;32.79;29529;45.46;Filtration
Pakistan;?;2005;Tap;3.41;7.76;?;?;?;97.25;190;69.75;?;68.28;Filtration
?;West;2018;?;?;7.47;46.52;3.39;?;?;?;39.82;95061;57.93;Chlorination
Ethiopia;South;2000;Lake;?;?;15.59;19.83;3835;91.68;438;33.17;51641;98.28;Filtration
Bangladesh;?;2022;River;7.17;?;?;6.78;3486;?;197;?;29486;?;?
Mexico;East;2019;River;0.48;?;35.1;?;?;51.92;476;?;58616;58.14;Filtration
?;East;?;Well;?;6.43;28.96;19.71;?;90.87;149;9.75;28482;70.84;Chlorination
USA;East;2000;River;?;6.49;?;14.66;?;?;?;67.84;27313;96.25;Boiling
?;Central;2012;?;?;7.23;?;7.33;4612;47.7;138;?;33207;?;?
?;North;2003;?;8.41;?;?;?;2954;39.13;?;37.82;?;38.85;Filtration
Brazil;Central;2023;Tap;8.89;?;24.26;11.55;1207;91.53;148;?;14603;88.77;?
Mexico;West;2010;Tap;2.82;?;31.34;4.36;1564;?;?;41.64;?;?;Chlorination
Pakistan;?;2020;?;3.44;6.94;15.55;17.66;1173;87.19;425;?;65307;59.3;No Treatment
Brazil;Central;2015;?;?;7.87;?;?;692;?;2;?;77760;?;?
?;Central;2014;?;?;?;20.55;7.27;?;31.41;206;26.95;98226;?;Filtration
?;?;2012;River;?;?;39.92;11.94;?;?;?;93.53;70219;?;Chlorination
Bangladesh;?;2017;River;2.05;?;?;16.01;?;?;?;9.96;78853;20.37;?
Ethiopia;?;2000;River;?;8.44;20.31;7.25;?;88.05;51;80.77;9921;60.26;No Treatment
Indonesia;Central;?;Lake;1.32;6.68;?;2.1;1977;?;?;45.86;36341;27.15;?
Bangladesh;?;2013;River;2.52;6.94;?;0.2;601;31.91;352;?;56542;57.19;Filtration
?;East;2016;Lake;3.55;6.69;?;?;374;?;126;18.95;74032;?;?
India;?;2011;Lake;1.35;6.97;0.84;?;?;38.57;84;25.33;50664;?;?
China;North;2022;?;?;7.31;?;?;?;66.4;158;?;28648;87.17;?
China;East;2011;Pond;5.03;7.15;2.24;5.73;1112;65.13;249;27.31;60225;24.87;No Treatment
?;East;?;Well;?;?;31.54;6.16;?;82.74;201;?;?;54.42;No Treatment
Pakistan;West;?;Spring;6.61;7.27;41.02;0.97;?;42.24;178;57.38;?;?;?
USA;South;2013;Well;?;7.63;12.95;?;3311;?;?;96.96;?;56.28;No Treatment
?;?;?;?;9.8;8.5;23.56;14.88;1179;?;?;?;4979;?;?
?;Central;2017;Pond;7.64;?;?;19.96;2597;?;?;?;?;71.93;Filtration
Nigeria;East;?;Tap;3.56;7.94;47.42;?;?;?;?;88.02;?;30.46;No Treatment
Nigeria;North;2021;River;?;8.39;14.03;9.68;1384;34.88;250;60.39;?;81.56;?
?;East;2007;Tap;?;?;?;5.8;?;60.12;?;58.08;5694;32.42;Chlorination
USA;Central;2007;?;?;?;?;16.26;4249;84.65;470;30.74;?;?;Boiling
Ethiopia;South;2009;River;1.43;8.19;9.86;7.12;?;36.38;?;?;55849;28.12;?
Pakistan;East;2006;?;?;7.71;40.75;?;?;85.83;268;?;?;66.03;Filtration
?;North;?;Pond;8.9;6.2;?;0.93;3892;?;?;70.17;?;47.62;?
?;North;2010;Pond;?;6.32;21.84;3.53;1614;64.05;386;38.02;?;94.84;?
?;?;?;Tap;7.05;7.9;?;4.97;?;?;?;60.3;?;72.91;Boiling
Bangladesh;?;2004;?;?;?;?;?;4094;?;305;?;33259;57.5;?
Pakistan;West;2019;Pond;?;6.88;?;?;4627;95.12;342;9.64;41204;?;No Treatment
Nigeria;North;2021;Well;?;?;4.67;0.09;352;96.05;146;?;95756;74.77;?
Bangladesh;Central;2011;Spring;?;?;7.93;?;4756;?;426;?;59617;?;Boiling
?;?;?;?;4.09;?;39.67;8.92;3919;?;102;19.41;5765;?;?
?;North;?;Lake;?;?;?;13.58;?;89.6;?;57.51;85832;?;Chlorination
Pakistan;Central;?;Lake;5.08;?;5.36;?;?;?;?;65.92;12234;98.59;?
India;East;2004;Well;?;?;37.41;8.94;3011;?;?;91.65;79511;?;Chlorination
?;East;2005;?;1.79;?;?;?;808;44.2;?;?;51263;?;?
Ethiopia;Central;?;Spring;?;7.98;?;16.59;3258;99.59;?;69.52;?;29.82;Boiling
USA;South;2020;?;1.39;?;23.01;?;?;72.06;322;?;90683;80.72;?
?;East;2012;Tap;?;7.89;37.31;?;2895;38.63;178;?;?;66.56;?
Bangladesh;?;2015;?;?;?;?;?;618;67.68;333;?;?;39.69;?
?;South;2019;River;?;8.17;16.55;10.07;?;85.03;78;79.38;81862;?;No Treatment
Brazil;East;2007;Tap;6.04;?;?;?;?;?;193;35.91;92770;72.19;Chlorination
?;?;?;?;7.71;7.54;17.38;16.17;677;89.2;?;?;44250;80.75;?
?;East;2001;Tap;0.22;?;?;1.59;306;?;3;?;34825;63.82;Filtration
India;South;2021;?;5.12;?;9.5;1.2;1817;74.99;?;83.05;?;79.68;Filtration
Brazil;East;2008;Pond;?;6.73;?;11.93;3479;60.11;438;68.68;2054;?;?
Indonesia;Central;?;River;6.68;?;17.84;?;1639;?;281;?;876;?;Chlorination
India;West;2009;?;?;8.34;6.75;5.28;2633;?;496;?;45296;?;?
Ethiopia;?;?;?;4.02;?;19.47;5.19;?;57.21;?;78.29;18187;26.15;?
Indonesia;East;2021;?;?;?;7.45;7.4;?;97.89;?;?;74837;66.48;?
Nigeria;West;?;?;5.33;6.42;?;?;?;55.01;329;?;16081;?;No Treatment
Nigeria;West;2005;River;9.66;6.89;43.94;8.07;4275;61.36;?;33.4;?;93.28;No Treatment
Mexico;North;2022;Pond;5.6;8.4;40.05;11.87;?;?;?;?;?;?;Filtration
Bangladesh;Central;2022;?;3.9;7.58;21.1;1.48;?;?;294;?;?;95.56;No Treatment
China;?;2004;Pond;1.01;6.74;44.69;?;2091;62.01;10;39.75;?;26.51;?
?;West;?;?;?;6.68;15.75;?;?;70.28;300;26.49;81552;66.8;Filtration
?;Central;?;Spring;1.78;?;35.22;?;1348;?;322;32.5;1882;77.17;?
Ethiopia;North;2021;?;6.68;?;45.8;2.91;?;?;426;?;?;?;Filtration
Pakistan;West;?;Lake;9.12;6.51;2.54;15.35;312;30.02;?;7.7;76293;29.4;No Treatment
?;?;?;Tap;?;6.52;48.77;11.88;1428;?;474;87.28;25018;78.0;?
Indonesia;East;?;Pond;1.54;7.63;9.04;?;?;92.34;?;99.09;?;?;No Treatment
Mexico;North;2013;?;?;?;44.27;19.58;1014;61.47;307;?;?;96.25;Chlorination
?;West;2015;Lake;4.45;?;29.29;17.69;?;75.75;?;36.91;41539;?;No Treatment
?;East;2008;?;2.82;6.82;10.65;?;1363;35.74;276;64.72;85880;?;?
?;North;2009;?;4.76;6.42;26.79;19.66;?;?;107;83.29;?;92.83;Boiling
?;?;2010;Well;?;7.81;?;?;1375;34.47;350;94.53;83529;69.01;?
Ethiopia;South;2006;?;?;6.15;?;5.4;1398;?;?;24.87;81109;?;Filtration
Ethiopia;West;?;?;8.63;?;?;5.96;?;59.21;?;?;32232;97.71;Chlorination
?;East;2017;River;?;6.23;13.43;16.38;576;33.86;?;?;45656;?;No Treatment
?;?;?;Spring;7.63;6.33;36.89;6.48;?;54.61;?;?;48559;?;Boiling
?;Central;?;Spring;5.02;6.5;?;18.68;?;?;34;?;?;63.44;No Treatment
?;West;?;River;?;7.84;24.14;15.95;?;93.34;259;24.21;?;72.13;No Treatment
?;?;?;Tap;?;?;?;14.24;1419;?;?;?;75241;87.91;?
Nigeria;?;2005;?;3.58;?;?;5.91;4387;?;390;?;?;?;?
?;South;2003;Tap;6.55;7.47;19.75;14.22;67;?;320;?;?;47.4;Boiling
?;Central;2022;Spring;?;6.26;8.24;0.93;796;?;227;50.32;17929;74.38;?
?;?;2011;Well;3.52;8.4;42.51;?;?;71.77;158;69.06;86224;?;Filtration
?;?;2024;?;0.85;6.38;?;?;2043;?;453;16.24;37129;?;Boiling
Indonesia;West;2001;?;1.21;?;?;?;251;?;130;?;71626;?;Boiling
?;East;2021;Pond;0.24;?;0.82;?;3350;31.29;51;?;?;65.75;Boiling
Nigeria;?;2011;Tap;?;?;19.27;?;234;86.89;376;82.27;?;53.18;Boiling
Ethiopia;?;?;Pond;?;6.58;?;15.36;?;?;?;97.5;?;?;Chlorination
?;West;2021;?;0.17;?;?;16.81;?;?;?;90.33;?;?;?
India;North;?;River;?;6.58;2.82;3.23;218;?;148;53.88;65085;53.75;?
?;East;2012;Well;8.21;7.63;?;18.92;4718;42.17;217;52.42;?;?;?
?;Central;?;Well;?;?;?;?;4200;87.62;?;?;?;54.82;?
USA;?;2008;Well;9.45;?;30.79;11.32;?;31.67;?;76.28;?;?;No Treatment
USA;East;2002;?;6.25;7.01;18.49;?;1220;99.3;?;34.8;79275;21.5;Boiling
Indonesia;East;2023;River;?;7.56;?;6.27;?;97.91;372;67.41;?;?;No Treatment
?;East;2020;?;?;6.45;31.98;?;75;54.45;?;?;24082;34.37;Filtration
Mexico;?;2016;?;?;?;?;2.32;4005;51.88;?;39.08;?;37.43;?
Nigeria;West;?;Lake;2.24;6.94;3.98;?;3833;58.14;?;64.38;?;33.82;Filtration
?;South;2003;Tap;?;?;18.74;14.51;?;70.24;64;68.54;?;?;?
?;Central;2012;Lake;0.45;7.24;16.66;?;?;?;197;19.76;80350;77.39;Filtration
?;West;2002;Lake;3.21;?;33.97;7.68;3061;85.16;?;?;11751;?;Boiling
Ethiopia;?;2006;Pond;?;6.31;14.34;?;3691;?;494;5.97;?;86.91;Chlorination
?;?;2023;?;?;6.69;?;1.01;1783;80.99;76;73.89;96997;97.73;Filtration
?;North;2011;Tap;6.82;?;?;18.94;3883;63.65;?;?;45676;71.63;?
?;East;2014;?;6.71;6.5;33.52;10.11;?;33.51;?;?;?;?;Boiling
?;South;?;?;3.7;7.74;?;6.38;1380;59.71;134;7.03;?;25.49;Filtration
USA;?;?;Spring;5.54;6.68;5.14;3.87;2950;?;?;?;56325;73.8;Filtration
Bangladesh;South;2019;Lake;8.13;?;16.39;19.29;?;75.14;?;8.07;53732;20.88;?
Brazil;?;?;?;?;6.31;?;?;?;?;70;80.36;29098;89.7;No Treatment
?;North;?;?;5.59;7.29;43.09;?;?;51.38;225;?;?;80.12;?
Brazil;?;?;?;2.98;?;?;19.78;4672;56.65;456;75.83;13489;?;?
?;South;2005;?;4.6;7.88;13.14;?;3960;?;?;97.83;?;51.81;Chlorination
China;?;?;Lake;?;6.28;35.07;?;4226;?;?;?;?;64.48;No Treatment
?;Central;2015;Well;4.89;?;?;?;3441;93.43;46;90.9;54652;77.8;Chlorination
Ethiopia;?;2011;Tap;?;8.18;3.41;17.26;1852;?;439;28.47;19759;?;No Treatment
?;North;?;?;?;?;?;?;?;?;311;90.21;87679;23.23;?
?;North;2004;?;3.43;7.8;30.17;12.83;?;89.68;396;?;?;64.83;Filtration
Brazil;West;2013;Lake;?;8.35;?;3.95;515;58.54;?;31.35;16109;?;Boiling
China;South;?;River;7.65;6.45;?;4.54;1890;91.26;116;?;37795;88.84;?
Ethiopia;Central;2008;?;?;?;23.47;?;?;?;68;85.56;?;58.85;?
Indonesia;East;2011;?;4.64;7.64;2.3;?;3174;?;?;?;82277;75.83;Chlorination
Bangladesh;?;?;River;7.25;?;?;14.19;?;?;105;?;?;87.26;Filtration
?;East;2001;?;6.0;6.01;11.38;?;?;?;356;?;?;?;Filtration
Nigeria;?;2010;?;5.38;7.3;?;5.83;1922;?;381;?;82681;?;?
?;South;2011;?;?;7.04;37.2;?;3091;90.1;456;61.12;99942;69.34;Boiling
Bangladesh;South;?;?;7.59;7.64;40.06;?;1338;65.26;105;40.28;?;?;No Treatment
?;?;2010;Lake;1.27;6.65;24.39;?;2041;44.17;190;?;?;47.61;?
?;North;?;?;7.99;8.45;11.89;?;?;63.58;322;?;?;29.39;Chlorination
Indonesia;West;2007;?;?;?;?;5.89;4290;?;?;?;93024;30.93;?
China;?;?;Lake;?;7.48;?;8.92;4712;?;236;61.31;?;60.16;?
Ethiopia;West;2004;?;3.4;8.22;40.85;?;?;32.4;163;18.32;28237;?;?
China;West;?;Pond;5.56;?;11.96;14.78;3459;98.9;?;?;46921;?;?
Indonesia;Central;2018;Pond;6.79;?;16.8;1.33;1512;68.48;144;?;?;28.19;?
Pakistan;?;2008;?;?;?;3.56;12.55;?;75.4;?;8.55;53085;?;No Treatment
?;South;?;Tap;5.8;6.43;?;?;1316;?;105;71.24;12060;?;No Treatment
?;Central;2012;Pond;8.81;7.06;2.2;5.44;1524;73.01;380;?;28006;45.23;?
Nigeria;Central;2005;?;?;6.04;4.0;15.55;?;?;206;22.1;?;59.88;Boiling
?;Central;?;Well;?;6.01;19.92;12.76;?;?;164;?;80368;?;?
?;?;?;Tap;7.37;?;14.74;11.43;?;?;192;?;?;27.81;No Treatment
USA;South;2023;?;6.59;?;45.55;6.61;935;?;104;89.53;?;?;?
Nigeria;?;2022;?;?;6.43;24.17;?;?;?;254;?;95245;44.2;No Treatment
China;North;2017;Well;0.5;?;16.16;?;2433;?;288;?;23072;?;Chlorination
Nigeria;?;?;Pond;2.96;?;?;5.45;2256;36.62;300;?;80219;?;?
Ethiopia;?;?;?;6.26;7.83;7.33;19.19;?;54.44;?;?;?;32.63;Filtration
?;?;2012;Pond;2.72;?;10.38;?;3497;?;?;41.13;16760;35.7;?
Indonesia;?;?;?;?;?;?;19.62;?;?;?;19.89;49366;37.22;No Treatment
?;West;2011;?;2.45;7.05;?;3.92;1579;?;408;20.37;54792;23.79;Filtration
?;South;?;Well;?;?;44.53;7.5;?;37.24;84;26.1;41748;40.08;?
?;East;?;?;2.87;?;?;?;4219;?;?;50.21;15480;73.88;Boiling
?;?;?;Tap;?;8.43;22.02;?;?;?;402;51.75;18270;98.28;Filtration
?;?;2010;Pond;6.92;7.75;?;7.45;1449;?;321;57.15;19229;?;No Treatment
?;?;?;?;5.39;6.83;9.31;3.46;?;47.05;?;71.17;62841;?;?
?;South;2012;Tap;4.13;8.42;33.2;2.9;?;61.52;?;69.15;23538;51.46;?
China;North;2014;Spring;4.11;6.88;44.57;?;1190;?;101;41.36;93790;38.84;No Treatment
Ethiopia;?;2022;Lake;7.07;8.16;?;?;?;38.07;?;26.53;?;25.91;?
Nigeria;East;?;?;5.13;6.98;7.47;?;3059;45.05;275;36.53;11392;71.2;No Treatment
Pakistan;?;2009;?;?;?;17.25;9.17;1346;?;?;?;72928;32.85;Boiling
USA;North;2009;?;1.8;?;42.9;?;?;?;?;41.58;?;?;No Treatment
?;North;2016;Pond;?;6.3;13.94;0.09;3780;87.27;126;33.55;97186;?;Boiling
?;South;2009;Lake;8.78;?;20.25;11.58;?;78.31;338;84.57;?;36.7;?
?;East;?;Tap;3.79;8.21;11.73;?;?;83.93;?;26.77;85359;26.36;Filtration
Pakistan;?;?;?;?;7.76;?;?;3901;80.87;362;76.89;29335;74.14;Boiling
?;?;?;Pond;?;7.63;37.19;0.6;?;?;313;83.04;93882;62.18;?
?;North;2004;River;8.25;8.18;19.36;8.1;904;41.62;?;73.01;?;78.28;No Treatment
Indonesia;?;2001;River;?;6.98;?;4.37;2613;69.86;?;87.19;?;59.56;Boiling
Pakistan;?;2024;Pond;6.16;8.34;21.23;?;2973;?;?;?;91306;58.18;Boiling
Mexico;?;?;River;7.0;?;?;?;?;95.57;?;60.62;?;?;No Treatment
?;?;2012;?;4.27;?;33.71;14.17;911;66.35;256;?;?;42.5;No Treatment
Ethiopia;?;2024;Spring;4.36;6.72;35.63;?;?;75.84;133;37.04;38480;?;Filtration
?;West;?;?;6.23;6.48;22.35;2.32;?;40.35;99;?;93264;91.43;No Treatment
Brazil;?;2022;?;7.83;?;25.84;0.17;3575;61.02;?;59.96;?;53.58;?
Mexico;West;?;?;?;6.94;?;15.17;2024;?;7;55.85;38051;?;?
?;?;2022;?;?;?;35.89;0.55;?;?;?;?;86449;38.68;?
Brazil;?;2002;Spring;9.92;6.58;?;?;3152;52.58;?;?;?;86.3;Filtration
?;East;?;?;9.78;?;27.36;?;3391;63.59;?;?;37587;42.09;No Treatment
China;?;?;Tap;1.16;?;3.34;13.84;1047;?;279;?;55800;?;Filtration
?;?;2002;Lake;?;8.09;0.44;9.17;?;97.93;?;97.03;26424;?;No Treatment
?;North;2011;?;5.44;?;35.06;15.03;?;?;250;?;88272;81.36;Boiling
?;?;?;Spring;?;?;?;?;?;90.55;11;91.31;?;86.95;Chlorination
USA;?;2021;?;6.37;6.9;37.17;?;1224;?;?;?;63926;?;Chlorination
China;East;2011;Tap;6.04;?;?;?;1547;?;?;?;?;?;?
Mexico;Central;2003;Pond;8.2;8.44;?;19.31;3369;38.9;?;?;17333;?;Boiling
Nigeria;North;2009;Tap;6.26;?;?;?;3035;94.7;?;?;2717;21.28;No Treatment
Brazil;South;?;?;1.84;?;27.76;?;841;57.08;473;86.66;?;67.98;Filtration
?;?;?;Lake;?;?;43.34;?;3892;?;302;?;?;44.87;?
?;?;2023;?;?;6.47;28.12;15.46;?;48.48;237;27.21;20547;33.65;?
Mexico;Central;2013;Well;?;?;?;?;808;86.36;?;66.06;8181;37.58;No Treatment
Nigeria;?;?;?;7.27;?;44.77;8.48;4471;?;419;?;?;?;?
USA;?;?;Well;?;?;?;6.55;?;35.22;93;19.18;?;?;Boiling
USA;?;?;?;?;?;?;?;1300;46.08;?;?;31827;55.93;No Treatment
?;?;2011;River;0.44;7.04;40.01;8.82;315;63.26;494;?;13588;51.63;No Treatment
?;South;?;Pond;3.94;6.93;48.62;17.61;?;?;496;?;51492;?;?
USA;West;2017;?;7.26;7.0;?;?;?;76.68;?;60.26;41684;51.13;Boiling
?;North;?;Spring;?;8.15;?;5.0;?;31.22;?;51.35;?;?;?
?;North;?;Spring;0.37;?;?;1.02;1446;47.53;235;6.77;84018;?;?
?;South;2020;?;9.5;?;47.16;15.3;2105;?;77;36.19;68836;?;Chlorination
Pakistan;?;?;Spring;5.56;?;?;11.12;?;?;?;74.48;?;45.98;Filtration
USA;?;2023;Lake;6.4;7.72;?;7.66;1286;42.98;?;35.83;?;?;?
Mexico;?;2021;Lake;4.66;7.86;?;?;2580;?;140;?;59886;?;Filtration
?;North;?;Pond;1.66;?;9.84;?;?;68.99;246;9.96;?;77.44;?
Nigeria;?;2019;?;2.43;?;22.83;12.23;?;67.97;138;78.56;?;54.34;Chlorination
?;?;2005;Spring;2.54;7.68;?;?;?;74.74;?;?;7364;75.1;No Treatment
?;North;?;?;5.38;?;6.95;?;3050;57.67;?;85.23;?;?;?
?;South;2017;Well;0.65;6.59;?;17.83;3200;?;?;70.21;?;?;Boiling
Nigeria;?;2002;Tap;?;?;37.58;?;359;36.34;?;73.77;21255;53.06;No Treatment
USA;?;2008;Tap;2.37;8.2;46.31;?;?;65.92;?;?;68673;85.62;No Treatment
?;?;?;Lake;4.99;7.43;?;12.0;?;48.24;345;58.42;70657;?;?
Indonesia;West;2023;?;?;?;8.73;?;2256;74.88;259;40.9;35227;?;?
India;?;2023;Spring;5.08;8.39;35.79;?;803;89.03;?;22.47;91443;?;Chlorination
?;?;2023;Tap;7.85;?;16.62;?;?;67.11;340;91.59;88734;51.42;Filtration
?;Central;?;Tap;6.25;6.13;8.16;?;2948;94.61;170;?;11539;?;No Treatment
?;?;2014;?;3.92;?;33.07;3.25;?;47.39;?;49.61;3932;27.27;Filtration
China;Central;2022;River;4.0;7.93;?;6.84;?;95.01;278;99.19;78634;53.11;?
China;South;?;River;4.34;7.46;?;16.04;?;?;?;?;35240;?;?
Nigeria;?;?;?;?;6.75;31.21;5.34;?;?;?;?;15189;?;Filtration
Brazil;?;?;Pond;?;6.11;31.75;?;1353;88.46;125;?;45777;89.0;Boiling
Mexico;?;?;Well;1.79;7.85;32.11;?;3676;?;?;20.63;58925;34.3;?
?;?;?;Tap;?;7.74;?;7.21;2568;90.56;?;83.16;4891;?;?
?;Central;2000;?;0.32;6.34;?;?;?;35.51;?;?;84224;?;No Treatment
?;South;2019;Lake;7.49;7.54;29.0;15.26;2838;33.76;?;?;26629;87.97;Filtration
India;Central;2006;?;2.82;8.01;36.3;7.52;1180;?;?;?;30571;?;No Treatment
Bangladesh;East;2010;?;2.87;6.77;2.05;13.4;?;?;?;?;8077;?;?
USA;Central;2004;Tap;?;?;?;4.29;?;?;?;?;11531;87.87;Chlorination
?;Central;2019;Pond;2.71;?;28.27;13.23;?;68.3;?;31.5;47547;59.85;?
Bangladesh;?;?;Well;?;?;?;18.4;2097;64.17;421;39.14;?;69.24;No Treatment
?;?;?;Lake;6.35;?;28.52;?;1546;71.63;0;?;8657;81.43;?
Brazil;?;?;Lake;8.23;7.36;47.23;?;2747;82.17;411;?;?;22.97;Boiling
Ethiopia;South;?;?;6.89;6.89;21.96;16.91;365;33.22;266;?;?;84.9;Chlorination
China;?;2013;?;5.59;6.27;?;?;?;?;26;57.18;98812;60.78;Chlorination
?;?;?;?;1.58;?;?;3.29;?;79.4;421;?;?;83.37;Boiling
Brazil;West;?;Tap;?;8.44;?;?;2477;86.91;?;?;53029;?;No Treatment
?;?;?;?;1.39;6.33;43.23;18.7;?;?;21;64.22;7917;78.44;Filtration
Bangladesh;?;2003;?;?;7.0;?;14.02;?;?;?;40.09;66695;54.76;Filtration
?;?;2012;Pond;?;6.68;4.29;6.4;750;59.59;?;?;?;?;Boiling
Mexico;North;2001;?;3.18;?;47.24;5.82;?;89.82;69;?;3455;?;Chlorination
?;East;2019;Spring;?;?;?;6.89;?;?;267;31.07;?;81.39;Chlorination
?;?;2019;?;?;7.63;?;2.17;?;68.29;?;37.93;?;46.91;Filtration
USA;South;?;Well;6.67;?;42.8;5.15;129;?;46;?;71657;81.26;?
?;East;2011;?;?;8.32;12.79;11.76;1827;?;?;35.67;20607;62.15;Boiling
Bangladesh;North;?;?;9.38;?;34.47;9.13;?;38.96;461;?;?;?;Filtration
?;North;?;River;1.6;6.96;6.95;7.51;4094;78.03;91;46.44;?;73.79;Filtration
?;North;?;Spring;?;6.09;?;?;?;63.18;?;44.38;6282;63.53;?
Indonesia;?;2022;?;0.24;?;36.67;9.96;2330;35.29;274;?;?;93.56;No Treatment
Pakistan;?;2009;River;0.35;7.33;?;1.69;?;34.89;486;28.35;96249;27.84;No Treatment
China;South;2011;?;7.83;?;46.65;?;3520;32.32;?;5.49;62008;?;No Treatment
Mexico;West;?;?;2.46;7.75;?;9.61;?;87.39;437;29.31;67534;?;Filtration
?;?;?;Pond;?;6.97;?;?;3174;?;196;?;84798;39.55;?
Mexico;?;2014;Lake;1.25;7.74;6.43;?;1915;67.84;272;39.46;?;24.94;No Treatment
Ethiopia;South;2011;?;5.87;8.21;13.34;?;4812;65.85;393;?;?;62.1;Boiling
Pakistan;Central;2017;Pond;9.69;6.14;14.17;10.76;4574;73.33;?;?;?;23.76;?
USA;West;2017;?;?;?;?;1.36;1322;?;?;?;?;43.59;Chlorination
?;North;2020;River;5.67;?;23.35;?;?;33.49;229;?;?;?;Boiling
?;West;2003;Pond;?;?;?;9.21;?;?;291;77.73;?;47.01;?
Nigeria;West;?;?;9.04;?;?;7.19;?;?;158;79.23;67148;?;Boiling
Bangladesh;?;2003;?;2.54;7.94;?;?;1405;?;?;83.95;?;57.16;?
?;?;?;River;1.53;?;42.61;?;?;?;?;10.29;?;?;No Treatment
Pakistan;East;2020;River;?;?;27.97;19.91;3685;97.3;?;?;?;?;Boiling
?;?;2020;?;6.9;7.57;8.19;2.64;3591;37.54;111;?;11306;?;Boiling
Ethiopia;West;?;Well;?;7.67;?;1.19;3224;38.42;?;?;12967;60.3;Boiling
Ethiopia;?;2008;?;?;?;34.61;?;?;46.36;?;55.24;38760;35.47;Filtration
?;Central;2015;Pond;0.54;?;22.92;5.23;?;?;?;89.56;8919;61.32;Chlorination
Nigeria;Central;2000;?;3.56;7.47;?;?;1636;?;429;51.02;20829;?;?
Pakistan;?;2019;Well;3.81;7.82;14.1;8.31;2945;?;?;?;38599;43.87;Chlorination
?;East;2013;Well;0.61;8.4;?;?;?;81.91;417;40.11;41087;90.89;Boiling
?;North;?;Pond;2.76;8.18;?;15.07;?;38.59;?;?;?;40.08;Boiling
India;?;?;Spring;5.23;?;?;?;469;70.03;467;48.07;95797;?;Chlorination
Bangladesh;North;2001;Well;?;8.01;6.01;4.0;?;54.9;?;?;47114;93.6;Filtration
USA;North;?;Spring;?;6.61;8.36;3.27;?;98.88;?;?;?;97.89;Boiling
Bangladesh;West;2011;?;?;8.09;?;8.79;2072;40.81;427;?;30257;?;No Treatment
China;East;?;?;3.23;?;33.99;?;?;66.29;43;?;37197;51.86;?
?;South;2018;Well;?;?;14.09;?;2891;?;?;21.49;36378;25.65;?
Bangladesh;North;?;Well;?;?;1.31;3.27;2176;?;?;31.52;?;96.45;?
India;South;2017;?;4.62;7.4;26.06;17.84;449;65.52;459;73.73;72371;72.14;?
?;?;?;?;5.97;7.23;17.6;6.01;?;78.74;246;?;34697;?;Boiling
Ethiopia;?;2018;?;?;?;0.68;18.78;?;31.87;?;79.96;74431;98.12;?
Bangladesh;South;?;?;6.72;?;12.06;6.17;1737;36.12;406;57.25;?;?;Filtration
Mexico;?;?;?;2.19;6.4;24.24;2.97;3411;43.34;?;?;?;?;Chlorination
Bangladesh;?;2021;Well;?;8.32;35.85;6.11;533;64.77;222;?;56659;38.96;?
Pakistan;North;?;Well;?;?;?;13.58;?;40.76;284;?;84145;24.65;Filtration
China;North;2001;?;?;6.96;32.33;?;2122;79.98;146;?;?;35.95;?
?;West;?;Pond;?;8.18;1.56;11.05;370;73.13;391;60.84;?;?;No Treatment
India;?;2005;Well;3.76;?;32.94;?;2209;?;400;?;?;96.81;Boiling
Brazil;?;2021;?;?;?;13.2;?;?;78.33;?;70.06;?;73.37;Filtration
Indonesia;?;2010;?;?;8.25;?;14.9;?;?;203;37.09;?;?;Chlorination
USA;Central;2003;Lake;8.83;8.06;?;19.57;?;?;211;37.31;20115;?;?
Bangladesh;North;2021;Lake;0.46;6.87;?;?;3420;?;69;73.87;?;97.56;?
Indonesia;North;2008;Pond;?;7.35;27.89;19.72;1396;?;487;32.33;12132;?;?
Bangladesh;South;2002;Spring;?;6.0;11.42;12.84;4216;?;381;90.99;?;71.86;Filtration
Pakistan;South;2011;Well;?;7.33;?;?;3595;70.3;?;6.19;26003;?;Chlorination
?;East;?;Well;?;8.33;?;?;2096;73.32;?;88.93;?;38.48;Boiling
?;?;2024;?;?;7.98;13.03;9.23;?;?;260;?;51467;44.77;Filtration
Indonesia;West;?;Well;?;6.21;46.84;0.5;671;?;454;43.87;?;?;?
Mexico;East;2012;River;4.17;?;?;?;?;97.89;?;?;19491;?;Chlorination
?;?;2020;River;?;?;25.77;3.92;3630;?;76;99.85;69361;78.28;?
Bangladesh;?;2018;Pond;?;?;48.56;?;?;89.61;?;45.89;?;?;Filtration
India;?;?;?;?;?;26.78;11.83;2810;?;483;96.15;26291;?;?
India;South;2009;Tap;?;7.82;?;7.93;1112;?;134;91.71;32514;?;Filtration
USA;?;2003;?;?;8.32;14.72;?;812;61.46;386;?;?;?;Filtration
?;West;2002;?;6.31;7.45;12.09;7.46;3470;67.03;491;?;?;76.94;?
?;?;2006;Lake;5.63;?;?;?;3352;80.74;276;?;51117;?;No Treatment
Bangladesh;North;2016;River;?;8.22;?;7.92;?;86.79;?;2.9;3535;31.5;Chlorination
Mexico;North;2017;River;4.0;8.13;1.1;16.38;1801;80.5;222;42.69;72010;92.39;Chlorination
USA;East;?;?;2.49;?;?;18.91;?;77.88;?;66.33;?;79.74;?
India;East;2022;Well;?;6.02;22.59;12.74;?;61.4;402;?;?;?;Filtration
?;?;?;?;9.77;8.26;?;?;?;58.88;269;13.42;22225;21.07;?
?;South;?;Pond;?;?;?;?;4317;49.21;258;81.62;32677;24.77;?
?;North;2023;?;?;?;11.31;0.17;?;94.42;274;7.14;89734;69.35;?
Brazil;?;?;Pond;5.47;7.61;?;?;4969;?;?;70.1;?;63.14;?
?;West;?;Spring;7.38;?;48.43;3.42;?;74.52;313;71.27;6132;95.23;Chlorination
?;North;2006;River;5.39;7.43;17.32;14.51;?;38.7;432;?;8717;45.1;?
Bangladesh;West;2012;?;?;?;27.91;14.45;1948;86.15;490;61.07;?;50.26;No Treatment
?;West;2014;?;8.19;?;?;?;528;?;201;19.35;?;99.03;Chlorination
?;East;2009;Spring;?;8.08;27.44;0.72;891;93.29;389;50.0;53617;64.14;?
Ethiopia;East;2016;Tap;?;?;?;?;97;51.42;?;21.22;?;80.63;Boiling
?;?;2023;Well;0.55;7.94;27.26;2.36;?;?;?;?;96296;99.47;?
Pakistan;West;?;?;?;6.41;23.26;16.83;4815;74.35;155;62.16;?;92.62;No Treatment
?;?;?;?;?;?;43.35;?;3635;?;87;?;?;?;?
?;West;2024;?;2.99;?;10.15;?;2249;?;433;83.92;77039;89.75;Filtration
?;?;?;?;7.97;?;29.68;7.53;?;44.74;?;69.45;?;?;?
?;West;?;Spring;8.0;?;?;2.96;?;?;?;9.24;?;?;?
?;North;2016;?;6.88;7.03;31.2;12.17;4576;56.97;?;20.91;20729;60.08;Boiling
Ethiopia;?;2017;?;1.1;?;1.41;1.96;2489;?;425;?;49749;48.92;Filtration
?;?;2006;Pond;?;7.39;?;?;?;?;98;20.31;12925;?;Filtration
Pakistan;North;?;Lake;?;?;46.67;?;4521;93.79;493;?;53864;65.13;Boiling
Mexico;Central;2024;?;3.02;?;30.09;11.0;1432;?;364;88.14;26097;?;Boiling
?;?;2006;Well;?;7.67;?;15.04;3676;83.42;?;13.22;61948;43.12;?
India;East;?;Spring;6.22;8.38;23.48;9.0;?;69.32;300;5.11;?;?;Filtration
Bangladesh;Central;2005;?;3.41;6.12;47.81;6.19;167;?;25;96.93;?;79.72;No Treatment
?;South;2017;Well;3.38;7.35;23.67;11.62;4269;34.88;353;?;58650;52.76;Chlorination
?;?;2001;River;3.1;?;14.48;19.15;?;?;353;?;?;?;Filtration
Indonesia;?;2018;Tap;8.42;7.59;?;2.77;917;92.32;439;54.0;39878;62.27;No Treatment
USA;West;2022;?;?;?;3.6;19.22;?;50.32;196;?;?;?;?
Brazil;West;?;?;4.73;6.69;0.69;?;4263;57.2;303;?;19821;30.52;Filtration
?;East;2012;?;5.11;7.71;?;19.85;?;?;?;77.83;24385;?;No Treatment
?;?;2020;Well;?;7.51;18.95;8.8;4717;?;227;?;73873;27.78;No Treatment
Nigeria;East;2016;Well;9.97;?;?;?;?;80.72;123;13.49;61838;49.43;Chlorination
Ethiopia;?;2008;Tap;?;6.86;?;8.97;4269;87.94;341;93.21;?;25.02;?
USA;Central;?;River;?;?;?;?;?;88.73;?;69.13;?;74.17;?
Nigeria;West;2020;River;?;?;38.78;?;?;74.78;399;?;?;?;Boiling
?;?;?;Lake;0.53;6.68;?;?;?;87.93;?;?;43864;?;Filtration
Indonesia;East;?;River;5.82;?;4.05;18.58;1213;53.58;335;4.8;?;?;No Treatment
?;West;2020;?;7.72;?;20.4;?;4389;?;?;69.0;4316;29.02;Boiling
?;East;2005;?;1.85;?;45.36;?;4452;56.07;?;30.79;76545;?;No Treatment
?;Central;2003;Lake;0.71;7.35;?;?;?;87.04;?;?;?;80.29;Boiling
Indonesia;?;?;?;0.99;?;31.87;?;447;?;?;38.87;65301;?;?
?;?;?;Lake;0.01;7.73;?;4.47;?;37.14;189;?;38798;77.35;Boiling
China;West;2007;River;4.63;7.96;22.43;4.79;?;56.03;239;?;?;68.6;Chlorination
Pakistan;South;2009;Lake;8.95;7.73;6.49;18.3;4319;84.12;114;5.99;22591;46.24;Boiling
?;?;2021;?;?;7.33;2.3;14.52;3212;?;141;37.05;36012;25.2;?
India;East;2009;River;?;?;?;7.92;2393;?;468;?;?;29.02;Boiling
India;North;?;Tap;6.59;?;35.52;?;?;70.84;378;?;?;66.65;Filtration
China;South;?;Lake;5.44;?;49.67;5.52;2688;?;?;18.33;?;84.28;Filtration
Indonesia;East;?;Well;8.61;6.9;27.96;17.47;3612;84.11;?;75.27;?;?;No Treatment
USA;?;2006;?;3.5;?;?;?;1660;44.17;377;14.78;?;39.15;?
Brazil;West;2006;?;?;7.62;?;10.78;340;?;79;7.71;?;?;No Treatment
India;South;?;?;?;?;?;17.75;2420;?;?;85.76;?;?;?
?;?;?;?;7.03;6.73;38.24;?;1024;?;220;51.59;?;66.29;?
Bangladesh;West;2024;Lake;8.45;7.68;13.81;?;4612;90.36;31;?;?;?;Filtration
USA;?;?;?;8.63;?;?;12.37;1931;79.38;?;?;18780;38.98;?
?;South;?;Spring;3.21;7.69;9.67;4.98;1337;50.72;339;84.31;23048;?;?
Nigeria;South;?;Pond;?;?;?;?;4973;68.8;?;?;?;66.49;Boiling
?;?;2005;?;?;7.38;43.06;5.24;3483;43.91;?;?;?;67.5;Chlorination
Bangladesh;?;2024;Pond;?;8.22;15.61;?;?;86.63;128;?;82566;?;Boiling
Indonesia;East;?;Well;8.04;?;26.23;11.84;?;60.78;97;?;78617;?;Boiling
?;?;2016;Spring;?;6.25;0.43;?;714;?;311;52.26;21251;83.08;Chlorination
USA;?;?;River;4.23;?;16.56;17.14;4651;36.03;265;?;5385;?;?
?;East;?;River;8.94;?;19.92;?;4125;89.48;?;96.8;?;?;?
Bangladesh;West;?;Spring;6.37;6.62;47.24;17.29;?;?;288;68.7;?;27.53;Chlorination
?;?;2013;Spring;?;?;31.84;16.74;2131;88.22;298;?;52898;41.91;No Treatment
Bangladesh;South;2023;Well;8.42;?;48.13;5.05;739;64.49;205;?;29898;66.28;?
India;South;2016;Lake;5.02;?;?;18.67;?;80.41;15;4.8;56118;?;?
?;?;?;?;?;6.35;19.04;?;?;?;?;27.58;?;?;Chlorination
?;?;2008;Well;8.06;7.62;17.7;11.25;598;78.19;180;95.55;?;?;Chlorination
Pakistan;Central;2019;Well;7.99;8.09;16.07;?;?;?;437;30.52;?;58.2;Boiling
China;North;?;Tap;?;8.23;?;?;4454;91.81;285;?;48878;?;Boiling
?;West;2010;Well;8.14;7.21;33.53;17.54;589;?;?;6.91;?;?;No Treatment
Ethiopia;East;2002;?;1.79;?;33.18;?;?;39.14;?;11.15;7187;?;?
Mexico;?;2012;?;4.55;7.76;48.2;13.52;2602;32.31;?;?;32561;51.14;?
?;West;2001;Spring;8.39;6.96;15.02;2.84;?;37.83;?;78.11;?;70.68;Chlorination
?;South;?;?;?;?;?;?;67;?;?;?;28117;?;Filtration
?;Central;?;River;?;8.4;21.45;14.44;4960;?;112;33.62;68132;46.45;Chlorination
Brazil;South;?;Spring;?;?;?;9.88;2147;?;?;46.8;45579;56.24;?
?;East;?;Tap;4.7;6.47;46.23;7.47;634;?;242;?;68681;88.63;No Treatment
?;North;2022;Spring;?;8.18;34.93;8.37;3568;?;?;?;?;22.79;?
USA;Central;2002;Tap;4.79;8.29;?;18.1;?;?;248;81.42;63486;63.66;?
?;?;2011;?;?;6.32;?;4.03;2383;?;?;46.17;?;94.37;?
?;?;?;Well;?;?;47.12;?;237;?;275;31.62;?;39.52;Filtration
India;Central;?;Pond;6.87;?;30.91;1.71;2021;78.44;163;?;?;?;Chlorination
Indonesia;?;2012;Spring;?;?;?;11.69;?;42.23;194;15.66;?;67.35;Boiling
China;East;2007;Well;?;8.11;16.61;?;?;?;?;?;?;?;?
USA;South;2013;Pond;4.61;6.2;?;5.78;?;?;?;51.48;2345;?;Boiling
?;Central;2020;?;?;?;?;0.68;4339;75.03;?;?;?;?;?
?;South;2014;Tap;?;?;0.48;?;1508;60.45;384;88.03;44972;77.59;?
Brazil;Central;?;Lake;6.2;?;?;11.81;?;87.73;195;?;98933;69.6;?
Ethiopia;West;?;Well;0.71;6.12;48.55;3.99;?;36.5;219;?;98794;56.03;?
Nigeria;Central;?;?;6.25;?;22.45;?;?;?;392;?;96321;?;?
Pakistan;?;?;?;1.28;?;38.71;?;2243;62.6;34;97.24;85527;?;?
?;East;?;?;4.55;8.02;29.59;?;?;?;316;64.58;?;97.24;?
Pakistan;South;2000;Spring;1.53;7.2;28.19;?;?;?;75;3.39;9146;?;?
?;North;2010;?;?;7.37;?;1.13;?;81.25;384;82.29;59619;?;?
Brazil;North;2016;?;2.75;7.45;45.02;18.3;?;61.09;404;?;?;?;Chlorination
India;East;?;Well;5.1;?;28.5;10.8;1555;?;?;38.58;86537;27.52;?
Mexico;?;2019;River;8.73;7.39;3.03;6.03;3405;42.62;?;?;66988;?;?
China;Central;2015;?;8.1;7.88;25.87;17.96;2192;?;28;30.34;?;?;Boiling
USA;?;2021;Lake;5.9;7.73;?;1.17;1224;32.07;?;3.32;66644;?;?
Brazil;Central;2019;?;4.02;7.88;14.18;18.32;?;38.83;209;78.42;?;69.4;No Treatment
Pakistan;East;2006;Lake;?;7.79;?;7.67;1268;?;?;41.78;24990;?;Boiling
?;East;?;Spring;5.05;6.65;?;6.69;336;?;?;?;2705;82.34;?
?;North;2002;Well;?;?;45.61;10.29;4868;66.67;230;?;?;42.38;Boiling
Nigeria;West;?;?;?;8.28;9.31;19.6;2075;?;314;?;?;73.2;Chlorination
?;North;2011;?;1.44;6.29;26.74;0.64;2584;?;?;?;?;?;?
India;Central;?;?;0.71;6.12;49.42;3.29;1416;49.02;363;8.51;55869;?;Filtration
?;North;2024;?;3.22;6.31;14.75;?;660;?;441;94.35;49504;?;Chlorination
Nigeria;?;2005;?;7.54;7.01;22.02;?;?;35.39;?;80.96;98940;38.69;?
?;South;2024;?;?;7.5;?;9.06;?;79.86;?;?;73300;?;No Treatment
?;South;2014;?;6.07;7.07;?;12.9;42;82.47;82;38.34;46330;49.54;No Treatment
?;?;2012;River;?;6.74;?;?;611;?;?;6.62;82602;?;?
?;?;2008;?;4.36;7.32;29.3;?;?;?;?;?;30652;64.81;Boiling
Indonesia;East;2003;?;8.58;8.43;31.37;1.57;1498;70.32;199;37.06;60249;?;No Treatment
Nigeria;?;?;Tap;0.65;7.45;29.0;11.41;940;66.16;292;61.73;46468;?;Filtration
USA;Central;2009;?;?;7.69;?;?;2429;37.97;?;?;61955;?;Chlorination
Nigeria;West;2024;Well;?;7.01;?;0.35;4172;34.39;256;97.67;99587;54.83;?
Bangladesh;East;2022;Spring;?;7.68;19.67;1.35;2942;?;159;54.75;92111;68.67;Filtration
Nigeria;South;2006;?;2.5;8.23;48.02;?;4986;?;277;20.43;?;26.68;?
Ethiopia;East;2020;?;2.38;7.98;40.56;18.95;?;?;?;53.0;69503;?;Chlorination
?;?;2005;Tap;2.49;?;19.04;?;?;30.93;?;?;85429;?;No Treatment
Nigeria;Central;?;?;?;8.12;18.42;5.18;?;58.48;475;?;?;54.61;Boiling
Pakistan;?;2006;Spring;9.86;6.23;38.7;15.72;1465;74.11;337;?;?;77.84;?
?;Central;?;?;?;7.96;?;0.95;1564;?;?;?;92170;93.84;Chlorination
Brazil;West;?;?;0.24;?;9.5;19.79;?;?;?;46.88;?;78.93;?
India;Central;2002;?;?;?;?;19.75;?;31.26;?;11.51;71359;?;?
Pakistan;West;2006;River;2.93;6.78;10.24;?;2629;?;?;33.42;?;?;Filtration
China;?;2009;?;2.66;?;?;?;?;?;69;?;25193;?;Chlorination
Nigeria;North;?;River;?;7.4;17.19;11.94;4571;47.03;105;?;31016;75.83;Boiling
Pakistan;?;?;Spring;1.92;?;28.96;17.06;4946;65.29;?;39.15;?;?;Filtration
?;West;?;Well;?;6.21;?;?;4381;?;498;?;21987;81.24;?
India;Central;?;?;1.8;?;4.35;?;2589;69.6;6;31.7;92517;70.49;No Treatment
Brazil;Central;?;?;3.34;?;?;12.85;2205;71.53;166;?;27654;54.47;?
?;?;2021;Tap;?;6.75;?;11.65;4393;?;342;57.5;?;?;?
Pakistan;?;?;?;?;6.21;26.88;?;464;57.29;243;45.92;?;63.69;No Treatment
Mexico;North;2017;Spring;?;6.17;11.53;4.87;1945;31.18;?;57.34;32919;?;Chlorination
Mexico;?;?;?;9.34;?;?;1.78;2367;63.5;?;88.19;?;?;Filtration
Pakistan;East;?;River;?;?;49.18;12.63;?;?;?;?;24930;82.81;?
?;South;2019;?;6.54;6.14;3.23;13.84;?;?;?;15.1;?;?;No Treatment
?;?;2000;Lake;?;?;?;18.97;2536;70.29;366;38.84;?;?;Boiling
Ethiopia;?;2011;Tap;9.31;6.72;?;11.18;1110;83.0;326;?;?;57.21;Boiling
USA;East;2018;?;4.75;6.09;?;?;?;?;314;?;84987;29.92;Boiling
USA;?;2011;?;?;8.41;?;?;4477;59.12;4;?;83194;?;?
Nigeria;?;2018;?;?;6.32;?;?;489;90.59;?;?;?;87.08;Boiling
USA;South;?;?;8.32;7.55;?;12.8;?;?;102;8.95;?;?;No Treatment
Indonesia;South;?;River;?;7.21;23.4;?;2454;?;104;26.47;?;?;Chlorination
?;?;?;Lake;?;?;?;?;3047;?;17;45.58;?;?;Filtration
Ethiopia;?;?;River;2.12;8.48;?;5.58;27;63.73;58;?;?;56.93;?
?;North;2006;River;?;?;15.23;?;1773;83.83;?;91.28;7430;?;?
?;North;2003;?;1.15;?;?;18.81;?;?;?;?;?;38.37;?
Ethiopia;?;?;?;5.1;8.2;12.86;11.63;4640;?;242;?;77762;?;No Treatment
Indonesia;?;2012;Pond;2.52;8.46;?;?;3674;73.93;133;31.42;?;47.48;Chlorination
?;South;?;?;9.54;?;?;6.22;2281;?;253;11.29;?;?;No Treatment
USA;Central;2000;Well;?;7.08;?;?;4332;?;?;?;?;?;No Treatment
?;South;?;Pond;3.47;7.28;?;0.87;?;?;363;72.23;4095;32.42;Filtration
USA;North;2006;?;4.34;6.2;?;17.62;3828;31.62;311;63.92;?;56.84;?
Indonesia;Central;2020;Spring;2.9;7.15;0.73;18.88;4341;80.65;12;10.5;36811;61.39;Filtration
?;West;?;Spring;?;?;12.3;14.23;2980;63.43;?;?;48781;68.38;No Treatment
USA;North;?;River;?;?;42.18;?;2621;?;49;?;?;26.46;Filtration
?;North;2013;Tap;3.3;7.27;17.84;12.88;2611;?;?;?;?;33.34;?
?;?;2002;Tap;4.22;7.16;47.56;?;?;72.71;?;?;16715;57.02;Boiling
?;?;?;Tap;?;6.08;14.04;12.09;?;?;?;38.19;42805;69.83;?
?;East;2022;?;0.56;?;45.29;?;207;45.25;163;43.93;?;?;?
?;?;2000;Spring;7.53;?;?;?;?;97.43;275;89.79;10896;53.28;Boiling
Pakistan;South;2016;?;?;?;34.01;19.45;401;?;?;94.42;35357;?;Boiling
?;West;?;?;?;?;?;?;4807;79.48;?;78.07;?;86.17;?
Mexico;West;2024;Tap;?;?;?;14.81;3668;49.67;180;?;?;79.19;Chlorination
Brazil;South;2007;River;7.06;7.35;?;?;?;56.12;?;30.5;6249;?;Boiling
Brazil;North;2006;Spring;?;?;45.7;1.33;2469;37.96;4;12.17;14847;74.14;Filtration
Ethiopia;Central;2009;?;?;6.25;?;14.82;2546;?;219;?;?;?;Chlorination
Brazil;South;?;Well;4.97;?;?;7.98;1385;33.89;245;?;85925;73.64;Filtration
Pakistan;East;2013;Pond;?;?;?;?;?;?;?;21.92;43204;?;Chlorination
Bangladesh;?;?;Well;?;6.33;20.89;14.87;?;?;104;70.31;2065;?;Chlorination
Nigeria;?;?;?;7.9;7.76;38.17;6.49;?;52.15;?;?;?;70.99;Chlorination
?;South;2017;?;?;?;33.27;8.15;?;?;11;25.3;70248;55.42;Boiling
?;?;?;Lake;0.42;?;33.87;0.68;4928;75.18;394;23.86;?;21.07;Filtration
?;West;2015;Lake;?;6.26;?;1.13;1802;93.52;364;?;24908;72.07;Chlorination
Bangladesh;?;?;Well;5.94;6.27;0.29;13.49;3003;41.64;?;40.7;74536;93.98;Boiling
?;North;?;Lake;0.17;6.9;?;11.68;2576;37.08;?;76.0;58730;?;?
Indonesia;Central;2002;?;5.02;?;?;12.54;?;?;?;26.55;?;?;Chlorination
India;?;2004;River;?;?;?;?;2228;98.01;?;66.92;?;?;?
?;East;2016;?;?;7.11;33.47;?;?;39.15;?;?;?;?;No Treatment
Indonesia;?;2003;Tap;?;?;26.09;5.84;?;57.87;?;?;28277;29.54;?
?;?;2000;Spring;?;6.87;7.63;?;?;?;441;69.45;4663;?;?
?;West;2009;Tap;6.66;8.24;4.6;3.29;285;59.78;?;35.63;?;?;Boiling
China;South;2009;Lake;?;7.43;46.76;?;?;?;230;?;?;?;No Treatment
?;South;2020;Well;5.95;?;?;11.21;3550;49.13;229;2.34;29567;59.57;Chlorination
Nigeria;West;?;Pond;3.25;6.01;1.96;11.98;?;?;478;13.92;8673;?;Filtration
India;?;2021;Lake;4.1;6.52;?;3.5;432;65.01;308;96.87;8033;?;Boiling
Indonesia;South;2011;Tap;?;8.13;39.59;?;?;73.97;?;34.12;?;47.63;Filtration
China;Central;2009;Pond;?;7.74;28.88;?;?;53.3;?;43.05;44954;95.38;No Treatment
Indonesia;East;2006;?;4.62;?;8.4;15.94;1540;62.86;?;43.67;90749;64.57;?
Pakistan;?;2024;Spring;4.33;?;?;10.04;?;85.42;?;7.97;63519;50.2;?
?;?;2019;Lake;2.63;?;45.88;19.59;?;?;?;63.32;77999;43.21;?
Brazil;North;2012;River;?;7.27;49.23;7.84;4148;41.67;?;?;17439;?;Boiling
China;?;2022;Pond;9.88;?;12.08;5.6;3951;?;?;?;75993;62.45;?
?;?;?;Pond;?;?;?;?;2934;50.13;15;43.06;?;?;Boiling
Ethiopia;Central;?;?;5.06;7.5;?;?;1335;98.82;221;?;75324;65.34;Boiling
?;West;?;?;6.24;7.39;9.58;3.7;?;82.98;?;17.02;66283;67.09;?
?;?;?;?;?;?;24.08;?;?;36.63;?;?;?;98.48;Boiling
Ethiopia;North;2015;River;0.52;7.41;12.37;3.54;3048;66.73;?;64.49;40724;22.34;Boiling
?;South;?;Well;3.09;7.22;?;7.47;4803;?;100;?;57409;93.55;No Treatment
?;North;?;?;0.92;8.45;?;0.68;?;?;185;66.53;94698;?;No Treatment
Brazil;South;2019;Lake;1.43;8.5;6.74;?;?;68.04;7;?;537;37.08;?
Ethiopia;?;2012;River;?;?;41.07;17.78;280;99.74;?;44.36;30063;?;No Treatment
?;West;2003;?;9.12;7.63;?;16.29;?;30.9;?;47.77;72910;80.01;?
?;South;2018;Well;8.25;7.69;?;9.83;?;80.53;?;?;86034;?;?
?;West;?;River;7.92;?;8.11;15.9;3725;72.25;?;94.98;26050;?;Boiling
India;South;2018;Well;4.82;8.27;?;8.29;3320;67.28;140;75.34;32655;?;Boiling
?;?;2023;?;?;7.67;?;17.55;1516;?;70;?;?;84.39;?
Indonesia;?;2006;Lake;?;?;?;0.03;?;98.06;188;53.04;44830;86.04;No Treatment
?;?;?;?;?;?;34.82;?;1483;52.02;?;80.45;4926;51.52;Chlorination
Bangladesh;?;2007;?;9.75;8.06;37.94;?;471;?;117;19.28;?;?;?
?;North;?;River;?;?;?;19.06;?;52.0;169;14.41;67148;62.95;No Treatment
Ethiopia;North;2019;Spring;5.73;7.47;?;?;?;?;77;54.6;?;37.65;Chlorination
USA;?;?;Well;9.82;7.98;18.12;?;3865;?;192;?;?;40.74;No Treatment
?;?;2015;?;0.19;?;9.12;2.41;?;?;492;11.1;?;32.6;Filtration
?;?;?;Lake;?;?;39.46;12.46;?;38.34;?;75.09;?;70.31;?
India;West;2017;Well;?;6.71;12.76;?;1596;?;231;?;?;72.66;?
?;East;?;?;6.34;6.32;26.15;0.52;?;?;?;96.98;78721;90.67;?
Nigeria;?;2001;Well;3.27;7.55;18.12;3.45;?;93.63;367;4.88;49073;45.38;Boiling
Nigeria;South;?;River;?;6.4;?;9.27;?;91.39;169;?;41681;?;No Treatment
?;West;2021;Tap;4.4;6.63;31.63;6.76;2057;?;95;?;17174;?;Boiling
Nigeria;?;2001;?;0.93;?;?;?;2882;?;433;86.09;6027;?;Chlorination
China;North;2013;Pond;?;?;16.06;19.0;?;38.15;?;?;?;34.58;?
USA;?;2006;Pond;8.87;?;?;1.09;1831;77.35;?;92.56;87489;?;?
Bangladesh;?;?;Tap;?;7.71;40.68;?;?;92.58;210;?;81193;?;?
?;?;2009;Lake;?;7.49;?;19.86;?;81.13;?;46.33;79438;?;?
Pakistan;West;2000;Lake;?;6.61;31.12;9.64;?;36.01;?;78.73;60579;67.1;Boiling
USA;East;?;?;?;?;24.41;18.81;?;33.45;17;24.57;9019;?;No Treatment
?;West;2011;Spring;?;?;12.62;0.8;4399;62.83;468;97.29;30911;98.17;Chlorination
Ethiopia;South;2006;?;?;6.45;?;2.94;?;43.66;317;39.5;64746;21.58;Filtration
?;?;?;?;7.83;6.65;26.69;?;?;34.78;250;?;?;?;Boiling
Brazil;?;2001;?;5.2;?;?;5.4;?;79.02;40;46.66;31678;60.58;?
China;?;2019;Spring;1.66;7.04;39.35;10.65;?;69.46;?;38.67;18485;?;Boiling
Ethiopia;?;?;?;7.63;?;?;4.57;?;52.17;?;60.95;?;?;?
?;?;?;River;?;?;48.76;2.03;4416;52.34;?;90.42;?;81.62;?
Brazil;South;2024;Pond;1.26;6.44;?;?;165;?;?;64.99;79258;?;Filtration
Pakistan;Central;?;Well;?;7.94;3.77;6.53;?;90.97;259;10.47;?;64.2;?
Pakistan;?;?;Tap;3.35;?;?;13.25;4623;?;178;?;7780;66.61;?
Indonesia;West;?;River;4.59;6.09;30.14;3.8;523;?;367;72.87;17810;86.95;Chlorination
Indonesia;Central;?;Pond;0.99;6.57;13.29;1.23;488;96.31;230;?;82686;92.23;?
India;West;?;?;?;6.61;20.89;10.35;?;63.96;?;28.83;?;?;Chlorination
Bangladesh;East;?;?;?;?;?;?;3586;45.69;178;78.32;65212;49.04;?
Ethiopia;South;2002;Well;9.49;6.62;35.45;?;470;?;114;3.21;?;76.5;Filtration
Ethiopia;?;?;Spring;6.08;?;25.68;11.96;4601;51.66;?;46.5;90264;75.22;?
?;?;2021;?;?;?;35.27;2.59;?;93.92;?;40.8;?;?;Chlorination
USA;Central;?;?;8.12;?;12.35;8.68;2714;?;117;96.75;?;?;Boiling
?;?;?;?;6.21;?;?;?;4597;69.31;?;76.58;?;49.9;Boiling
USA;East;2005;?;7.49;8.03;14.22;?;?;98.67;318;51.15;28856;80.42;Boiling
Nigeria;East;2023;Lake;9.58;7.31;4.68;?;?;?;?;76.71;83333;77.96;Filtration
Mexico;?;2013;?;7.13;?;32.24;0.51;3650;66.66;?;?;51085;?;Filtration
Indonesia;East;?;?;4.7;6.84;?;?;3293;58.05;?;2.68;?;23.14;?
USA;?;2004;Pond;8.41;6.28;23.83;18.45;?;55.34;440;49.8;48012;80.94;Boiling
USA;Central;2013;?;?;7.56;?;?;?;96.67;387;13.47;87207;45.8;Filtration
India;?;?;Lake;?;7.82;?;6.98;?;?;?;55.09;?;?;Boiling
China;?;2015;?;?;8.15;?;8.56;654;54.89;?;7.62;?;82.26;Chlorination
?;?;?;Pond;3.05;?;4.76;?;938;75.22;?;?;?;49.25;No Treatment
Mexico;Central;?;Pond;1.92;?;9.16;14.05;?;?;?;?;40574;63.37;No Treatment
Bangladesh;?;2017;River;?;6.98;?;0.01;?;?;28;52.2;?;66.52;Filtration
?;?;?;Pond;2.25;7.77;?;13.84;3680;?;174;?;60952;?;?
USA;North;2003;Tap;9.39;?;27.19;6.16;1341;77.69;?;?;11462;?;Boiling
Indonesia;?;2002;Well;?;?;35.42;16.62;1610;?;487;85.51;?;?;Chlorination
China;South;2016;?;?;8.23;26.48;18.45;1783;80.7;119;85.94;?;62.43;Boiling
Pakistan;?;2019;?;5.92;?;?;?;3359;44.76;?;74.4;13467;76.96;Filtration
Indonesia;North;?;Well;?;?;42.88;?;?;53.92;386;39.73;?;20.83;?
Brazil;East;2005;Tap;?;?;?;?;1638;?;264;2.87;?;?;?
India;South;2016;?;?;?;?;10.62;3536;71.14;393;?;?;?;Filtration
Indonesia;?;2004;?;3.37;8.36;1.98;3.44;4185;66.7;469;43.82;7977;55.71;?
?;West;2019;Pond;4.9;6.33;12.4;17.89;2192;?;?;37.47;?;45.69;Filtration
?;?;2017;?;?;?;?;?;1235;83.68;?;?;?;42.29;No Treatment
?;Central;?;Tap;6.91;7.71;12.06;8.53;?;?;352;77.01;?;?;Chlorination
Pakistan;?;2021;River;5.99;?;35.74;5.72;2840;?;259;?;85338;96.31;No Treatment
?;North;2001;?;1.96;?;22.89;10.03;?;30.65;493;98.77;18021;90.66;?
Indonesia;North;2021;?;?;7.29;?;?;3456;?;?;?;?;?;?
?;North;2000;?;6.51;7.35;?;?;3808;?;318;?;?;56.3;No Treatment
?;Central;?;Pond;1.89;6.21;11.23;6.74;?;74.52;447;?;?;?;No Treatment
Brazil;North;?;?;?;8.26;18.05;?;2808;41.96;481;27.51;?;21.48;?
Nigeria;Central;?;Spring;7.67;?;12.71;?;3419;56.02;190;22.32;?;99.96;?
?;?;2010;Well;8.38;7.31;?;?;4818;?;297;47.03;6738;?;No Treatment
?;West;?;River;?;?;42.51;5.01;4981;49.51;?;?;?;54.13;Boiling
?;?;?;River;4.79;?;24.61;3.33;4278;73.41;?;?;?;58.68;Boiling
China;?;?;Well;9.69;6.02;?;4.08;?;58.39;78;67.33;19959;28.45;No Treatment
Indonesia;?;2005;?;?;?;?;?;?;97.8;421;?;?;95.36;?
?;?;2002;?;9.99;?;18.01;?;?;?;410;69.72;93804;44.32;?
?;?;2004;?;3.17;7.0;?;?;4380;99.44;?;43.58;36329;?;?
Bangladesh;?;2009;Pond;?;6.12;36.95;18.26;2138;47.84;450;55.18;?;?;No Treatment
China;?;2008;Lake;9.97;7.0;7.31;4.75;3147;50.89;102;?;62058;62.02;No Treatment
Nigeria;South;?;Spring;5.11;6.17;?;?;3225;?;0;31.29;25123;97.09;?
Pakistan;?;2023;River;3.37;7.84;14.44;?;1087;?;263;68.93;?;?;?
Ethiopia;Central;2024;?;4.51;6.01;?;18.4;2119;51.28;198;39.55;57587;?;?
Mexico;West;?;?;6.71;8.21;?;?;942;?;?;49.4;22780;29.98;Filtration
India;Central;?;River;9.06;6.32;9.42;?;?;?;275;?;93050;?;Boiling
Bangladesh;?;2002;?;?;7.4;36.25;9.17;?;56.19;251;9.53;37199;?;?
India;East;?;?;?;?;?;1.61;?;83.55;?;87.46;26835;69.81;Boiling
Mexico;East;2002;?;?;7.0;?;?;107;35.27;?;62.17;9716;?;?
?;West;?;Lake;?;?;?;?;?;37.27;?;85.25;77020;68.11;Boiling
Nigeria;?;2019;?;?;8.33;38.05;16.98;?;81.72;49;?;79148;78.45;Boiling
Nigeria;Central;?;?;?;?;47.4;19.71;3314;?;?;78.91;88076;?;No Treatment
Pakistan;East;?;Pond;?;8.21;?;4.13;583;?;64;60.58;?;61.61;?
?;North;2023;?;?;7.54;?;14.38;3600;50.52;?;71.1;39664;27.66;?
?;South;?;?;9.77;?;40.79;0.96;2333;?;?;63.96;?;20.91;No Treatment
Brazil;?;2018;Lake;?;?;46.03;16.58;1438;50.4;?;57.61;5884;?;?
Bangladesh;South;2012;Tap;?;8.0;44.41;10.4;3243;?;?;?;?;66.96;Chlorination
?;?;?;Spring;6.33;?;25.43;5.96;334;70.06;?;56.07;81631;55.57;?
?;?;?;Pond;?;6.29;?;?;?;?;?;21.34;?;54.82;?
India;North;?;Spring;5.1;?;28.43;?;3561;92.1;?;8.29;39633;96.51;Boiling
Mexico;?;2016;?;4.23;7.3;?;?;?;?;421;35.08;38905;91.06;?
?;North;2016;Tap;?;?;37.49;?;1458;48.74;?;48.85;?;48.27;No Treatment
?;?;2014;Spring;3.14;?;?;?;3366;87.31;280;?;?;?;?
?;?;2011;Pond;9.63;?;?;3.9;?;?;394;?;80464;89.18;Filtration
Indonesia;South;2018;Well;6.33;8.01;34.04;7.8;2346;?;?;11.72;25478;?;?
?;Central;2018;?;5.94;7.37;18.38;8.64;148;55.45;?;4.15;93901;95.28;Chlorination
?;Central;2002;?;8.11;?;27.91;?;2345;95.51;444;45.6;?;?;?
?;West;?;?;?;8.25;21.36;17.51;1529;44.82;?;91.55;63637;56.41;No Treatment
Nigeria;?;2010;?;?;7.77;10.9;8.47;?;?;399;26.85;94833;84.11;Boiling
?;?;2016;Spring;7.37;?;?;?;2527;?;149;30.95;25943;?;Chlorination
Indonesia;South;2014;?;8.42;7.05;3.56;13.56;?;?;?;?;31441;54.52;Chlorination
China;Central;?;?;8.75;?;20.47;17.38;254;88.0;?;27.59;?;?;No Treatment
Bangladesh;Central;?;Tap;?;?;7.68;5.83;794;88.43;303;?;?;23.64;Filtration
?;?;?;Lake;?;6.69;14.98;3.95;?;?;?;68.69;?;?;No Treatment
Ethiopia;West;2013;Lake;8.97;?;?;?;?;73.15;?;30.81;47236;?;?
China;South;2008;Well;?;8.27;16.16;17.42;?;?;?;77.26;?;?;Boiling
?;?;2020;River;4.12;6.51;?;19.14;155;64.26;118;38.9;87750;98.73;?
?;North;2011;Well;?;6.45;21.1;?;?;97.88;?;55.07;21804;?;No Treatment
?;East;?;Spring;3.36;?;27.68;1.96;?;?;34;30.62;84535;?;Chlorination
Pakistan;North;?;Lake;3.53;?;?;?;?;?;154;64.04;22212;21.23;Chlorination
USA;Central;?;?;?;6.19;45.04;12.65;1889;?;175;30.81;97672;80.99;Chlorination
?;?;?;?;?;?;49.98;?;?;90.69;?;52.65;?;38.4;?
USA;West;2013;River;?;?;?;?;3033;41.71;?;?;10550;88.28;Chlorination
?;?;2000;?;?;?;35.52;?;?;90.76;?;16.15;55508;?;Boiling
?;South;2009;Lake;6.99;6.79;?;6.38;3270;?;?;?;33237;90.48;?
?;Central;2013;Spring;2.82;?;35.54;9.57;790;?;451;8.76;13394;?;Filtration
?;?;2024;Pond;?;7.93;?;?;?;89.03;?;?;99289;84.21;No Treatment
USA;Central;2016;Spring;?;?;41.56;11.28;1037;47.67;4;8.94;33716;49.81;?
Indonesia;?;2006;?;4.46;?;39.41;15.94;2035;?;470;22.53;?;39.58;Filtration
?;?;?;?;?;7.36;?;10.43;?;54.69;358;16.42;?;66.04;Boiling
?;North;2000;Lake;2.76;7.0;?;?;?;37.9;175;26.31;?;?;?
Nigeria;?;2007;?;7.79;8.42;?;?;4062;61.12;?;22.9;?;89.99;Filtration
?;?;?;Spring;2.74;8.07;21.79;6.17;1350;?;?;8.09;28943;36.25;No Treatment
Nigeria;?;2023;?;7.56;6.37;?;?;4567;93.38;75;?;62665;31.52;No Treatment
India;East;2010;Lake;?;7.14;29.8;15.82;?;?;400;?;?;?;No Treatment
Nigeria;North;2009;?;?;?;45.67;0.34;1730;80.52;8;?;46109;?;?
India;East;2013;Pond;?;7.35;18.77;15.21;?;70.69;?;82.06;76954;?;?
?;West;2006;?;7.83;8.28;16.26;13.54;?;78.65;?;?;79391;82.92;Chlorination
China;?;2022;River;0.06;?;44.98;?;?;55.43;208;?;6726;68.6;Boiling
Indonesia;West;?;River;?;8.0;?;14.84;?;41.73;?;32.62;53082;47.77;Boiling
India;East;2015;Well;?;7.96;44.34;?;?;99.24;?;?;71036;55.96;?
?;?;?;Well;?;?;2.09;9.45;?;87.28;?;18.36;94186;43.31;Chlorination
Bangladesh;North;2006;Well;?;6.22;?;2.08;4369;62.94;?;?;?;92.04;Chlorination
?;East;?;Lake;?;?;?;9.03;?;50.53;441;?;?;90.56;?
Ethiopia;?;2005;River;?;7.41;3.42;4.86;1624;?;?;42.59;96144;?;?
?;South;2021;Spring;?;8.28;?;9.53;?;?;?;65.72;?;?;Boiling
Bangladesh;?;2013;Lake;5.79;7.04;1.91;8.04;?;31.03;?;?;69713;50.07;?
USA;?;2007;River;?;6.06;?;3.6;?;?;99;78.3;95544;?;?
Ethiopia;?;?;Tap;3.12;7.35;?;?;742;38.2;?;?;58552;33.32;Chlorination
