23;Female;0.0;1.2;1.1;85.0;8.0;6;Master;8;56.2
20;Female;6.9;2.8;2.3;97.3;4.6;6;High School;8;100.0
21;Male;1.4;3.1;1.3;94.8;8.0;1;High School;1;?
?;Female;1.0;3.9;1.0;71.0;9.2;4;Master;1;26.8
19;?;5.0;4.4;0.5;90.9;4.9;?;Master;1;66.4
24;Male;7.2;1.3;0.0;82.9;7.4;1;Master;4;100.0
21;Female;5.6;?;1.4;85.8;6.5;2;Master;4;89.8
21;Female;4.3;1.0;2.0;77.7;4.6;?;?;8;72.6
23;Female;4.4;2.2;1.7;100.0;7.1;3;?;1;78.9
18;Female;4.8;3.1;1.3;95.4;7.5;5;Bachelor;10;100.0
23;Male;3.9;2.4;2.5;71.7;7.9;2;Bachelor;1;74.4
19;Female;3.7;2.1;0.4;81.1;4.5;1;Bachelor;9;76.9
19;Female;3.4;2.7;2.7;89.3;4.7;4;Bachelor;10;75.8
24;Male;2.4;1.5;0.7;87.4;6.7;6;Bachelor;9;78.9
21;Male;3.1;5.0;1.0;97.5;6.5;6;High School;7;74.0
20;Male;1.0;0.6;0.2;92.9;5.6;3;High School;8;55.2
24;Female;3.4;2.7;1.2;94.7;7.5;0;High School;1;70.8
24;Other;2.0;4.9;2.9;88.3;7.1;2;High School;5;43.9
19;Male;1.8;2.5;2.4;71.1;7.5;?;High School;?;45.3
22;Female;3.8;2.3;2.9;83.0;6.4;3;?;1;58.5
21;Male;5.6;2.1;2.4;95.6;7.2;1;High School;3;82.5
18;Other;4.9;2.3;0.6;84.5;6.0;3;High School;7;98.7
24;Female;1.1;4.1;1.4;90.0;9.0;6;Bachelor;1;43.7
20;Female;2.0;0.0;0.9;81.8;5.5;4;Bachelor;2;54.9
22;Male;4.9;4.3;3.3;74.7;9.0;1;High School;2;69.9
22;?;2.0;0.8;0.5;83.8;6.5;4;Bachelor;4;73.5
18;Male;3.2;2.2;2.8;88.1;4.8;5;Bachelor;3;71.1
24;Male;4.3;2.0;2.8;?;8.1;5;High School;3;82.8
20;Female;?;3.2;3.8;82.6;6.7;6;High School;10;75.7
21;Female;3.7;0.6;1.3;75.6;7.5;2;Master;5;70.6
17;Other;1.5;3.1;2.6;96.2;8.0;4;?;3;51.3
20;Other;2.6;4.9;4.3;82.1;6.9;3;Bachelor;?;52.1
22;Female;1.1;2.7;0.1;100.0;7.7;1;High School;4;51.2
21;Female;4.2;1.7;0.0;84.2;6.5;1;Bachelor;3;72.6
20;Female;3.5;3.0;2.6;74.9;7.3;3;High School;4;70.7
17;Male;4.3;2.5;0.0;64.1;3.9;0;High School;2;59.4
17;Male;3.8;1.7;1.4;70.3;7.0;?;Bachelor;1;58.1
19;Male;5.5;3.1;2.3;71.3;5.7;1;High School;3;82.3
19;Female;3.7;4.7;2.0;98.8;8.5;6;Bachelor;?;69.7
23;Female;2.9;2.3;2.3;86.2;7.2;6;Bachelor;1;66.0
18;Male;3.7;3.4;2.0;88.9;6.8;3;High School;1;63.5
24;Female;4.3;0.9;3.2;62.8;7.1;0;Bachelor;2;65.7
20;Female;3.6;1.4;0.8;73.0;5.3;4;High School;?;78.5
20;Male;3.6;?;1.1;93.9;8.4;1;?;5;75.1
24;Male;2.4;4.3;1.0;87.9;8.9;5;High School;?;71.0
22;Female;1.4;2.1;2.8;90.6;8.4;3;Bachelor;6;52.6
22;Female;6.1;2.5;2.3;100.0;5.8;5;High School;?;96.5
?;Female;1.6;1.0;3.1;82.8;5.5;4;Master;10;?
22;Female;2.5;3.2;0.5;85.7;6.5;0;High School;5;59.7
19;Female;2.4;3.6;3.6;86.9;7.0;6;High School;1;48.4
20;Female;4.8;2.0;3.5;100.0;6.0;0;Bachelor;7;70.6
23;Female;3.1;1.9;2.6;64.0;?;5;High School;10;68.1
20;Male;5.4;2.8;3.8;91.8;6.9;2;?;8;?
24;Male;2.5;2.0;0.0;83.9;?;6;Bachelor;8;66.7
17;Male;3.9;2.4;1.2;90.7;7.1;1;?;7;75.2
19;Female;2.2;5.0;1.0;78.4;7.5;5;Master;2;46.4
21;Female;6.7;2.2;2.6;?;6.7;3;Master;5;97.1
19;Female;1.7;2.1;0.6;92.1;7.9;1;High School;4;61.2
23;Male;4.0;1.7;2.6;100.0;5.0;4;Bachelor;5;75.0
21;Male;4.5;3.4;3.3;93.1;7.1;6;High School;10;94.7
17;Male;4.1;2.3;2.6;76.5;5.1;3;Bachelor;9;77.6
23;Male;3.2;1.7;2.1;80.8;5.2;3;High School;4;?
18;Female;3.3;4.1;0.7;80.5;5.7;0;Master;8;69.6
20;Male;3.6;4.2;0.9;67.0;5.4;4;Bachelor;8;66.5
17;Male;3.3;1.8;3.2;81.7;5.8;0;?;2;62.2
20;Female;4.9;0.3;2.7;92.3;6.2;0;Bachelor;6;82.1
22;Male;?;3.7;1.8;72.3;7.5;6;Master;5;100.0
18;Female;2.7;1.7;1.3;95.5;6.1;2;Bachelor;2;59.7
18;Female;1.4;3.4;0.0;89.9;4.6;0;High School;10;55.1
17;Male;3.4;0.1;0.6;77.7;7.9;1;High School;4;77.1
?;Female;7.4;3.6;3.9;83.6;5.5;3;High School;7;97.7
?;Female;6.0;3.4;2.0;92.3;7.0;0;Bachelor;9;99.9
20;Male;6.0;2.5;2.9;85.1;6.7;5;Bachelor;10;100.0
20;Female;2.7;1.4;?;82.6;7.8;1;Bachelor;1;57.2
23;Female;4.4;2.0;2.0;85.8;7.1;4;Master;?;77.3
20;Male;5.9;3.3;?;79.9;5.5;3;Master;7;91.6
23;Male;?;2.6;1.8;64.0;9.1;6;High School;8;70.7
20;Other;3.2;3.2;5.0;100.0;6.7;5;High School;?;57.6
21;Female;2.6;4.9;?;86.6;6.3;6;High School;4;60.2
24;Male;2.0;0.6;3.0;89.0;7.7;6;?;2;50.5
23;Female;2.5;4.4;1.6;84.4;6.8;5;Bachelor;4;51.3
19;Male;1.7;2.6;2.6;77.6;7.0;4;Bachelor;6;53.5
22;Male;3.6;1.4;2.3;83.1;9.5;5;Bachelor;?;79.2
?;Male;2.3;0.9;1.0;69.0;6.2;1;Master;2;47.2
20;Male;?;2.3;2.1;100.0;6.1;6;Bachelor;4;73.4
18;Male;1.2;3.6;0.0;72.7;6.6;4;High School;4;41.1
24;Male;4.0;2.3;2.5;74.7;7.8;6;Bachelor;1;77.8
20;Female;4.8;4.3;2.1;80.6;4.7;5;High School;2;63.4
18;Male;0.5;0.8;2.5;97.9;4.1;4;High School;3;43.9
22;Female;5.3;1.0;2.2;72.6;4.5;0;High School;8;81.3
22;Male;1.7;2.9;2.0;97.5;6.0;0;High School;6;50.2
?;Female;6.0;3.6;0.8;92.3;7.1;0;High School;3;87.9
20;Male;4.1;2.0;1.0;90.4;5.4;5;Bachelor;6;80.9
22;Male;2.4;0.0;3.1;92.2;4.8;3;Bachelor;7;63.9
21;Male;3.4;2.7;3.4;100.0;6.6;1;High School;6;65.6
18;Male;3.6;3.0;1.9;78.1;4.5;6;Bachelor;6;74.0
20;Male;2.1;1.2;3.1;88.8;7.5;4;Master;3;50.4
18;Male;3.8;3.3;2.5;90.0;7.6;?;Bachelor;7;74.3
?;Male;1.4;3.9;3.9;68.1;8.0;4;High School;4;32.8
22;Male;3.3;0.4;0.8;83.3;9.1;6;High School;4;82.3
22;Female;2.4;1.9;2.1;93.3;6.6;4;High School;9;60.0
23;Female;5.4;2.4;2.5;95.7;6.0;2;High School;2;77.5
24;Male;5.1;2.9;1.6;64.3;?;3;Bachelor;9;86.5
23;Female;4.4;1.9;0.8;84.8;8.3;?;High School;3;76.9
?;Female;1.9;1.7;2.8;96.2;4.9;1;Bachelor;6;43.9
22;Male;3.0;2.5;2.6;83.1;5.5;0;Bachelor;4;51.3
23;Female;5.3;1.2;0.8;92.3;8.2;2;High School;1;83.3
24;Female;3.8;3.3;1.9;72.8;6.9;3;Bachelor;2;58.3
21;Female;3.0;3.1;2.4;73.8;8.3;4;High School;7;66.3
24;Male;3.7;0.4;0.9;92.1;6.6;6;Bachelor;6;87.9
21;Male;3.3;1.7;1.8;85.2;7.7;0;High School;2;60.5
18;Male;4.6;3.9;0.0;83.6;9.7;3;High School;2;84.8
23;?;4.9;1.3;2.8;80.8;7.2;1;Bachelor;4;77.0
21;Female;2.3;1.9;0.1;81.9;6.6;2;Bachelor;4;61.7
24;Male;1.5;3.1;3.5;95.5;7.4;0;High School;3;?
18;Male;0.7;3.4;1.4;81.6;6.1;1;High School;8;42.4
17;Female;4.3;2.2;1.6;71.6;9.4;5;Bachelor;7;88.0
20;Male;1.8;?;1.1;92.4;6.7;0;High School;2;48.7
20;Male;0.3;?;1.5;83.0;6.2;1;High School;3;26.8
20;Female;4.1;4.6;3.4;85.3;5.5;5;Bachelor;10;81.6
21;Female;7.2;3.7;0.0;100.0;7.8;6;High School;9;100.0
17;Female;3.5;2.6;3.2;84.8;?;5;Bachelor;5;74.0
21;Female;4.8;1.5;2.2;87.9;5.9;4;Bachelor;2;78.4
23;Male;3.6;?;0.5;73.2;7.2;2;Bachelor;?;70.7
21;Male;3.4;3.1;0.6;82.8;4.7;4;Bachelor;8;74.3
17;Female;4.9;3.0;3.6;91.1;6.7;1;Bachelor;4;67.6
17;Male;3.1;4.2;0.8;69.4;?;6;Bachelor;2;64.7
23;Male;3.9;3.3;0.5;87.0;8.5;3;Master;2;?
?;Male;4.0;0.7;3.1;86.0;5.6;6;High School;6;83.5
24;Male;2.5;3.8;2.2;85.4;5.0;6;High School;8;63.4
17;Male;5.0;1.3;0.8;95.4;5.4;6;Bachelor;7;96.2
20;Male;3.2;2.0;2.0;88.3;4.9;4;Bachelor;4;65.4
24;Male;4.3;4.9;3.0;75.1;8.4;5;Master;9;74.0
19;Female;3.5;3.2;2.4;85.8;8.0;2;Bachelor;9;75.5
19;Female;3.5;2.3;2.2;74.3;6.7;3;Bachelor;5;78.1
17;Female;5.1;3.1;3.7;94.6;6.4;1;Master;7;85.2
19;Male;3.5;2.1;0.5;84.8;6.1;4;Bachelor;2;64.2
19;Female;4.7;4.7;2.3;90.1;4.6;1;High School;6;?
17;Female;5.6;2.8;4.1;85.8;6.8;4;High School;7;90.3
21;Male;?;3.3;1.4;66.8;7.4;1;Bachelor;3;65.0
18;Male;1.5;3.0;2.3;77.9;?;3;High School;10;57.3
23;Male;1.9;3.5;1.7;71.1;6.3;0;High School;8;57.7
18;Male;3.0;1.8;0.7;100.0;5.5;4;?;3;56.7
17;Female;2.6;1.8;3.0;83.8;6.6;4;Bachelor;5;62.3
20;Female;3.2;1.2;4.4;81.5;7.4;3;Bachelor;9;77.9
23;Male;3.6;3.0;2.0;93.9;5.1;0;Master;5;65.2
17;Other;4.3;3.4;?;73.8;6.6;6;High School;7;76.8
24;Female;3.4;3.0;0.1;77.3;6.8;5;Master;7;83.8
20;Male;4.2;4.5;2.1;?;5.6;2;Master;5;70.6
18;Male;3.6;2.5;3.0;95.3;5.8;3;High School;?;63.1
17;Male;0.5;3.3;2.3;90.0;6.8;4;High School;5;39.0
24;Male;2.1;1.2;1.8;87.5;5.1;1;High School;7;66.7
23;Male;3.3;2.0;?;85.8;6.9;0;High School;7;72.2
23;Male;1.7;3.3;0.6;89.0;5.4;5;Bachelor;4;50.1
22;Male;4.4;3.5;2.7;87.0;7.8;2;Bachelor;1;62.4
24;Male;5.8;2.1;2.8;74.7;9.3;1;Bachelor;6;96.6
21;Female;5.3;?;0.1;85.5;5.5;0;Bachelor;3;85.8
19;Male;3.2;0.7;3.5;74.3;7.1;5;High School;5;68.3
20;Female;5.7;2.1;2.4;85.8;5.6;3;Master;4;83.8
24;Male;3.7;3.6;3.3;80.2;7.7;?;High School;2;69.3
22;Other;3.0;3.2;0.3;100.0;?;3;Master;7;65.3
19;Male;2.6;3.1;0.3;84.6;7.1;6;High School;5;77.5
19;Male;3.0;2.6;1.6;71.0;?;0;Master;7;55.0
19;Female;3.8;1.7;3.8;90.2;5.3;2;High School;4;58.1
23;Male;3.5;3.0;1.5;79.1;5.5;0;Bachelor;9;67.4
22;Male;4.2;3.1;0.7;69.2;7.2;1;Master;10;79.9
19;Female;5.3;1.9;3.2;93.2;6.1;1;High School;4;85.7
17;Female;4.9;0.0;0.7;71.2;6.4;5;Master;5;96.2
21;Female;1.3;3.8;3.6;80.6;6.7;5;Bachelor;5;40.4
18;Female;0.0;1.9;1.5;82.4;5.6;3;Bachelor;8;55.2
23;Male;4.9;1.5;3.5;84.3;6.8;0;Bachelor;4;73.8
23;Female;1.4;3.3;2.5;91.9;8.3;3;High School;4;46.5
22;Male;3.2;2.0;1.6;78.2;?;2;High School;7;60.5
23;Male;1.7;3.8;1.2;82.3;7.9;6;Master;5;55.4
19;Male;0.8;3.2;1.4;84.9;8.3;1;Master;6;45.1
17;Female;4.3;3.3;2.3;86.5;5.5;4;Master;6;69.4
23;Male;4.6;0.9;1.9;86.0;4.8;4;Master;6;81.3
23;Male;2.6;4.0;1.1;89.4;6.9;0;High School;10;66.6
18;Female;0.0;2.8;1.6;93.4;5.8;0;Bachelor;5;26.7
18;Male;2.7;2.1;1.9;88.9;8.7;4;High School;5;64.5
20;Female;4.1;2.7;0.0;89.5;6.5;0;Master;9;87.1
21;Male;1.3;0.4;2.3;69.2;5.5;1;High School;8;42.2
19;Female;3.8;3.0;0.7;85.5;5.1;2;Bachelor;4;61.6
23;Female;3.5;1.3;0.5;89.8;7.8;2;Bachelor;7;81.9
24;Male;4.4;0.9;0.0;92.3;5.8;3;?;8;96.5
17;Male;2.0;3.8;0.3;78.4;7.6;6;Master;5;58.5
20;Male;5.3;1.7;1.0;?;5.9;0;Bachelor;3;78.4
21;Other;3.3;4.3;3.9;90.4;6.4;0;High School;4;56.4
24;Male;3.5;1.9;1.2;95.3;6.5;6;Bachelor;10;92.6
20;Female;2.1;0.5;2.0;80.9;7.3;3;Bachelor;6;62.3
22;Male;2.8;1.2;2.2;94.1;7.2;3;High School;10;75.8
21;Female;2.2;4.0;1.9;86.2;6.2;0;High School;5;47.1
23;Female;3.2;2.3;1.7;83.8;6.6;0;Master;9;66.3
23;Female;6.1;1.8;0.5;82.9;6.1;6;Bachelor;3;98.3
21;Male;1.4;2.7;3.4;92.5;?;1;Bachelor;2;29.7
23;Male;1.1;3.1;3.8;88.3;6.8;6;Bachelor;6;45.5
21;Female;3.2;4.2;0.7;76.5;5.4;6;High School;5;67.5
20;Female;2.5;2.1;1.5;90.2;5.6;6;High School;1;60.3
21;Other;5.1;0.9;0.7;79.7;5.5;6;High School;3;87.0
24;Male;2.6;2.0;2.4;76.3;7.4;1;Bachelor;3;48.5
23;Female;6.2;2.8;1.0;84.9;7.0;5;Master;?;100.0
19;Female;4.5;1.3;4.2;86.4;6.3;0;High School;10;82.1
19;Male;2.8;1.4;3.1;100.0;5.4;4;High School;6;63.7
22;Male;6.7;?;2.0;83.2;6.6;6;Bachelor;5;100.0
20;Female;?;2.4;2.9;73.7;4.6;4;Master;1;?
18;Female;4.6;2.5;3.0;87.7;6.7;5;Bachelor;6;72.7
18;Female;3.9;1.6;1.2;64.3;7.5;0;Master;9;74.3
21;Male;5.5;2.2;0.9;84.1;5.0;3;Bachelor;1;88.7
?;Female;5.8;1.4;1.9;85.2;4.7;4;Bachelor;8;96.6
17;Male;3.5;3.6;2.7;92.9;8.4;3;High School;8;72.6
21;Male;2.4;3.7;2.0;94.7;5.8;4;High School;3;52.4
?;?;?;0.3;0.1;80.0;7.9;3;High School;9;100.0
20;Female;2.5;1.4;0.9;83.5;6.3;6;Bachelor;8;73.1
20;Female;6.5;0.7;1.7;77.3;6.3;4;Master;3;100.0
20;Female;3.7;1.7;1.7;73.7;7.0;3;Master;10;80.8
20;Male;3.0;2.4;4.0;88.1;5.4;5;High School;5;?
20;Female;3.8;0.8;0.3;?;6.7;1;High School;3;71.5
22;Male;1.5;1.4;2.4;80.9;6.0;3;High School;5;46.2
22;Female;2.0;1.3;3.4;75.0;4.9;1;High School;?;53.8
19;Male;5.3;?;4.3;90.5;6.9;1;Bachelor;4;74.2
24;Male;2.5;2.6;1.4;100.0;6.2;0;Master;6;52.5
18;Male;1.9;1.6;2.3;72.0;?;6;Master;3;51.2
23;Male;4.3;2.7;2.4;66.5;5.0;5;Bachelor;3;60.6
20;Female;5.3;1.8;2.0;83.8;8.4;1;Bachelor;5;91.5
17;Female;4.6;2.2;1.7;85.2;7.6;2;Bachelor;8;87.3
23;Male;5.0;4.5;2.3;87.2;7.7;6;High School;8;98.0
22;Female;2.4;4.1;0.0;80.5;6.1;1;Bachelor;3;47.9
17;Male;1.4;0.9;2.6;83.0;4.4;3;Bachelor;8;51.0
17;Female;5.8;3.5;1.9;88.7;8.8;?;Bachelor;8;90.0
17;Female;3.0;3.5;1.6;95.4;6.4;3;High School;3;54.1
19;Female;3.1;1.1;4.1;65.4;5.6;3;High School;10;58.4
22;Male;5.5;3.5;1.1;81.3;7.0;2;High School;10;100.0
17;Female;4.3;4.3;1.4;87.1;7.9;1;Master;2;65.2
20;?;4.2;1.2;4.0;75.8;6.5;1;High School;10;85.3
21;Male;6.7;1.4;0.9;100.0;8.0;4;Bachelor;2;93.8
17;Male;2.5;3.7;1.2;78.6;7.8;6;Bachelor;9;78.8
19;?;4.9;2.8;1.6;84.6;5.2;4;High School;7;85.0
23;Female;3.6;3.2;2.7;90.6;5.7;0;Bachelor;6;64.5
22;Female;3.9;2.9;2.0;79.1;7.6;?;Master;?;71.0
?;Female;5.8;3.0;0.4;66.5;3.2;2;High School;8;?
19;Female;4.3;0.9;1.2;80.7;6.3;4;Master;1;72.6
17;Male;4.3;3.8;?;95.3;4.8;1;High School;8;70.9
21;Male;3.0;2.2;2.3;76.5;6.1;?;Master;3;49.1
17;Female;2.2;2.4;2.3;94.3;6.1;5;Bachelor;6;62.7
19;Male;1.9;0.7;0.0;81.7;5.8;1;Master;4;51.5
18;Female;0.6;3.1;3.0;79.9;5.2;1;Bachelor;4;?
20;Female;6.6;3.2;?;86.5;9.3;5;Master;4;100.0
24;Female;1.8;2.4;3.3;92.7;?;3;Bachelor;10;53.3
?;Male;3.2;3.8;2.3;100.0;5.1;3;Bachelor;?;76.1
19;Female;3.1;2.1;?;93.3;8.4;4;Bachelor;8;85.6
22;Male;4.0;3.2;2.3;96.6;6.0;4;High School;3;63.0
24;Female;4.7;1.3;3.3;79.9;6.7;1;Master;?;73.6
24;Male;4.8;2.5;2.4;74.7;6.4;6;High School;1;76.2
24;Male;2.6;2.3;1.7;85.6;5.7;1;Bachelor;1;45.5
17;Female;3.2;2.8;4.3;86.1;7.7;4;High School;?;58.6
20;Male;3.9;2.1;2.8;74.2;6.7;5;Bachelor;6;77.8
17;Male;3.1;2.3;2.4;83.2;5.9;4;High School;4;61.5
17;Female;4.2;2.0;0.4;88.6;5.4;2;Master;8;93.9
18;Female;4.6;0.6;2.1;90.0;4.5;1;High School;8;85.9
20;Female;4.5;?;2.0;87.9;6.5;2;Bachelor;6;73.8
20;Female;5.3;4.2;1.1;79.9;5.1;2;High School;?;83.3
23;Male;1.6;3.3;3.5;73.0;8.1;6;High School;1;47.1
18;Male;4.1;1.9;2.6;100.0;7.9;?;Bachelor;8;91.9
?;Female;2.7;2.9;1.7;82.8;6.4;?;Master;1;46.6
21;Male;4.4;2.2;0.9;75.7;8.8;6;High School;4;84.2
17;Male;5.4;1.6;1.4;100.0;7.1;3;High School;5;95.5
24;Female;3.5;1.7;1.3;74.3;6.1;1;High School;7;73.5
19;Female;6.1;1.5;?;89.2;7.0;?;Bachelor;9;100.0
17;Female;3.9;2.4;1.7;91.0;7.5;4;Master;6;74.2
18;Female;7.4;1.6;1.2;94.6;5.7;5;Bachelor;10;100.0
18;Male;4.3;3.3;0.0;100.0;6.8;6;High School;9;?
20;Female;0.9;4.3;4.1;90.1;6.1;6;High School;4;27.6
22;Female;4.6;1.8;3.0;74.4;6.3;6;High School;8;86.2
23;?;4.1;2.8;1.4;82.4;3.5;2;Master;3;60.1
21;?;5.4;3.1;1.8;88.1;6.2;3;High School;4;91.3
24;Female;4.5;3.1;0.5;100.0;7.7;3;Bachelor;10;93.8
17;Female;3.3;2.6;3.7;71.0;5.7;6;High School;4;61.6
17;Male;1.7;3.4;3.9;97.0;6.6;3;High School;?;41.7
19;Female;3.2;3.1;2.0;86.8;5.6;5;High School;9;74.5
18;Male;2.6;3.5;?;84.0;6.2;0;Bachelor;1;39.6
21;Female;4.4;3.6;0.3;76.6;5.4;2;High School;5;87.5
20;Female;6.0;1.6;1.3;92.5;8.1;5;?;9;100.0
24;Male;1.7;3.3;1.3;94.7;5.8;6;Master;6;61.5
22;Male;4.2;2.2;1.6;?;7.1;5;High School;3;73.3
24;Other;5.3;3.8;1.7;79.0;7.1;6;Master;8;96.3
23;Female;2.6;5.3;1.7;69.4;7.3;5;Bachelor;10;67.0
20;Male;3.3;?;1.9;93.2;4.5;6;Master;4;70.1
23;Female;3.5;0.8;?;89.2;7.7;0;High School;4;?
19;Female;2.3;2.9;1.0;75.3;5.8;2;Bachelor;5;?
24;Female;4.5;3.4;0.4;79.6;6.1;5;High School;10;98.8
19;Female;3.3;2.2;2.9;80.3;9.7;0;High School;9;76.1
17;Male;?;?;0.0;70.2;6.9;1;High School;8;80.4
?;Male;2.2;0.9;3.1;76.8;6.0;6;High School;7;64.1
22;Male;2.8;3.3;3.3;73.7;3.9;4;Master;5;59.4
21;Male;2.9;4.6;0.0;77.6;4.9;3;Bachelor;9;67.8
20;Male;6.1;?;1.4;68.7;5.3;0;Bachelor;10;96.1
18;Male;2.9;1.6;1.7;100.0;6.1;0;Bachelor;10;70.2
22;Female;3.8;1.8;0.7;97.5;8.2;5;Bachelor;2;84.2
22;Female;4.9;3.5;1.2;77.2;7.4;0;High School;4;75.4
19;Male;1.4;?;3.5;87.7;6.3;1;Bachelor;8;41.7
23;Male;0.9;2.4;2.5;89.2;?;0;High School;1;23.1
24;Female;1.2;2.5;0.8;96.9;5.8;4;Master;5;50.3
24;Male;5.4;0.2;0.0;76.8;6.7;4;Bachelor;8;100.0
17;Male;2.7;2.5;1.4;95.9;6.6;6;Master;2;52.2
20;Male;2.7;1.9;2.3;71.6;7.7;3;High School;8;71.2
19;Male;3.8;4.2;1.2;92.2;7.1;1;High School;10;72.3
24;Male;6.5;3.5;3.9;100.0;7.4;5;High School;7;100.0
21;Female;6.6;2.2;2.7;73.0;6.4;2;Bachelor;8;100.0
?;Male;5.3;2.2;1.7;92.0;5.2;2;High School;5;93.1
20;Female;5.0;3.4;1.6;80.9;6.0;?;Bachelor;1;67.7
20;Female;4.4;2.9;1.4;92.8;6.6;6;Master;4;77.9
19;Male;4.7;3.2;3.1;70.3;7.6;?;Bachelor;2;80.3
20;Female;2.7;3.7;1.1;72.4;6.3;0;High School;3;44.3
19;Male;2.3;2.1;1.8;77.2;5.0;5;High School;?;54.7
18;Other;3.5;1.8;1.9;85.8;6.6;0;High School;9;85.0
19;Male;3.2;1.2;1.2;78.6;6.6;2;High School;10;81.7
23;Male;2.8;1.5;0.3;91.6;6.7;3;Bachelor;4;71.6
19;Male;4.5;6.0;2.2;95.3;?;3;High School;2;?
20;Other;4.9;4.0;1.7;91.0;7.7;0;Master;3;77.0
24;Female;3.6;0.9;?;100.0;5.8;2;Bachelor;3;72.3
23;Female;5.7;0.9;1.2;89.2;5.8;?;Bachelor;7;100.0
20;Male;1.8;3.1;3.1;72.8;5.3;3;High School;8;54.0
17;Female;3.2;3.2;0.8;98.6;7.3;?;High School;6;70.4
17;Male;2.4;3.2;3.7;78.9;8.2;5;Bachelor;4;47.0
24;Female;0.7;2.2;0.0;94.1;6.1;2;High School;6;48.7
24;Male;3.4;2.3;2.3;100.0;6.2;1;?;1;?
?;Male;3.3;2.9;2.3;89.6;8.3;2;High School;10;81.1
18;Male;5.8;2.6;0.9;70.0;7.1;6;High School;8;100.0
24;Male;4.4;0.0;2.3;75.8;7.0;2;Bachelor;1;81.9
17;Female;2.0;2.2;3.2;98.2;5.1;5;High School;5;56.3
19;Male;6.3;1.5;?;83.3;7.3;5;Bachelor;2;100.0
20;Female;5.3;2.7;2.4;85.8;5.4;4;High School;6;81.0
17;Male;4.4;6.1;0.0;92.6;5.1;4;Bachelor;9;84.9
17;Female;3.2;2.9;0.7;92.0;6.1;5;Master;5;67.9
18;Male;2.1;2.1;3.6;87.8;5.8;5;Master;4;56.9
23;Male;2.9;3.6;1.2;82.9;6.2;1;High School;2;45.9
22;Male;6.3;3.0;1.6;93.6;7.7;2;High School;6;94.8
18;Male;5.8;3.2;4.1;90.5;7.9;6;Bachelor;8;99.3
19;Female;2.8;5.0;0.0;82.4;4.2;3;Bachelor;8;71.0
23;Female;1.8;1.1;0.6;95.8;7.7;6;Bachelor;5;70.9
20;Male;3.7;3.1;3.4;83.7;5.5;1;High School;5;59.8
24;?;0.8;1.4;3.8;76.5;7.5;2;Bachelor;10;36.0
18;Female;4.0;3.2;1.7;77.4;6.4;6;High School;?;68.4
24;Male;3.3;1.4;0.4;75.2;6.5;0;Bachelor;7;72.9
17;Male;2.8;2.0;4.1;82.3;6.3;4;High School;6;57.3
20;Male;1.1;2.1;3.6;97.3;8.0;6;Bachelor;1;50.3
17;Female;2.7;3.6;0.9;86.9;7.2;2;High School;6;67.9
18;Male;1.7;1.0;1.7;78.4;7.8;6;Bachelor;6;63.6
17;Male;0.0;2.6;1.6;82.4;7.4;5;High School;3;32.9
24;Male;3.5;1.6;2.2;69.9;9.3;0;Bachelor;6;67.7
22;Female;6.2;1.0;3.4;82.8;5.9;4;Bachelor;10;100.0
20;Male;?;2.2;2.8;83.1;7.6;0;Bachelor;6;96.8
21;Male;2.8;2.1;?;90.4;6.4;2;High School;9;71.0
21;?;2.6;5.4;3.3;87.2;8.0;1;High School;?;59.8
24;?;4.2;3.0;2.1;73.0;6.5;4;Bachelor;2;64.2
19;Female;2.0;?;2.6;95.8;6.0;0;High School;4;45.2
23;Male;4.0;1.8;3.4;87.1;8.1;1;Bachelor;9;82.9
17;Male;4.6;3.7;0.6;87.0;5.9;3;High School;4;73.2
17;Male;5.3;5.0;1.8;84.9;4.8;2;High School;8;79.6
?;Female;3.3;0.6;1.2;79.8;5.9;2;High School;10;73.0
24;Female;2.2;4.7;2.2;89.8;8.2;0;High School;3;45.2
24;Male;2.3;3.0;4.6;67.5;6.6;3;Bachelor;9;51.8
19;Female;3.2;1.5;0.0;79.6;8.1;5;Bachelor;10;92.0
20;Male;4.1;3.1;1.8;82.5;4.9;4;High School;8;77.8
24;Male;4.9;0.0;2.5;87.6;6.0;5;Master;1;97.2
22;Female;2.3;2.5;1.9;96.9;6.2;4;Bachelor;10;71.9
24;Male;5.7;2.9;1.7;77.3;6.4;0;Master;2;69.1
17;Male;3.1;3.6;0.4;80.0;6.6;3;Bachelor;3;59.6
24;Male;?;1.3;2.1;79.9;7.3;0;Bachelor;2;60.4
19;Male;0.0;?;0.0;81.5;6.7;5;High School;8;50.1
24;Male;4.6;1.4;2.9;74.5;5.4;6;Bachelor;7;85.6
20;Female;3.1;2.0;1.9;89.3;6.4;2;High School;10;65.4
22;Female;3.6;1.3;2.1;68.0;6.3;2;Bachelor;10;82.4
24;Male;4.3;3.3;3.0;79.4;6.3;5;High School;6;67.3
20;Male;1.2;3.5;2.0;81.7;6.5;4;Bachelor;1;34.3
22;Male;2.7;2.2;2.8;100.0;6.6;2;High School;3;53.0
19;Female;4.7;2.5;1.5;82.3;6.0;6;High School;1;78.0
24;Male;1.6;0.8;3.2;63.0;8.0;3;High School;10;58.2
22;Female;3.9;2.1;2.2;65.0;5.1;2;High School;9;73.7
17;Male;1.5;2.4;2.0;85.3;5.6;3;High School;9;60.3
19;?;4.2;5.6;0.4;91.1;9.8;0;Bachelor;5;78.7
21;Male;1.1;4.3;?;86.7;4.9;3;High School;9;?
18;Female;5.2;3.7;1.1;96.6;7.4;2;Bachelor;9;100.0
22;Male;2.3;4.6;0.6;93.9;6.2;6;?;5;58.7
18;Female;3.8;?;4.1;68.7;?;4;Master;3;70.8
?;Female;2.0;2.4;3.9;66.9;4.1;3;High School;2;29.5
19;Female;3.6;4.0;0.5;?;4.7;1;High School;1;53.2
24;Male;4.1;3.8;1.9;84.5;7.6;1;Bachelor;10;73.0
21;Male;4.5;1.7;0.4;86.1;7.8;4;Bachelor;2;71.1
17;Male;3.8;0.9;1.0;85.6;5.9;5;Bachelor;8;80.9
20;Female;2.9;2.3;0.8;75.7;7.3;5;Bachelor;8;75.1
17;Female;2.3;1.5;3.2;83.1;8.2;1;High School;3;52.4
20;Male;3.6;2.4;1.4;70.0;8.6;2;Bachelor;7;67.6
17;Male;1.9;4.0;3.0;?;6.2;0;Bachelor;7;35.7
22;Female;0.0;2.0;2.5;82.0;3.7;4;Bachelor;2;29.9
21;Other;4.2;2.4;?;80.1;5.5;0;Master;9;70.7
24;Female;4.9;2.6;0.2;100.0;6.0;1;Bachelor;3;89.3
20;Male;0.0;3.5;3.2;72.6;6.2;3;?;2;26.2
24;Male;2.0;0.0;3.1;73.7;6.3;6;High School;3;58.3
24;Male;4.4;1.8;0.7;74.0;7.8;4;High School;2;78.4
23;Male;3.5;3.9;2.2;89.3;6.3;2;Master;5;66.8
19;Female;2.4;1.9;1.5;92.4;7.8;6;High School;3;63.8
17;Male;3.2;0.2;?;100.0;6.9;4;Bachelor;5;76.1
24;Female;5.6;3.2;1.0;62.5;6.6;4;Bachelor;8;82.7
24;Female;2.3;1.1;1.8;79.4;6.6;3;Master;6;?
20;Male;2.8;1.8;2.7;79.1;9.0;4;Master;1;64.9
19;Male;2.1;2.3;0.9;78.8;4.8;3;Bachelor;10;63.1
19;Male;3.7;1.8;0.9;75.9;5.9;1;High School;1;56.3
22;Female;5.9;0.0;3.0;100.0;6.3;2;High School;1;93.6
23;Female;4.0;3.6;?;93.4;7.0;6;High School;10;91.9
22;Female;3.1;4.0;1.3;85.2;8.0;6;High School;8;74.0
22;Female;3.1;3.3;1.8;98.5;6.5;2;Bachelor;8;62.7
22;Female;1.2;1.1;1.9;69.9;4.8;4;Master;7;58.6
22;Male;4.8;2.3;1.6;71.7;7.5;4;Bachelor;6;89.3
22;Female;3.4;2.5;2.2;63.2;7.4;1;Master;4;63.4
21;Male;3.2;3.2;2.6;78.0;4.2;5;Bachelor;?;46.7
19;Male;8.3;3.3;2.6;86.6;6.5;5;High School;9;100.0
22;Female;3.9;1.6;0.7;86.0;4.6;5;Master;1;68.7
24;Male;2.4;?;1.5;86.5;5.7;3;High School;4;58.9
19;Male;2.9;3.0;3.1;70.9;5.4;5;Master;3;59.0
19;Female;5.2;?;2.8;93.0;7.5;2;High School;7;77.9
18;Male;3.7;3.3;?;87.4;6.6;6;High School;5;72.3
21;Female;1.3;?;2.2;?;?;6;Master;5;49.7
22;Male;4.9;2.6;0.0;66.1;7.6;3;?;4;80.9
17;Male;2.5;4.2;1.9;88.1;4.8;1;Master;1;44.5
20;Male;6.3;3.0;3.9;73.1;6.9;2;Master;5;85.3
24;Female;2.8;4.2;0.9;90.3;6.1;2;Bachelor;10;59.7
17;Male;5.4;3.3;2.6;85.9;7.1;6;High School;8;98.1
21;Female;3.6;2.0;0.1;76.5;7.1;0;Bachelor;2;66.8
20;Male;4.8;1.9;1.1;85.1;8.1;1;Bachelor;8;96.1
21;Female;4.2;2.9;2.5;69.7;6.4;1;High School;1;60.4
24;Female;2.2;3.1;1.1;96.5;6.9;0;Bachelor;4;33.8
19;Female;2.5;2.7;1.5;82.9;6.0;3;Bachelor;3;56.1
?;Male;5.0;2.9;2.6;96.2;6.7;6;High School;5;80.6
19;Male;3.0;4.5;2.3;79.7;7.0;6;Bachelor;5;52.6
24;Male;2.9;3.8;2.1;79.8;6.4;?;Bachelor;5;52.1
17;Female;2.1;2.7;1.4;77.4;4.3;5;Master;4;39.9
24;?;4.1;3.6;2.2;93.8;6.9;5;High School;8;84.0
17;Female;6.6;1.3;1.7;77.9;6.9;5;High School;3;97.7
20;Female;1.9;3.0;2.3;91.4;5.7;5;Bachelor;4;43.3
22;Female;5.6;2.2;1.6;65.2;8.3;?;Master;7;84.6
22;Male;4.2;1.7;1.8;73.2;6.2;3;Bachelor;2;76.0
21;Female;1.9;1.2;0.9;85.3;5.1;2;Bachelor;7;56.9
?;Female;4.1;1.6;0.6;73.1;5.5;5;High School;1;?
20;Male;5.0;0.8;2.0;84.1;6.7;6;Bachelor;6;94.6
17;Male;5.3;2.5;2.7;83.2;5.8;3;Bachelor;6;93.4
21;Female;7.4;?;1.3;91.6;7.1;3;High School;6;100.0
24;Female;4.4;1.4;2.2;94.6;5.5;3;Master;2;?
21;Female;4.0;4.3;2.4;84.8;8.3;0;High School;2;53.0
17;Male;3.8;3.1;2.3;77.3;8.1;2;High School;6;67.8
22;Female;3.0;3.7;0.9;67.3;5.9;5;Bachelor;10;?
21;Male;?;1.7;2.0;78.1;5.7;?;High School;5;66.5
23;Male;3.1;3.5;2.2;78.8;3.4;0;Master;7;49.9
19;Female;3.8;1.2;1.8;86.1;4.7;6;High School;7;73.9
?;Female;2.0;2.7;2.0;91.9;6.7;6;High School;8;71.7
20;Male;5.2;3.2;4.2;78.9;6.1;0;Bachelor;?;83.3
23;Male;5.5;1.1;1.4;84.4;4.9;0;?;6;84.5
21;Female;3.3;1.4;1.0;96.8;6.2;0;Bachelor;5;74.9
24;Female;2.6;1.4;?;84.4;7.1;0;High School;7;63.0
23;Female;5.4;3.1;3.1;79.0;4.2;1;Bachelor;4;77.9
24;Female;2.0;3.5;2.6;76.5;4.8;6;Master;5;53.2
24;Male;4.8;3.2;1.6;92.6;?;4;Bachelor;1;76.6
18;Female;4.3;3.3;2.2;82.8;5.4;6;High School;3;64.6
17;Male;3.1;1.7;2.9;71.5;5.6;0;Bachelor;3;51.1
18;Other;2.9;3.2;2.8;100.0;5.9;5;High School;2;63.0
22;Male;2.1;1.9;2.7;70.9;6.9;3;High School;6;62.5
18;Female;5.9;1.3;1.7;80.6;6.2;5;High School;1;87.1
19;Female;3.0;0.1;1.9;86.1;7.7;6;High School;6;82.5
24;Male;5.3;2.9;1.9;?;5.2;3;Bachelor;5;80.9
22;Female;5.8;0.6;1.6;73.9;5.8;6;Bachelor;6;100.0
24;Female;5.0;2.6;3.1;94.8;4.7;0;Bachelor;5;79.6
18;Male;2.9;2.2;1.7;99.0;5.3;2;Bachelor;7;71.2
24;Female;4.1;3.3;0.6;78.7;5.1;2;Bachelor;1;62.7
23;Male;3.5;2.1;1.4;82.2;7.7;1;High School;3;64.2
22;Female;2.1;2.1;2.0;74.6;5.7;0;High School;6;44.1
23;Other;4.0;3.4;3.2;83.0;6.6;5;High School;1;61.7
18;Female;1.7;2.9;2.5;84.6;6.0;0;Bachelor;7;39.9
23;Male;5.3;2.9;0.9;91.6;5.0;4;High School;4;84.1
18;Female;3.8;0.7;2.1;77.5;7.2;5;Bachelor;10;81.8
?;Male;3.9;3.4;3.2;?;5.1;?;High School;9;77.0
18;Female;3.1;3.2;1.6;84.8;7.5;6;Master;1;65.7
17;Male;4.4;1.3;2.4;87.9;?;2;Master;8;80.9
17;Male;4.8;2.5;3.1;81.7;7.1;5;High School;5;83.0
17;Male;1.5;2.3;3.0;86.2;5.7;1;High School;10;54.2
19;Male;3.7;2.9;2.8;100.0;6.5;6;Bachelor;8;82.5
22;Female;6.4;4.2;1.5;88.8;6.1;0;High School;6;85.0
24;Male;2.0;3.8;1.2;81.3;6.7;1;Bachelor;7;40.4
23;Female;2.5;0.9;2.2;80.0;3.6;5;Bachelor;8;58.9
21;?;4.3;3.2;2.8;83.3;4.3;2;High School;6;67.5
?;Female;4.0;3.0;3.0;83.2;7.7;3;Bachelor;6;74.7
18;Female;4.2;3.8;3.4;84.8;5.4;2;High School;5;67.4
19;Male;4.5;4.9;0.8;80.2;?;1;Bachelor;8;72.2
18;Female;5.2;3.7;0.9;96.0;6.9;0;High School;2;77.1
17;Female;4.1;2.8;1.6;100.0;7.3;6;Bachelor;7;87.9
24;Female;3.1;3.8;2.1;89.5;4.1;5;Master;4;54.1
21;Male;4.5;2.7;1.2;85.8;5.4;2;Master;?;62.9
20;Male;6.3;2.5;3.3;85.4;6.1;6;High School;5;95.6
18;Female;3.3;2.1;2.3;61.2;7.3;6;High School;3;67.1
23;Male;2.0;4.4;1.8;92.5;9.5;4;Bachelor;4;51.5
17;Female;5.2;?;0.2;86.3;6.2;5;High School;7;97.9
20;Female;3.3;4.3;0.4;89.3;4.8;1;High School;?;67.0
21;Female;0.2;3.1;2.1;77.9;7.0;5;Master;4;31.5
20;Female;4.8;0.8;0.0;81.2;8.1;5;High School;1;88.0
24;Female;4.0;3.3;5.4;81.2;7.6;6;Bachelor;6;79.0
22;Male;3.8;3.6;4.3;100.0;7.3;?;Bachelor;7;?
24;Male;4.6;?;1.6;89.3;5.3;0;High School;1;60.1
22;Female;2.8;2.6;?;72.2;7.0;6;High School;?;70.3
20;Female;4.3;4.8;2.9;83.7;7.7;3;High School;9;79.8
19;Other;3.1;1.9;3.7;78.5;7.9;0;Bachelor;10;66.6
23;Male;4.4;4.3;0.0;100.0;6.1;3;Master;2;70.1
20;Male;2.1;4.9;1.1;92.0;8.0;3;High School;4;61.5
18;Female;5.1;2.5;2.4;90.3;5.0;0;Master;6;79.3
18;Male;2.7;3.7;2.3;86.7;7.0;5;High School;4;63.9
24;Male;4.7;4.1;3.0;71.2;4.9;3;Bachelor;10;93.1
23;Male;4.1;1.6;0.5;?;7.8;5;High School;7;89.8
22;Male;3.2;4.0;2.7;74.5;8.0;6;Master;6;61.8
19;Male;3.0;4.5;0.9;59.7;7.1;1;Master;4;51.5
17;Male;3.5;3.2;0.0;82.7;5.0;4;High School;3;60.4
18;Male;3.0;1.4;2.0;83.6;8.2;5;Bachelor;3;?
23;Other;4.7;4.9;2.7;86.4;8.4;6;Bachelor;2;89.6
22;Male;1.1;1.9;1.7;92.3;7.6;4;Master;?;48.3
21;Male;1.9;2.1;1.3;91.4;5.6;3;High School;10;61.7
22;Female;1.9;2.9;1.6;87.6;6.1;4;Bachelor;1;44.4
?;Male;?;4.4;1.4;97.0;6.7;4;High School;3;77.2
18;Female;6.1;?;?;?;5.7;3;High School;9;100.0
22;Female;3.3;3.0;1.0;90.0;8.5;5;Master;4;73.0
17;Male;3.2;3.1;2.4;91.3;?;3;High School;3;68.5
20;Male;3.6;2.6;2.2;72.6;3.3;1;High School;8;61.0
18;Female;5.2;3.2;2.0;70.0;6.9;2;Bachelor;1;70.5
?;?;2.1;0.0;0.7;77.5;6.1;0;Bachelor;5;52.5
23;Male;3.9;2.1;1.6;78.4;6.4;3;High School;1;62.8
22;Female;5.0;2.8;0.0;92.5;6.1;3;High School;7;83.5
19;Male;4.3;1.1;2.0;78.9;7.5;4;?;5;71.4
20;Other;3.8;3.0;3.4;76.4;7.8;1;High School;2;61.5
21;Male;5.0;2.3;0.2;78.9;6.8;6;Bachelor;1;75.4
17;Female;0.0;4.6;1.2;96.2;6.1;6;Bachelor;7;42.0
24;Female;4.5;4.4;2.2;85.1;6.5;4;High School;1;64.0
21;Female;2.5;1.9;3.2;83.2;6.5;5;Master;3;60.1
20;Female;0.8;2.3;1.3;83.9;5.5;3;Bachelor;6;34.7
20;Male;4.3;2.4;1.0;97.9;7.2;3;High School;6;88.0
20;Male;5.6;2.0;0.0;77.5;7.1;4;Bachelor;7;100.0
21;Male;3.3;2.7;1.9;98.2;8.3;3;Bachelor;1;66.1
23;Male;?;1.6;?;87.1;8.0;5;Bachelor;7;95.5
20;Female;5.9;1.1;2.1;83.4;5.7;2;Master;2;86.4
?;Male;5.5;3.2;1.8;100.0;7.5;0;High School;6;77.3
21;Male;6.0;?;2.2;74.4;5.4;0;?;8;90.2
24;Other;4.6;1.5;1.8;81.5;7.3;0;High School;5;80.2
23;Other;3.1;2.8;2.0;100.0;6.8;4;Master;8;72.8
19;Male;2.2;3.5;1.8;100.0;3.3;6;Bachelor;8;67.6
23;Male;6.8;2.5;0.7;97.2;?;1;Bachelor;4;?
24;Female;3.2;3.0;3.2;83.0;6.3;3;Bachelor;8;57.5
20;Female;3.7;1.9;2.5;81.3;6.6;2;Bachelor;5;61.1
24;Male;4.3;2.3;1.2;68.3;6.1;5;High School;5;77.4
21;Female;3.6;2.3;?;?;4.6;2;Master;3;?
18;?;?;1.6;1.3;89.7;5.5;6;High School;7;100.0
20;Male;2.6;2.3;0.9;?;7.0;0;Master;9;69.3
18;Female;3.8;0.6;1.0;98.3;7.2;3;Bachelor;9;85.7
22;Female;2.4;1.9;0.0;75.3;6.5;6;High School;1;53.9
19;Female;1.5;2.2;2.3;89.1;?;0;Bachelor;1;?
17;Male;2.6;2.2;0.0;83.3;7.0;1;Bachelor;10;79.3
24;Female;3.4;2.2;0.4;91.4;5.6;5;High School;5;71.3
23;Male;2.9;2.4;0.0;84.4;6.2;0;Bachelor;1;61.4
19;Male;2.5;3.1;1.7;70.5;4.8;1;High School;4;45.1
18;Female;3.4;1.7;1.4;95.5;7.8;0;Master;2;70.7
23;Female;1.2;1.1;0.7;84.7;7.3;0;Bachelor;2;35.6
18;Female;?;1.2;0.5;92.8;8.2;4;Master;4;93.0
21;Female;3.6;1.9;2.3;74.5;6.1;5;Bachelor;8;83.2
18;Female;1.3;2.1;1.2;84.7;8.1;5;High School;2;46.6
21;Male;3.0;1.6;2.1;78.8;6.3;6;Bachelor;9;70.8
22;Male;2.4;0.9;0.8;92.5;8.3;2;Bachelor;9;78.3
23;Male;4.0;2.0;2.0;85.3;6.5;4;Master;2;70.7
23;Male;5.5;2.7;3.2;91.9;7.3;6;High School;1;82.6
17;Female;?;3.2;2.4;95.9;8.3;1;Master;?;50.3
20;Female;3.7;1.8;1.3;91.9;6.3;6;Master;10;80.9
21;Male;3.3;2.0;2.1;87.7;6.8;1;Bachelor;9;75.4
17;Male;4.5;1.4;1.5;75.0;8.0;2;Master;2;83.7
18;Female;3.8;2.5;1.8;85.0;6.3;5;High School;8;76.8
18;Male;2.4;1.5;1.4;79.7;4.9;1;Master;3;?
17;Female;3.0;3.2;1.6;81.6;9.1;2;Bachelor;1;58.4
18;Female;5.1;2.1;0.7;75.2;6.7;1;Master;10;99.4
24;Female;3.5;2.9;0.7;65.4;7.9;3;High School;2;62.9
22;Female;6.4;2.7;0.3;78.3;5.8;0;High School;7;98.0
22;Male;3.4;5.7;0.0;86.9;5.3;6;Bachelor;6;?
24;Female;2.4;2.9;0.5;71.5;6.8;5;High School;?;50.4
17;Female;1.2;1.3;2.0;85.2;4.3;6;High School;4;49.4
24;Male;0.8;2.4;0.8;100.0;6.2;3;Bachelor;2;35.3
21;Female;3.9;2.4;1.8;100.0;6.2;2;High School;3;68.4
24;Female;1.1;3.6;2.5;96.7;8.4;3;High School;10;54.6
21;Female;4.8;1.8;2.7;77.8;6.6;6;Bachelor;5;88.0
23;?;2.8;2.4;0.7;78.6;8.2;0;Bachelor;5;61.5
24;Female;?;1.7;2.3;57.6;6.2;0;Master;7;75.7
23;Female;5.9;4.6;0.9;96.9;5.4;4;Bachelor;10;100.0
21;Female;4.8;2.1;1.9;100.0;6.8;1;High School;8;82.6
22;Female;3.1;4.7;0.4;79.5;6.2;4;Master;9;71.5
21;Female;2.2;3.5;0.0;82.5;5.1;0;Bachelor;7;57.6
23;Male;0.3;3.1;1.4;77.5;8.3;3;Bachelor;5;36.1
19;Female;2.4;2.9;1.7;88.8;5.8;1;Bachelor;9;67.4
20;Female;3.2;3.0;1.4;96.2;4.3;3;Master;8;74.8
18;Male;2.0;0.2;0.5;67.6;8.1;4;Bachelor;10;73.6
24;Female;3.3;2.2;1.4;89.1;5.9;2;High School;9;79.5
19;Male;3.6;3.5;2.1;82.2;5.8;3;Bachelor;10;62.5
22;Female;2.5;0.8;2.0;89.6;8.6;4;High School;6;75.6
17;Male;3.8;2.4;1.1;83.1;5.0;4;High School;4;64.4
21;Female;4.2;4.5;3.1;84.0;6.6;2;High School;9;75.3
20;Female;5.6;2.4;2.3;94.7;7.0;6;High School;10;100.0
21;Male;3.4;3.6;3.1;89.2;6.4;2;Bachelor;10;76.4
23;Male;3.5;2.1;2.3;87.2;4.5;1;Bachelor;9;?
17;Female;4.6;0.5;1.6;?;5.5;2;Master;10;88.9
22;Other;3.8;1.4;1.2;81.2;6.7;2;High School;3;70.4
22;Female;4.9;?;2.9;94.0;5.6;2;Bachelor;3;69.4
22;Male;3.9;2.2;0.2;85.4;?;3;Master;6;84.9
20;Female;?;2.2;0.7;91.6;?;2;?;6;63.6
21;Female;?;2.1;1.4;100.0;7.7;1;Bachelor;6;82.2
20;Female;1.8;4.8;3.2;95.4;5.0;4;Bachelor;?;37.4
18;Female;3.5;5.2;0.7;79.9;7.4;0;Master;2;53.4
18;Female;3.2;2.3;1.5;59.5;6.5;2;?;7;64.2
20;Female;3.6;?;0.3;83.5;6.2;4;High School;4;77.2
17;Male;?;2.8;3.6;81.8;3.6;3;Bachelor;4;59.8
22;Female;2.0;1.2;2.7;67.2;?;6;Bachelor;8;55.4
22;Female;?;1.8;3.0;75.6;6.9;0;High School;1;69.9
21;Male;2.2;1.5;1.3;89.8;6.5;5;Master;9;71.6
?;Male;5.0;1.8;1.6;100.0;5.7;6;High School;7;92.9
18;Male;2.5;1.8;1.2;88.3;6.9;1;High School;6;70.5
22;Female;6.2;3.5;2.3;?;8.2;5;Bachelor;8;?
21;Male;1.7;?;3.2;76.9;5.8;4;High School;5;37.4
?;Female;4.9;2.8;0.6;88.7;7.0;5;High School;6;88.7
18;Male;5.0;4.0;1.4;77.6;4.6;6;?;10;88.6
20;Female;2.5;1.9;1.6;93.6;7.0;4;Bachelor;8;68.5
23;Other;5.6;1.6;0.3;86.5;6.0;5;Master;6;?
18;Other;3.1;2.2;2.5;88.0;5.6;4;High School;9;66.9
18;Female;3.9;3.9;1.0;77.2;5.6;4;High School;9;71.5
19;Male;3.9;2.7;1.6;92.1;?;3;Bachelor;9;77.8
18;Female;3.3;1.9;1.3;100.0;7.0;0;Bachelor;6;67.7
24;Male;4.7;3.1;0.9;74.9;4.9;4;High School;9;96.4
17;Male;4.7;1.2;1.8;81.6;6.0;1;Master;3;83.1
24;Male;?;3.3;1.6;87.3;6.5;6;Bachelor;5;37.9
21;?;5.5;3.0;1.4;92.9;5.2;6;High School;2;76.3
21;Female;1.0;2.1;1.0;79.4;8.7;1;Bachelor;?;52.6
20;Female;5.0;1.5;2.2;56.7;5.5;2;Master;4;83.6
24;Male;5.2;1.4;3.6;98.6;5.7;4;Bachelor;6;92.0
24;?;2.9;4.0;2.9;67.6;8.7;4;High School;5;56.4
23;Male;1.8;1.7;0.3;78.9;7.2;5;High School;1;58.1
18;Male;3.2;3.1;2.0;?;5.4;4;High School;7;70.9
17;Male;3.0;0.0;0.6;99.5;?;4;Bachelor;10;98.7
20;Female;4.7;1.8;0.2;94.4;6.7;1;Bachelor;8;83.3
24;Female;5.5;2.5;1.0;83.2;6.8;0;Bachelor;1;80.6
24;Male;5.6;1.4;3.1;85.8;6.1;0;Master;10;91.3
19;Male;2.7;1.4;2.8;83.7;5.6;2;High School;7;63.5
20;?;3.2;1.7;2.1;96.3;6.9;1;Master;4;66.3
24;Female;1.0;2.9;0.1;76.2;5.8;4;Bachelor;6;49.9
20;Male;2.3;2.3;1.6;76.9;8.7;0;High School;9;68.9
18;Female;4.9;0.0;2.1;95.1;5.0;3;?;5;94.2
19;Male;5.9;0.0;2.0;84.6;8.3;3;High School;8;100.0
20;Male;?;1.8;0.0;98.8;6.4;3;Bachelor;5;58.6
17;Female;2.6;3.0;0.8;78.3;6.9;4;Bachelor;2;53.2
17;Male;3.5;0.0;?;84.5;7.5;4;High School;4;70.5
21;Female;3.9;1.9;2.4;75.8;5.7;2;Bachelor;2;64.0
19;Male;2.3;1.9;0.0;85.1;7.5;6;Bachelor;7;77.4
19;Male;4.1;4.2;1.6;70.2;3.3;2;High School;7;57.4
20;Male;3.5;3.0;2.7;70.6;5.4;5;High School;7;66.7
19;Female;4.3;2.7;2.6;91.9;5.0;3;Bachelor;1;58.4
17;Male;3.5;0.0;2.4;92.2;6.2;4;Master;1;63.6
17;Male;2.8;3.4;0.9;67.7;7.0;3;Master;9;62.6
24;Male;3.3;2.8;0.0;98.3;7.3;2;Bachelor;6;?
18;Female;3.4;3.1;1.4;?;6.8;4;Bachelor;5;75.2
19;Male;2.9;7.2;2.9;85.5;5.7;1;High School;6;?
20;Female;?;0.0;?;78.6;6.9;0;Bachelor;6;72.8
21;Male;5.9;4.6;2.6;100.0;6.6;0;High School;1;72.7
21;Other;4.3;2.2;2.3;71.8;7.6;2;High School;5;76.0
20;Male;3.1;?;2.2;85.2;7.4;6;Bachelor;9;74.1
22;Female;3.0;2.0;1.7;98.5;5.4;1;Bachelor;3;?
?;Female;5.3;?;3.6;88.6;5.7;4;Bachelor;1;71.0
21;Female;4.1;2.9;0.8;80.0;?;6;High School;2;76.4
19;Female;3.3;0.7;3.6;75.5;6.1;3;High School;3;52.6
18;Female;4.2;?;1.4;81.6;6.8;2;Master;4;74.0
19;Male;1.1;2.0;3.3;74.9;7.4;3;Bachelor;7;42.6
23;Male;1.8;1.1;0.3;85.5;6.4;2;High School;6;49.8
17;Female;1.7;2.0;2.4;79.4;6.5;5;High School;8;45.7
18;Female;3.7;4.0;1.0;70.1;6.7;0;Bachelor;9;77.2
24;Female;6.1;1.9;0.2;97.6;5.9;6;Bachelor;6;98.5
21;Female;6.8;2.9;2.0;80.0;5.4;0;High School;7;96.2
18;Male;4.5;1.6;2.9;72.3;4.4;3;High School;4;71.3
18;Male;4.3;?;0.9;83.3;5.7;1;Master;2;59.2
18;Female;0.8;3.3;0.2;85.7;7.1;?;Bachelor;9;51.8
22;Male;2.7;4.7;?;67.5;5.7;2;Master;9;59.3
18;Male;2.3;2.3;?;88.3;6.2;4;Bachelor;4;58.5
19;Female;2.6;3.3;2.4;74.5;7.1;0;Master;3;44.5
17;Male;3.2;2.6;2.8;100.0;7.1;1;High School;10;75.4
23;Female;2.8;4.1;1.7;?;5.2;1;Bachelor;6;54.9
18;Female;4.6;3.4;2.0;77.5;7.9;0;Bachelor;1;71.8
21;Male;1.9;2.3;1.4;?;5.1;4;High School;4;51.8
18;Male;3.9;2.4;0.0;91.1;5.5;3;High School;1;59.5
21;Male;6.6;2.6;1.5;84.7;7.9;?;Master;2;96.6
19;Male;2.1;2.8;1.4;82.8;6.3;1;Master;3;44.1
24;Male;?;2.8;2.3;79.0;4.8;0;Bachelor;10;63.7
20;Female;5.2;4.4;0.5;81.6;6.2;1;High School;4;74.0
17;Male;6.4;3.7;2.0;64.1;5.1;6;High School;4;98.8
21;?;1.7;3.5;2.5;94.7;6.0;5;Bachelor;10;53.0
21;Female;4.2;2.0;3.5;88.0;6.5;5;High School;9;84.6
17;Female;?;1.4;2.8;77.3;8.3;5;Master;7;73.0
20;Male;3.3;3.6;2.6;100.0;6.2;2;High School;2;57.1
18;Female;7.5;3.6;1.9;85.9;7.8;6;Bachelor;?;100.0
21;Male;1.2;4.3;2.2;74.6;8.2;2;Bachelor;4;36.2
17;Male;3.9;1.8;3.2;93.6;8.2;0;High School;4;65.6
24;Other;4.2;2.2;0.3;89.0;6.8;3;High School;10;87.5
24;Male;5.1;0.5;1.4;88.9;4.1;4;Bachelor;8;100.0
19;Female;3.6;2.0;1.0;80.7;7.1;?;Bachelor;10;85.6
17;Female;4.0;3.7;2.2;89.5;7.8;0;High School;10;89.4
19;Female;2.9;1.9;3.2;82.4;6.4;4;Bachelor;6;66.9
?;Male;3.0;2.3;0.0;66.0;?;2;High School;9;77.9
18;Male;4.4;2.9;1.3;80.7;7.2;5;High School;10;91.3
?;Male;4.1;2.6;2.4;77.3;6.9;2;Bachelor;9;85.3
24;Male;3.5;0.0;2.3;79.0;3.5;3;Bachelor;5;64.4
24;Male;5.2;2.3;1.5;80.5;5.9;6;Master;3;82.8
23;Male;3.4;0.5;0.4;72.9;7.9;4;Bachelor;4;78.0
22;Male;0.8;3.9;2.4;62.9;5.5;0;Master;5;31.5
24;Male;5.4;3.4;0.9;82.7;6.2;1;Bachelor;9;92.3
21;Female;2.1;3.1;4.2;86.4;5.2;1;Bachelor;9;50.1
20;Female;2.5;4.3;2.4;84.5;8.6;3;Master;3;49.4
17;Female;2.6;1.4;1.2;83.6;8.5;5;Bachelor;7;80.3
21;Male;0.3;3.6;1.7;95.2;6.7;3;Bachelor;4;33.6
?;Male;8.2;2.2;1.5;83.1;?;2;Master;5;100.0
17;Female;5.1;3.9;3.0;79.3;7.2;1;Bachelor;10;90.6
?;Female;3.8;1.2;2.0;82.2;7.1;2;Bachelor;2;66.3
17;Male;3.4;1.5;1.0;90.8;7.5;4;Bachelor;7;86.1
22;Female;?;1.8;3.9;99.1;6.9;1;Master;4;65.5
17;Female;4.5;1.2;2.6;86.0;5.3;0;Bachelor;6;76.3
22;Female;4.3;4.0;1.1;88.4;4.4;?;High School;2;59.0
20;Female;3.6;2.2;2.2;75.1;6.0;3;Bachelor;10;76.1
24;Female;3.2;2.9;2.1;85.2;4.6;1;Bachelor;2;40.3
17;Female;3.3;1.8;0.0;70.3;4.7;2;High School;7;65.2
22;Male;3.2;0.3;4.0;67.3;5.3;3;High School;1;43.9
21;Female;5.2;2.8;3.2;88.7;5.4;0;Bachelor;7;89.5
19;Male;4.4;0.2;1.4;81.2;5.4;1;High School;10;80.7
19;Female;0.0;2.4;0.6;87.0;7.1;4;High School;?;53.0
17;Female;4.5;0.9;2.2;84.8;5.9;0;Bachelor;1;70.6
20;Female;3.8;4.9;1.9;75.2;6.3;?;High School;6;65.5
20;Male;3.5;3.6;2.2;84.5;7.6;3;High School;7;75.1
21;Female;2.9;2.6;2.0;72.7;5.6;1;Master;1;43.5
17;Female;5.2;4.0;2.4;?;6.2;1;?;9;80.6
19;Female;4.9;1.5;3.4;?;6.9;6;High School;7;88.2
20;Male;2.3;3.2;2.4;83.0;4.2;6;Bachelor;1;48.5
17;Male;4.1;2.7;0.6;74.6;3.6;0;Bachelor;3;67.3
23;?;2.0;2.8;3.3;90.7;6.9;1;Master;5;50.7
20;Male;1.4;4.0;3.6;81.7;7.1;3;Master;4;35.4
22;Female;2.6;3.4;5.3;79.8;9.0;0;Bachelor;2;49.1
23;Male;4.8;2.8;0.6;93.5;?;4;High School;1;85.4
20;Male;4.3;1.3;0.0;90.2;6.3;0;High School;7;90.4
19;Male;4.6;?;2.4;?;6.9;4;High School;?;87.8
18;Female;4.3;2.6;1.2;71.0;8.5;5;Bachelor;9;87.5
23;Female;2.5;1.1;3.9;86.1;4.0;6;Bachelor;8;58.2
21;?;4.7;4.3;0.0;91.3;9.1;5;Bachelor;5;?
21;Female;4.6;3.2;1.3;84.2;6.8;5;High School;1;77.6
19;Male;5.3;2.6;0.0;87.1;8.5;5;High School;9;98.4
?;Other;4.6;2.2;2.6;68.8;5.7;6;Bachelor;2;78.5
17;Other;4.0;1.4;0.0;100.0;6.5;2;High School;6;81.1
20;Female;5.1;2.6;1.8;83.4;6.5;6;High School;10;100.0
21;Female;2.2;1.0;1.4;76.6;5.1;2;High School;10;62.6
20;Male;3.3;2.9;3.6;88.1;5.2;4;Bachelor;8;60.3
21;Male;2.4;2.3;2.2;72.0;7.5;6;Master;3;63.9
23;Male;2.5;0.2;0.9;89.5;7.5;3;?;6;80.0
24;Male;3.3;1.5;1.8;81.4;6.9;5;High School;6;62.6
17;Female;2.3;2.0;1.8;?;7.5;1;Bachelor;10;71.4
23;Female;3.0;4.8;2.3;92.0;6.3;4;Master;3;60.6
21;Female;0.7;3.2;0.3;72.7;7.9;2;High School;7;47.2
21;Male;3.8;?;2.5;78.2;6.5;6;High School;4;78.1
18;Male;3.5;?;?;89.6;6.6;3;Bachelor;5;75.5
18;Male;2.3;0.6;1.1;100.0;6.2;0;?;9;73.5
23;Other;4.5;?;1.3;83.6;7.3;3;High School;6;74.6
22;Male;4.9;1.9;2.5;90.9;6.0;3;Bachelor;10;98.7
23;Female;1.1;2.4;1.8;83.9;7.7;5;High School;4;49.2
18;Female;2.4;4.1;0.3;100.0;5.1;5;Bachelor;8;67.4
21;Male;2.3;1.0;0.7;67.5;5.2;6;Bachelor;9;?
19;Female;2.1;0.8;2.0;85.9;7.3;6;Master;10;68.4
23;Female;4.7;1.8;1.7;68.7;6.4;2;High School;5;70.0
21;Female;3.2;3.7;1.2;59.9;6.0;6;High School;2;56.1
19;Female;3.1;?;1.3;88.0;7.6;2;High School;6;81.5
19;Male;0.5;0.0;?;86.4;5.8;5;Master;8;45.0
18;Male;4.5;2.0;1.2;82.2;6.3;?;High School;5;84.4
23;Female;1.6;3.2;1.7;83.9;8.2;1;High School;1;36.8
20;Female;3.6;3.9;4.2;100.0;?;1;High School;8;65.6
17;Male;3.9;1.9;0.2;82.4;8.4;4;Bachelor;9;93.5
?;Female;5.5;2.0;0.0;90.1;6.2;5;High School;1;93.7
18;Female;1.5;3.9;2.7;78.5;8.0;0;High School;8;42.3
20;Female;0.0;0.3;1.1;88.0;5.4;1;High School;10;53.3
17;Male;3.8;2.0;1.4;82.6;5.4;?;Master;2;65.9
21;Female;6.2;2.7;0.9;80.9;3.7;3;Bachelor;4;87.9
22;Female;5.4;3.0;1.5;100.0;8.5;6;Bachelor;2;94.5
23;Male;?;1.9;3.6;96.8;5.5;6;Master;2;77.8
22;Male;2.8;2.5;2.7;86.4;6.3;4;Master;10;74.6
21;Other;4.7;0.0;2.7;62.0;5.4;1;High School;3;67.5
24;Male;2.0;1.7;0.2;81.4;?;3;Master;8;66.5
?;Female;4.3;1.3;0.0;82.7;4.9;1;High School;7;84.9
18;Male;5.1;2.6;0.9;96.0;?;0;Master;10;96.6
19;Female;7.6;3.0;2.9;99.4;4.8;0;High School;3;100.0
18;Male;4.1;2.1;2.4;87.2;5.5;4;High School;10;?
18;Female;2.7;2.7;1.6;76.6;4.0;?;High School;3;36.9
21;Male;?;1.3;1.8;60.6;4.8;4;Bachelor;2;60.0
21;Female;0.8;2.3;?;91.8;6.7;2;High School;6;44.3
21;Male;2.5;3.2;2.0;76.9;4.1;1;Bachelor;6;41.6
22;Male;2.9;2.7;2.6;86.8;4.7;3;Master;1;45.5
19;Other;2.7;1.8;0.0;72.5;6.5;4;Bachelor;7;68.2
24;Male;3.7;2.8;2.1;82.3;5.8;6;High School;4;75.5
24;Female;2.3;3.4;2.8;85.3;8.9;0;Master;3;40.9
21;Male;5.2;0.0;1.3;87.7;8.7;6;High School;8;100.0
17;Female;3.5;3.9;2.6;73.9;5.5;4;High School;2;65.6
20;Other;3.0;?;1.7;79.0;7.4;4;Bachelor;?;69.8
17;Male;3.7;3.9;2.2;68.3;5.8;0;High School;8;66.6
23;Male;4.7;0.9;?;83.9;4.7;?;High School;3;84.5
23;Male;2.2;1.6;2.0;85.3;6.5;5;High School;?;65.6
17;Male;?;2.2;2.3;86.6;6.3;0;High School;2;46.8
21;Female;3.0;1.6;2.0;98.6;6.0;5;Bachelor;2;67.7
20;Male;1.5;4.6;0.7;82.6;7.0;?;Bachelor;4;45.4
20;Female;2.3;1.5;2.0;83.8;5.6;3;Bachelor;6;57.0
22;Male;2.8;1.8;3.4;74.0;5.1;6;High School;5;58.4
20;Male;4.8;2.7;2.3;93.2;?;1;High School;1;70.8
23;Female;3.9;1.1;2.9;86.8;7.0;1;Master;10;75.7
21;Male;4.8;2.9;2.6;66.0;7.6;0;Master;6;82.1
20;Male;3.3;2.1;2.1;99.4;4.4;6;High School;3;71.4
22;Male;4.1;2.4;0.8;72.7;5.8;3;Master;3;66.7
23;Female;3.3;1.9;2.2;79.1;6.2;4;High School;7;70.9
19;Female;3.9;0.7;0.7;88.6;5.7;1;High School;1;?
18;Male;2.6;2.9;1.1;73.0;5.8;5;Bachelor;1;53.9
18;Female;0.0;4.6;2.0;70.1;?;?;Bachelor;10;43.4
19;Female;3.3;2.5;2.1;63.8;5.5;1;High School;3;55.4
23;Female;5.6;2.8;0.5;92.2;9.4;4;Bachelor;8;100.0
22;Female;4.9;3.3;3.0;79.5;7.0;5;Bachelor;1;71.8
21;Male;3.6;2.7;0.1;75.8;9.5;6;High School;9;89.1
18;Male;3.8;4.5;1.6;79.3;5.3;3;High School;4;53.5
20;Female;2.6;1.6;1.3;?;5.2;6;Bachelor;10;72.9
22;Female;3.0;4.7;1.9;80.3;5.6;0;High School;8;61.0
18;Male;4.4;3.4;1.4;91.1;6.5;1;High School;7;69.1
20;Male;5.3;3.2;0.0;75.2;4.4;5;High School;3;77.2
20;Male;3.3;2.8;1.4;71.2;?;5;Bachelor;7;?
24;Female;2.8;2.2;1.5;67.0;8.5;3;High School;?;74.7
17;Male;1.3;?;3.6;82.0;5.8;?;Master;2;?
23;Male;0.1;1.2;0.0;78.7;7.6;5;High School;9;53.4
17;Other;2.7;2.3;3.2;97.4;5.5;5;Bachelor;?;?
21;?;2.7;2.4;2.7;81.7;8.8;5;High School;4;58.8
20;Female;3.3;4.0;1.9;67.1;6.8;0;?;2;43.5
22;Female;2.8;0.2;3.1;79.3;6.5;5;High School;2;65.6
17;Female;5.7;2.7;1.4;79.0;7.7;0;Master;8;89.8
23;Male;?;0.3;0.6;78.4;7.8;1;Master;7;89.5
20;Female;4.0;3.4;3.4;78.0;5.5;3;Bachelor;7;68.8
17;Female;4.4;2.4;1.7;78.5;5.9;0;Bachelor;5;76.8
17;Female;1.8;3.0;2.0;81.1;4.9;1;High School;10;47.5
24;Male;5.1;1.5;3.2;78.6;7.0;5;High School;8;89.3
17;Male;3.4;4.0;0.7;87.1;7.3;1;Master;2;62.0
22;Male;4.5;3.8;2.5;88.6;4.9;5;Bachelor;2;66.1
21;Female;1.9;3.2;1.2;75.9;6.0;6;Bachelor;5;41.7
22;Male;1.2;2.3;1.7;97.7;4.9;1;High School;1;28.0
20;Other;4.1;1.7;?;68.8;7.2;0;Master;4;?
21;Male;2.1;3.5;0.9;?;5.6;6;High School;6;63.4
24;Female;2.2;4.5;3.3;76.8;?;3;High School;7;50.2
21;Male;5.2;3.8;2.8;88.2;4.5;2;High School;3;72.0
21;Female;1.7;1.6;1.7;61.0;6.7;5;Bachelor;8;67.9
21;Female;2.1;0.9;1.5;91.7;5.6;3;Bachelor;1;55.0
24;Female;4.5;3.2;3.3;70.0;6.3;0;High School;6;59.9
22;Female;3.0;3.0;1.6;70.2;6.7;2;Master;7;63.2
21;Female;4.4;0.3;2.1;100.0;5.5;4;Bachelor;4;84.5
19;Female;2.7;1.1;3.1;77.6;4.7;5;High School;2;50.8
?;Female;3.3;?;0.9;76.7;8.7;5;Bachelor;10;94.0
21;Female;3.6;2.1;3.5;62.3;5.7;1;?;9;65.6
20;Female;?;1.0;0.1;81.5;6.4;?;High School;7;61.7
19;?;4.6;3.0;?;82.7;7.7;5;Master;1;66.0
19;Female;2.7;2.8;1.4;92.2;10.0;3;High School;8;86.9
20;?;3.2;2.3;1.5;71.0;5.0;6;High School;3;59.6
17;?;2.0;1.6;0.0;69.8;7.0;?;High School;4;?
18;Male;0.0;3.8;1.3;89.5;5.7;5;High School;5;31.1
23;Female;3.2;4.5;0.7;95.1;?;2;Master;1;45.7
17;Male;7.1;1.9;1.1;69.3;5.6;6;High School;6;100.0
17;Female;4.7;1.8;1.6;95.8;5.1;2;Master;10;81.1
22;Male;3.5;3.1;2.9;85.4;6.5;0;Master;6;55.1
23;Female;3.1;2.1;2.0;95.9;?;0;High School;2;53.3
23;Other;3.5;2.3;2.1;84.3;7.6;5;High School;10;89.1
17;Male;4.3;?;0.6;59.8;6.6;5;Master;6;77.3
21;Other;1.7;0.2;0.8;83.5;7.0;1;High School;8;56.4
22;Female;4.6;2.6;1.0;76.1;6.1;3;High School;4;74.6
19;Female;4.6;?;3.6;81.1;6.8;5;Bachelor;4;83.0
24;Female;4.2;2.4;1.5;83.2;5.1;3;Bachelor;9;85.9
23;Female;3.5;2.5;1.8;56.0;?;5;High School;6;64.5
17;Female;4.5;0.4;3.0;100.0;5.5;3;High School;8;91.9
19;Male;4.4;4.3;3.2;76.0;5.4;4;Master;8;74.6
?;Male;3.0;2.5;1.7;90.1;4.0;3;Bachelor;7;?
18;Female;2.6;3.0;1.4;84.1;8.1;6;Bachelor;3;66.7
24;Female;?;3.6;1.7;97.6;5.7;0;Bachelor;10;77.4
24;Female;5.8;1.3;2.2;89.1;7.9;5;High School;1;99.0
24;Female;1.6;3.1;2.8;82.7;7.8;0;Bachelor;5;43.5
22;Male;1.3;?;1.8;76.1;5.0;6;High School;10;53.4
20;Female;3.7;3.5;2.5;93.0;5.2;6;High School;?;81.0
24;Male;3.6;0.0;3.6;66.3;9.6;3;Bachelor;2;66.2
20;Female;3.8;2.4;2.2;91.5;8.6;2;High School;10;88.0
21;Male;3.9;1.8;2.1;74.0;6.5;2;Master;2;64.4
24;Male;3.2;?;0.1;97.5;6.8;6;High School;7;82.4
18;Male;5.7;3.1;0.0;86.6;5.7;2;Master;3;80.9
20;Male;1.1;1.7;2.2;91.4;7.0;5;Master;8;59.6
20;Female;2.3;1.6;1.7;85.8;5.6;1;High School;?;56.2
18;Male;3.3;2.4;1.2;67.5;4.1;4;Bachelor;8;72.5
?;Male;1.0;1.4;2.1;76.4;4.9;3;High School;6;47.6
18;Male;3.2;3.5;1.7;91.7;6.5;1;Master;5;63.6
20;Male;6.0;2.1;3.0;86.7;5.1;2;High School;3;85.3
18;Male;3.5;0.0;1.9;96.8;6.4;3;Bachelor;3;71.8
20;Male;?;2.1;1.0;89.0;5.2;1;High School;7;70.9
?;?;1.6;1.3;2.9;75.3;5.6;0;High School;5;41.7
21;Female;2.6;0.5;1.6;77.0;7.5;2;High School;6;76.1
17;Female;2.9;1.0;2.4;86.0;6.8;1;?;6;65.9
20;Male;3.0;2.6;1.3;61.9;6.5;5;Bachelor;9;64.4
24;Male;5.4;?;1.1;?;7.6;0;Bachelor;1;69.7
