?;Southern Airways - USA (Inacti;1968;PW;DC-9;May;?;North America;3;3
?;Ryanair;2002;?;737-800;Jan;?;?;?;?
?;KLM Royal Dutch Airlines;1983;?;747-300;?;1982;?;?;?
?;?;2010;GE;777F;?;?;?;2;?
?;?;?;?;?;?;?;?;3;?
?;?;?;?;?;?;?;?;2;?
?;?;?;?;DC-9;Feb;?;?;?;?
China;China Xinjiang Airlines;?;?;757-200;Mar;?;East Asia;?;?
USA;?;?;RR;?;Jan;?;?;?;?
France;AOM French Airlines;1996;PW;MD-80;?;?;?;?;?
?;Air Europe;1989;RR;?;Apr;1988;Europe;?;2
?;Pegasus Airlines;?;?;?;Feb;2006;?;?;1
Netherlands;ITOCHU AirLease B.V.;?;?;?;Jul;1991;?;1;1
Venezuela;Aeropostal;?;?;?;May;1986;South America;?;?
USA;U.S. Air Force;?;?;?;Jan;1973;North America;1;?
Germany;Bavaria;?;?;737-200;Jan;1980;Europe;?;?
Turkey;Turkish Air Force Peace Eagle;2005;?;737-700W;Aug;2003;Europe;?;1
Germany;Aero Lloyd;1987;PW;MD-80;Aug;?;?;?;?
Hungary;?;1993;PW;?;Feb;?;?;?;?
Cameroon;?;1972;PW;?;May;?;?;1;?
USA;?;?;?;737 MAX;Feb;2021;?;?;?
Ireland;?;2020;?;777F;Dec;2018;Europe;1;?
?;Swissair;1968;?;DC-9;Jan;1966;Europe;5;?
?;Onur Air;1997;PW;?;Oct;1995;Europe;?;?
Nigeria;Arik Air;2009;?;?;Sep;2007;Africa;?;?
USA;Republic Airlines;1980;?;?;Jan;?;?;4;?
Germany;Deucalion Capital VII Limited;?;GE;777F;Dec;2005;Europe;?;?
China;?;?;GE;747-400ERF;Aug;2005;East Asia;?;2
?;?;?;?;?;Jan;2003;North America;1;?
?;?;1998;GE;?;?;1997;?;5;?
?;?;2019;RR;?;?;?;Africa;1;1
?;?;?;?;747-400M;?;?;East Asia;1;1
?;?;1975;?;?;Apr;?;Africa;?;3
?;?;1992;?;?;Sep;1989;Central America and Mexico;?;2
USA;?;1965;PW;?;Jan;?;North America;?;?
Azerbaijan;?;2014;GE;787-8;Feb;?;Central Asia;2;?
China;?;1985;PW;747-200;May;?;East Asia;1;?
China;?;1992;PW;?;?;?;East Asia;2;?
?;?;?;CF;737-300;?;1997;Europe;1;1
Japan;Mitsui & Co.;?;GE;MD-11;Dec;?;East Asia;2;2
USA;Air Lease Corporation;?;RR;787-9;?;?;North America;1;?
?;Emirates;?;GE;?;?;?;?;3;?
?;China Cargo;?;GE;?;?;?;?;?;?
Brunei Darussalam;?;1975;?;?;Jan;?;?;?;?
China;?;1985;?;?;Jan;?;?;?;?
?;?;2016;?;?;?;2014;?;?;6
USA;?;?;?;747-400ERF;Jun;2005;North America;?;?
South Africa;Comair Limited;2015;CF;737-800;Jun;2010;Africa;2;?
Japan;Japan Transocean Air;2016;CF;?;May;2014;?;?;?
Saudi Arabia;Mid East Jet;1997;PW;?;Jan;1997;?;1;?
Malta;Air Malta;1983;PW;?;?;?;?;?;3
Brazil;VASP Airlines;1973;?;737-200;?;?;South America;?;3
?;USAF PAR Program;2017;?;747-8;?;?;North America;?;2
?;Aeromexico;1980;?;DC-9;?;?;Central America and Mexico;?;6
?;?;2009;CF;737-800;?;?;?;?;1
Azerbaijan;?;2012;?;767-300F;?;?;?;2;2
Ukraine;?;2012;CF;737-800;Jul;?;?;?;2
Spain;Iberia Airlines;?;PW;?;Jan;?;Europe;3;3
Singapore;Scoot PTE LTD;?;RR;?;Oct;?;?;?;?
Singapore;SilkAir;?;CF;?;?;2012;Southeast Asia;?;?
?;?;?;?;?;?;?;Europe;2;?
?;?;1969;PW;DC-8;?;?;North America;1;1
Germany;?;1987;RR;757-200;?;?;Europe;?;2
Netherlands;?;2016;?;787-9;?;2011;Europe;?;?
South Korea;?;2018;?;737-800;?;?;East Asia;?;?
USA;?;1976;?;?;?;?;?;8;?
Iceland;?;?;?;?;?;?;?;?;?
Algeria;Air Algerie;?;?;737-200;?;?;Africa;1;1
United Arab Emirates;Dubai Air Wing;?;?;727;?;1982;Middle East;1;1
Ireland;GPA Group;?;CF;737-400;Jan;1988;Europe;4;4
USA;?;?;?;737-200;Dec;1982;North America;?;?
Italy;?;?;?;DC-8;?;1966;?;?;?
?;US Airways Inc.;?;?;?;Jan;?;?;?;?
Switzerland;?;?;?;?;?;?;?;?;?
United Kingdom;?;1989;?;?;?;?;Europe;?;?
USA;?;1994;?;?;?;?;North America;?;1
?;Government of Korea;2022;?;?;?;2020;?;?;1
?;?;2021;PW;?;?;2018;East Asia;?;1
Reunion;?;2016;RR;?;Feb;?;?;?;?
?;?;?;GE;767-200ER;Oct;?;?;?;1
?;?;?;?;707/720;?;?;South America;1;1
USA;Trans Carib Air;1964;?;?;?;1964;North America;?;1
Morocco;Royal Air Maroc;?;?;?;?;1969;Africa;?;1
USA;United Airlines;?;?;?;?;1966;?;?;?
Algeria;?;2011;CF;?;Oct;?;?;?;4
Netherlands;?;1989;PW;?;Mar;?;?;?;?
Czech Republic;CSA;2000;CF;?;?;?;Europe;?;?
Fiji;Fiji Airways;2018;CF;?;Mar;?;Oceania;?;?
Slovakia (Slovak Republic);SkyEurope;?;?;?;?;2006;?;?;?
China;?;?;CF;737-800;Dec;?;?;?;?
USA;?;?;CF;?;?;2000;?;5;5
?;?;1966;?;?;?;?;?;1;1
?;National Airlines;?;?;?;?;?;?;4;4
?;?;1981;PW;?;Nov;?;?;?;1
?;?;1968;PW;?;?;1968;?;2;2
?;?;1982;PW;?;?;1982;?;?;1
?;?;1991;CF;737-400;?;?;Caribbean;?;1
?;?;1995;CF;737-500;?;1995;South America;?;1
China;?;2001;RR;757-200;Mar;?;East Asia;2;2
Egypt;EgyptAir;?;PW;767-200ER;Jan;1984;?;?;3
Angola;?;?;GE;?;Mar;2012;Africa;?;1
?;WEDGE Group;?;?;?;Sep;?;?;?;1
?;?;?;GE;?;Mar;?;Southeast Asia;?;1
?;?;?;RR;?;?;?;Oceania;?;2
?;?;1998;CF;737-700;?;1997;Europe;2;2
?;?;1991;PW;MD-80;Jun;?;Europe;3;3
Venezuela;?;1968;?;?;Jan;?;South America;1;1
United Arab Emirates;?;?;?;?;Feb;?;Middle East;?;?
Belgium;DHL International;?;?;767-300F;Feb;2007;?;?;?
Japan;?;?;?;?;?;1984;?;?;2
Canada;?;?;PW;?;?;?;North America;1;1
United Arab Emirates;?;?;CF;?;?;?;Middle East;?;?
?;?;?;PW;?;Mar;?;Europe;?;?
?;Shandong Airlines;?;CF;?;Jan;?;East Asia;?;2
?;Air India;?;RR;?;Jan;1960;?;1;?
?;Novus Aviation Capital;?;GE;?;Nov;?;Middle East;2;2
?;?;?;PW;MD-80;?;?;North America;2;2
?;?;1998;CF;737-300;?;?;Africa;1;?
?;Italian Air Force Tanker;2005;?;767-200ER;Apr;?;Europe;1;?
?;Garuda Indonesia;1974;?;DC-9;Jan;1973;Southeast Asia;?;?
?;?;1965;?;DC-9;Jul;1963;?;?;1
?;?;1978;?;737-200;?;?;North America;?;2
?;S7 Group;2011;CF;737-800;?;?;?;?;2
Canada;Nordair;1969;?;?;?;?;North America;?;1
Brazil;LATAM Airlines Brasil;?;?;?;Aug;?;South America;?;?
Mozambique;LAM;?;?;737-200;Mar;1971;?;1;?
?;Government of Japan;?;GE;?;Dec;1987;?;2;?
?;Mauritania Airlines;2016;CF;?;Jul;2016;?;1;1
?;Finnair;1975;GE;DC-10;?;1971;?;2;2
United Arab Emirates;Novus Aviation Capital;?;GE;?;?;2018;Middle East;?;?
Canada;Canadian Airlines;?;GE;?;?;?;North America;4;4
Canada;Air Canada;?;?;747-400M;Jan;1989;North America;3;3
Philippines;Philippine Airlines;?;?;747-400M;Jan;1996;Southeast Asia;1;1
Belgium;Sobelair;?;CF;?;?;?;Europe;?;1
?;Etihad Airways;?;GE;?;?;?;?;?;2
?;?;?;?;DC-9;?;?;?;?;1
?;?;?;?;737-700;Jan;?;?;?;4
?;?;1988;CF;?;Jan;?;?;5;5
?;City Bird;1998;PW;?;Mar;1998;?;1;1
?;AirTran Airways (Merged with S;2007;CF;?;?;2006;?;1;?
?;?;?;?;737-500;Sep;?;?;1;1
?;?;?;?;737-800;Sep;?;?;1;1
?;?;?;?;737-500;Aug;?;Europe;1;?
USA;?;?;?;737-200;?;1979;?;1;1
?;?;1974;?;707/720;?;?;?;1;1
?;Japan Airlines Co. Ltd.;1974;?;DC-9;?;?;?;8;8
?;Hawaiian Airlines;1981;?;MD-80;Jan;?;?;2;2
?;Kenya Airways;2002;?;737-700;Mar;2000;?;1;?
?;?;2015;?;?;?;2014;Southeast Asia;2;2
USA;?;1981;?;?;?;1980;?;1;?
Germany;?;1969;?;?;Jan;1968;Europe;2;?
United Kingdom;?;1988;?;?;Dec;1987;Europe;2;?
?;?;1977;GE;?;Jan;1977;Africa;1;?
?;Novel Leasing;?;?;?;?;1997;Caribbean;?;?
?;PACE Airlines;1980;?;?;?;?;North America;?;?
?;TAP Portugal;1981;PW;727;?;?;Europe;?;?
?;?;?;?;?;?;?;North America;1;1
USA;?;?;?;?;Jan;?;North America;5;5
?;Silk Way Airlines;2015;?;?;?;?;Central Asia;1;1
Bahrain;Gulf Air;2019;?;787-9;?;?;Middle East;?;2
Vietnam;?;2004;PW;777-200ER;Jan;2002;Southeast Asia;?;2
Canada;?;1968;PW;?;Feb;1967;?;?;?
?;?;?;PW;?;?;1980;?;?;?
?;?;?;CF;737-700;?;1996;North America;3;?
?;?;?;CF;?;Dec;2013;?;1;?
?;?;?;CF;?;?;2000;?;4;?
?;?;1986;RR;?;Jan;1986;?;1;?
USA;?;1991;PW;?;?;1989;?;?;?
India;Vistara;2020;GE;?;?;2018;?;2;2
Philippines;?;1968;PW;DC-8;?;?;?;1;1
United Arab Emirates;?;2009;?;737-800;Jul;?;?;6;6
?;Air Jamaica-See CBL;1974;?;DC-9;Jun;?;Caribbean;1;1
?;Atlantis Aviation Corporation;?;?;787-9;?;2018;East Asia;2;?
?;?;?;PW;?;Jan;2001;North America;?;?
?;?;1990;RR;?;Feb;?;East Asia;?;?
?;?;?;GE;777F;Apr;2007;North America;?;?
Slovenia;Adria Airways d.d.;1970;PW;DC-9;Mar;1969;Europe;?;1
Israel;?;2016;?;787-9;?;2014;Middle East;2;?
United Kingdom;?;1995;?;?;?;?;Europe;2;?
Sweden;Scandinavian Airlines;1968;PW;?;?;?;Europe;10;10
USA;?;?;CF;737-800;Jan;?;?;?;?
?;Nepal Airlines Corporation;?;?;757-200;Feb;1986;?;?;?
?;DAE Aerospace Enterprise;?;CF;?;?;1996;?;?;?
?;Alaska Airlines;?;PW;?;?;1981;?;2;?
Portugal;?;1971;?;707/720;Jan;1971;Europe;2;2
?;?;1975;PW;737-200;May;1974;South America;?;6
?;?;1971;PW;DC-9;Apr;1970;Africa;?;2
?;?;1973;?;737-100;Mar;?;North America;?;1
USA;BDS USAF Tanker Program;2018;?;?;Jan;?;?;?;7
?;Air Gabon;1978;?;?;Apr;1977;Africa;1;?
?;Hainan Airlines Holding;2009;CF;?;Jan;2006;?;1;1
?;Air China Cargo;2013;GE;?;Mar;2013;?;1;?
?;?;?;?;?;?;1965;?;?;?
?;?;?;?;737-800;?;?;?;2;?
Saudi Arabia;?;?;PW;727;Jan;?;?;1;1
Zimbabwe;?;?;PW;767-200ER;Mar;?;?;1;1
USA;?;1982;?;MD-80;?;1982;?;2;2
USA;?;1998;?;737-700;?;?;?;3;?
Brazil;?;?;GE;?;?;?;?;3;?
USA;?;?;?;?;?;?;?;6;6
Equatorial Guinea;Ceiba Intercontinental;?;?;777-200LR;Mar;?;?;1;1
Portugal;Air Atlantis;?;?;DC-8;?;?;Europe;1;1
Romania;TAROM Romanian Air Transport;?;?;737-700;Jun;?;?;2;2
Australia;Jetstar - Duplicated (See JSA);2001;?;?;Feb;?;?;?;1
El Salvador;Avianca El Salvador;?;GE;767-200;May;1986;?;?;?
?;?;?;CF;?;Mar;?;Europe;2;?
Saudi Arabia;Saudi Arabian Airlines;?;PW;DC-9;Feb;?;?;3;?
Russian Federation;Sberbank Leasing;2018;CF;?;Feb;?;?;4;?
?;?;?;RR;?;?;?;?;2;?
?;?;?;?;MD-11;?;1997;Europe;?;1
Czech Republic;?;2018;?;?;?;?;Europe;1;?
China;China Southern Airlines;?;?;747-400F;Feb;?;East Asia;2;?
Japan;Air Nippon;?;?;737-500;May;?;?;1;?
USA;Handlingair Establishment;?;?;?;Feb;?;?;1;1
Dominican Republic;Dominicana Airlines;1975;?;?;Apr;?;?;1;1
?;Flightlease;2000;?;?;?;?;Europe;4;4
?;Lufthansa;?;PW;?;?;?;Europe;1;1
?;Miami Air;?;CF;?;Dec;2004;North America;?;?
China;Ruili Airlines;2014;?;?;?;2013;East Asia;?;1
Ireland;Avia Capital Leasing;2013;?;?;?;2010;?;?;3
Thailand;Nok Air;2016;CF;?;?;2014;?;3;3
?;United States Navy;2011;CF;737-800A;?;2011;?;2;?
?;Trans European Airways;1979;PW;?;?;?;Europe;1;?
?;Air Belgium;1991;CF;737-400;?;?;?;1;?
?;GATX Financial Corporation;?;PW;727;?;?;?;2;?
USA;?;?;?;747-400F;?;1999;?;2;2
Australia;BDS Australia P-8;?;CF;737-800A;Jan;2016;Oceania;?;?
Jamaica;Air Jamaica-See CBL;?;?;DC-9;Jan;1969;Caribbean;?;?
China;Bank of Communications Leasing;?;?;?;Apr;2017;East Asia;?;?
Yemen;Alyemen Airlines;?;?;737-200;Oct;1983;Middle East;2;2
Canada;Canadian Air Force;?;PW;707/720;Feb;?;?;?;4
Turkey;SunExpress Airlines;?;CF;?;Feb;?;?;?;5
USA;Reno Air;1996;RR;?;Jan;1996;?;?;2
Brazil;Cruzeiro;?;?;?;Jun;1970;?;3;3
USA;?;?;?;?;?;?;North America;3;3
Colombia;?;?;PW;?;?;1966;South America;1;?
Sudan;?;1975;?;?;?;1974;Africa;?;?
USA;?;1974;?;?;?;1973;North America;?;?
?;?;1966;?;?;?;1965;Europe;?;?
?;?;1971;PW;?;?;1968;Middle East;1;1
?;?;2005;GE;?;?;?;East Asia;?;2
?;?;?;RR;?;?;?;Europe;?;2
?;Martinair Cargo;?;GE;?;Feb;?;Europe;?;?
Colombia;Avianca;?;?;?;Jan;?;?;?;2
?;?;?;?;?;?;1987;Europe;?;1
?;?;1979;?;?;?;?;Middle East;?;1
Japan;?;?;?;?;?;?;East Asia;?;?
USA;?;?;?;?;?;1966;North America;?;?
USA;?;?;GE;?;?;?;North America;2;?
?;?;?;CF;737 MAX;?;?;Middle East;2;2
Angola;?;?;CF;737-700;Dec;?;Africa;1;1
Cyprus;?;?;CF;737-800;?;?;?;?;1
Tanzania United Republic of;Air Tanzania;1979;?;737-200;Mar;?;?;1;1
Jordan;Hashemite Kingdom of Jordan;?;?;727;Sep;1980;Middle East;1;1
United Arab Emirates;Presidential Flight;?;?;747-400;Nov;1999;Middle East;?;?
China;Air China Southwest Branch;1994;?;737-300;Apr;?;East Asia;?;2
Sweden;Linjeflyg;1991;CF;737-500;?;?;Europe;?;?
USA;Boeing Capital Corporation;?;GE;777F;?;?;North America;1;?
United Kingdom;easyJet;?;?;737-700;Mar;?;Europe;4;?
Australia;Australian Wedgetail;?;?;737-700W;?;?;Oceania;1;?
?;?;?;?;707/720;Mar;?;?;1;?
?;?;?;RR;757-200;Jan;?;Europe;4;?
?;?;1964;?;727;Feb;1963;Oceania;2;2
Reunion;Air Austral;2011;?;777-200LR;May;2010;Africa;?;?
USA;Ozark Air Lines;1973;?;DC-9;?;1973;North America;1;1
?;Starflite Corporation;?;?;?;Dec;?;?;1;1
?;Executive Jet Aviation;?;PW;?;Nov;?;?;2;2
?;Sky Airlines;2009;CF;?;May;?;?;?;?
?;Dream Aviation Ltd.;1999;GE;?;?;?;Middle East;?;?
USA;?;2019;GE;?;?;?;North America;?;?
Brazil;?;?;GE;?;?;?;South America;?;1
Austria;?;?;CF;737-700;?;1999;Europe;?;2
Cameroon;?;?;PW;?;?;1985;Africa;?;1
USA;Panagra Cargo;1966;PW;?;?;1965;North America;?;1
?;?;1987;?;?;?;1986;Europe;?;1
?;?;2014;?;737-900ER;Feb;2008;Southeast Asia;4;4
Serbia;?;1974;?;727;?;1974;Europe;1;1
Russian Federation;BLF Ltd.;2011;CF;737-800;?;2006;?;2;2
?;?;2019;GE;?;Jun;2018;?;4;?
?;?;2003;GE;?;Apr;2002;Europe;1;?
?;Air Madagascar;1972;PW;?;?;1972;Africa;1;1
United Kingdom;Midland Montagu Leasing;1981;PW;737-200;?;1981;?;1;1
?;Asiana Airlines;2010;PW;777-200ER;?;2008;?;1;1
?;Ceiba Intercontinental;2014;CF;737-800;?;2010;?;?;3
?;Turkish Air Force Peace Eagle;2004;CF;737-700W;Aug;2003;?;1;1
?;?;2003;CF;737-700;?;2000;?;7;7
Denmark;?;1989;CF;737-300;?;?;?;?;1
China;?;1993;?;737-300;?;?;?;?;1
?;?;1992;?;?;Mar;?;?;?;?
?;?;?;PW;?;?;?;?;?;?
Thailand;?;1995;?;?;?;1992;?;?;?
?;?;2018;?;?;?;?;?;2;?
Russian Federation;?;2013;?;?;?;?;?;?;1
China;Donghai Airlines;2015;?;?;?;?;?;?;4
?;?;2016;?;747-8F;?;2016;Europe;?;2
?;?;1981;?;?;?;1980;Caribbean;1;?
United Kingdom;?;1997;RR;?;May;?;Europe;1;1
USA;?;1960;PW;DC-8;?;?;North America;?;?
Czech Republic;?;2010;?;737-800;?;?;?;?;2
?;?;1996;GE;?;Jan;?;?;10;10
?;?;1975;PW;?;Jun;1975;?;?;1
?;Lion Air;2014;?;737-800;Feb;?;?;16;16
Ireland;GPA Group;1990;?;737-500;?;1988;?;2;2
Niger;?;1978;?;737-200;?;?;?;1;1
?;?;?;?;737-200;?;?;?;2;?
?;ATAircraft One;?;?;DC-9;?;?;?;3;?
?;?;1976;?;737-200;Jun;?;?;1;1
?;?;?;RR;?;Dec;?;?;?;3
?;?;?;CF;?;Feb;?;Southeast Asia;?;?
?;?;?;RR;MD-90;?;?;?;?;?
China;?;?;CF;?;May;?;?;?;?
?;Atlas Air Inc.;?;?;?;Jun;?;?;?;?
?;?;2010;?;737-800;Jun;?;?;?;?
?;?;1996;CF;737-400;?;1996;?;3;?
?;?;1992;CF;737-500;?;1992;?;5;?
?;Turkmenhowayollary Agency;?;GE;777-200LR;?;?;Central Asia;?;?
?;Air India;?;PW;?;Jan;?;?;?;?
?;TWA;?;PW;707/720;?;?;?;?;?
?;Saturn Airways;?;GE;?;?;1966;North America;?;?
?;?;?;CF;?;Apr;?;East Asia;?;?
?;?;?;PW;?;Jun;?;Europe;?;?
United Kingdom;?;?;?;?;?;?;?;14;14
USA;Wien Air Alaska;1969;PW;?;?;1968;?;1;1
?;?;2016;GE;?;?;2014;Europe;1;1
Netherlands;?;?;CF;737-300;Mar;1988;Europe;?;2
Australia;?;1981;RR;747-100;Jan;1980;Oceania;?;2
?;?;1982;PW;?;Mar;1981;Europe;?;1
?;?;2014;PW;?;?;2012;Central Asia;?;1
?;?;2014;?;737-800;Nov;2012;?;8;8
USA;?;2022;GE;777F;Dec;2020;?;1;1
Tajikistan;Somon Air;2011;CF;737-900ER;Feb;2010;Central Asia;2;2
Australia;Virgin Australia Airlines;2005;?;?;Jan;2004;Oceania;2;2
Canada;?;1973;?;?;Jan;?;North America;1;1
Germany;?;?;?;?;Oct;?;Europe;1;1
USA;Essex Wire Corp.;?;?;?;?;?;?;1;?
Serbia;AVIOGENEX;?;?;?;?;?;Europe;1;1
Ireland;Irish Aerospace;1988;PW;?;?;?;?;1;?
?;LATAM Airlines Group;2009;?;?;?;?;?;2;?
USA;?;?;PW;?;?;?;?;2;?
?;?;?;RR;?;Aug;?;?;?;4
?;?;2017;CF;?;Nov;2016;?;?;1
China;?;?;?;?;?;2016;?;?;1
United Kingdom;?;?;?;787-9;?;?;?;7;?
?;?;?;?;?;?;?;?;1;?
?;?;?;?;737-200;Jan;1979;?;1;1
?;?;2020;?;737-800A;Jan;?;?;3;3
?;SMBC Aviation Capital;?;?;?;Jan;?;?;?;1
?;Cargolux Airlines Internationa;?;RR;?;Jan;?;Europe;1;1
?;Air Trading 92;?;PW;?;Sep;?;Europe;?;2
Italy;Aero Trasporti Italiani;?;PW;DC-9;?;?;Europe;?;1
?;Tanzania;?;RR;787-8;?;?;Africa;1;1
?;Standard Chartered Aviation Fi;?;CF;737-800;?;?;Europe;7;7
?;Busy Bee;1979;PW;737-200;Dec;?;Europe;1;?
Portugal;TAP Portugal;1968;PW;707/720;Feb;1968;?;1;?
?;Albaraka;?;CF;737-400;Oct;1989;Middle East;?;?
?;?;?;PW;?;Dec;1969;South America;?;1
?;?;2008;?;737-700;Jun;?;?;?;?
?;Ruili Airlines;?;?;737-800;May;?;?;1;?
?;LOT Polish Airlines;?;?;?;Feb;?;?;1;?
?;American Airlines;?;?;?;Jan;?;?;?;?
?;Hwa-Hsia Leasing;1998;RR;?;Jun;1996;?;3;?
?;Continent Air Paris;1988;PW;?;Dec;1986;Europe;3;?
?;TAAG Angola Airlines;1985;?;737-200;Jan;1985;?;1;?
Netherlands;Transavia Airlines;1987;CF;737-300;Jan;?;?;1;?
Sweden;Finans AB Balans;?;?;MD-80;?;?;?;1;?
?;Royal Thai Air Force;?;?;737-400;?;?;?;1;1
Fiji;Fiji Airways;?;?;?;?;2017;Oceania;3;3
Australia;Ansett Australia;?;PW;?;Feb;?;?;1;1
Canada;Pacific Western Airlines;?;PW;?;?;?;?;2;2
Venezuela;?;?;GE;?;?;?;?;1;?
?;?;2006;CF;?;Jan;?;?;?;?
?;Unidentified Customer(s);?;GE;777F;?;?;?;?;4
?;?;?;PW;?;Apr;?;Central Asia;?;?
?;?;?;PW;?;Dec;?;?;?;1
?;?;?;PW;?;?;?;?;?;?
Spain;?;1974;?;?;?;?;?;?;?
Germany;?;1971;?;?;?;?;Europe;1;?
China;China Eastern Yunnan Airlines;1986;?;?;Jan;?;East Asia;1;?
USA;Business Jet / VIP Customer(s);?;?;?;Jan;?;North America;?;?
Norway;Norwegian Air Shuttle;?;CF;?;Jan;2012;Europe;?;?
?;TWA;?;PW;?;Jan;?;?;4;?
?;Air New Zealand;?;?;DC-10;Feb;?;?;2;?
Taiwan;?;?;PW;747-400;?;?;Southeast Asia;?;?
USA;?;?;BR;717-200;?;?;North America;?;?
China;?;?;?;767-300;May;?;?;1;?
Chile;?;1981;PW;?;May;1980;?;?;?
?;BDS U.S. Navy (P-8A Poseidon);?;CF;?;?;?;?;?;?
?;KB Flygplanet;?;PW;?;?;?;Europe;?;1
USA;American Flyers Airlines;?;?;727;?;?;North America;2;?
USA;ARAMCO Associated Company;?;?;?;?;1999;North America;3;?
Netherlands;ITOCHU AirLease B.V.;?;GE;767-300ER;?;?;Europe;3;?
Brazil;Panair do Brasil;?;PW;DC-8;?;?;South America;2;?
?;?;1990;RR;?;?;?;Europe;1;1
?;Suedflug;1968;PW;?;Jan;1966;Europe;?;2
?;TAME;1981;?;737-200;Oct;?;South America;?;1
?;?;1963;PW;DC-8;Feb;?;North America;?;1
?;?;?;CF;737-800;Feb;?;Southeast Asia;3;3
Denmark;?;?;PW;?;Jan;1976;Europe;2;2
USA;?;?;PW;?;Jan;1963;North America;1;?
USA;?;?;PW;?;Jan;1968;North America;3;?
Taiwan;EVA Air;1995;GE;?;Jan;?;Southeast Asia;1;?
Ethiopia;Ethiopian Airlines Group;1987;PW;737-200;Jan;?;Africa;1;?
China;Bank of Communications Leasing;2015;CF;737-800;Jun;?;East Asia;3;3
USA;?;?;GE;?;Jul;?;?;?;2
?;?;?;CF;?;Apr;1992;?;?;1
?;MyTravel Airways;?;GE;?;?;1993;Europe;?;?
Lebanon;Middle East Airlines;1975;?;747-200;Jun;?;Middle East;?;?
Brazil;VASP Airlines;?;?;727;?;?;?;4;4
South Korea;?;?;?;747-200;?;?;?;?;1
Mexico;?;?;CF;737-300;?;?;Central America and Mexico;?;2
USA;?;?;GE;?;?;?;North America;?;2
USA;?;?;PW;?;Jun;?;?;?;1
?;?;1981;PW;?;?;?;?;3;3
?;Lineas Aereas Azteca;?;CF;?;?;2001;?;2;?
?;Transavia Company SAS;?;?;?;?;?;?;?;?
?;?;?;GE;DC-10;Feb;?;?;1;?
?;?;?;CF;737-300;Jun;?;Europe;1;?
Pakistan;?;?;GE;DC-10;?;1975;?;1;?
USA;?;?;CF;?;?;?;?;?;?
Namibia;Air Namibia;1999;GE;?;?;?;?;?;?
Kuwait;?;2010;CF;?;Mar;?;?;5;?
?;Nauru Airlines;?;?;?;?;1991;?;?;?
?;?;1989;PW;MD-80;?;1988;Europe;?;1
?;?;1987;PW;?;Jan;?;?;?;?
Venezuela;?;1967;PW;DC-9;Aug;?;?;2;?
Saudi Arabia;?;1987;CF;?;Jun;?;?;7;?
?;?;1981;PW;?;Mar;1980;?;?;4
?;?;2013;GE;?;?;?;?;1;1
Tunisia;?;1974;PW;?;?;?;?;1;1
Cyprus;?;2017;CF;?;?;?;?;1;?
?;Air France;?;?;?;Jan;?;?;3;?
?;?;?;?;DC-9;Mar;1974;Europe;3;?
?;?;?;?;727;Jan;1964;East Asia;?;?
USA;Airlift International;1964;PW;DC-8;Feb;1963;?;?;?
?;?;2018;GE;?;Apr;2018;?;?;?
?;?;1978;?;737-200;Oct;1977;?;1;1
?;?;1975;?;?;Jun;?;?;1;1
?;Libyan Airlines;1977;PW;?;May;?;?;2;2
?;MarkAir;?;?;737-200;Sep;?;?;1;1
Japan;Air Nippon;?;?;737-500;Jul;?;?;1;1
?;UTA;?;?;DC-8;Feb;1966;Europe;2;2
Austria;Austrian Airlines;1978;PW;DC-9;Jan;1977;?;1;1
?;?;1971;?;737-200;Apr;?;?;?;?
?;?;?;RR;747-200;Feb;?;?;?;?
?;Enter Air Sp. z o.o.;?;CF;737 MAX;Nov;?;?;?;?
China;9 Air;2017;CF;737-800;May;2014;?;4;?
USA;Executive Jet Aviation;1967;PW;727;Nov;?;?;2;?
New Zealand;Air New Zealand;1978;?;?;Jan;?;Oceania;1;?
?;?;?;?;737-800;Jun;?;?;2;2
Ireland;?;?;?;747-100;Jan;?;?;?;1
Canada;?;?;?;737-200;?;1967;?;?;?
USA;?;1969;GE;DC-8;?;1968;North America;?;3
China;?;2011;CF;737-700;?;?;East Asia;2;?
?;?;1992;CF;737-300;?;?;Oceania;1;?
?;Transavia Company SAS;2016;CF;737-800;Sep;?;?;4;4
?;ICBC Leasing;2016;CF;737-800;May;?;?;8;?
USA;Eastern Air Lines;1968;PW;?;?;?;?;4;?
Canada;WestJet;2005;CF;737-700;Jan;2004;?;?;3
Senegal;Republic of Senegal;?;PW;727;Aug;1976;?;?;1
USA;Air Lease Corporation;?;GE;777-300ER;?;2013;?;?;3
Bangladesh;Biman Bangladesh Airlines;?;?;?;?;2008;?;2;2
Turkey;Pegasus Airlines;?;?;?;?;2006;Europe;2;2
USA;Seaboard World Airlines;1967;PW;?;?;1966;North America;1;?
Japan;ANA Holdings Inc.;2018;GE;?;?;?;East Asia;1;1
Kuwait;LoadAir Cargo;2009;GE;?;Jul;?;Middle East;2;?
?;Standard Chartered Aviation Fi;2018;CF;?;?;?;Europe;3;?
?;BDS UK P-8;?;CF;737-800A;?;2019;Europe;4;4
USA;Braniff Airlines;1971;PW;747-100;Jan;1968;North America;1;1
?;Oman Air (SAOC);?;?;737-800;Mar;2004;Middle East;1;?
Madagascar;Air Madagascar;?;?;747-200;Jun;1977;Africa;1;1
Indonesia;Indonesian Air Force-DUPLICATE;?;?;737-200;?;1981;?;2;2
Singapore;MSA-Malaysia/Singapore A/L;?;?;737-100;?;1967;?;?;5
?;Japan Transocean Air;?;PW;737-200;?;1983;?;1;1
Ireland;Avolon - Ireland;2014;CF;737-800;?;2012;?;2;?
United Kingdom;British Royal Air Force;1991;CF;707/720;?;1987;?;5;?
United Arab Emirates;?;2010;CF;737-800;?;2008;?;?;?
Trinidad and Tobago;?;1987;PW;MD-80;Apr;1986;?;?;?
Netherlands;?;?;RR;757-200;Apr;?;Europe;1;?
Australia;?;?;GE;?;Mar;?;Oceania;1;1
Germany;?;?;?;?;?;?;Europe;2;?
Belgium;NATO;?;?;707/720;?;?;Europe;4;?
USA;Boullioun Aviation Services;?;CF;737-400;?;?;?;?;?
Venezuela;Republic of Venezuela;?;PW;?;?;?;?;1;?
?;Ozark Air Lines;1966;PW;?;Feb;?;North America;3;?
China;?;?;GE;777F;?;2021;?;1;?
Cameroon;Republic of Cameroon;?;PW;727;?;1978;?;?;?
Taiwan;Republic of China Air Force;?;?;737-800;?;1998;?;?;?
Japan;?;1960;PW;DC-8;Jan;1956;?;?;3
?;?;?;PW;727;?;1978;South America;?;1
?;?;?;CF;737-800;?;2015;East Asia;?;2
?;?;?;?;?;Feb;?;Unidentified;?;1
?;?;1962;?;?;?;?;Europe;1;1
?;?;1980;?;737-200;Mar;?;North America;?;1
?;?;1974;PW;727;Jan;?;Middle East;?;?
?;?;?;PW;?;Nov;?;North America;?;?
Bahrain;?;?;RR;?;Jan;2008;?;?;?
Portugal;?;1970;PW;?;Jun;1969;Europe;1;?
Italy;Italian Air Force;1974;PW;DC-9;?;?;Europe;2;?
Serbia;Air Serbia;1975;PW;727;?;?;Europe;3;?
?;Air Guinee;?;PW;737-200;?;?;Africa;1;?
Mexico;Aeromexico;?;PW;DC-9;Jan;?;Central America and Mexico;6;6
France;Continent Air Paris;?;PW;MD-80;?;1986;Europe;1;1
USA;?;1992;PW;?;?;1989;North America;1;1
?;?;?;PW;?;?;1967;Southeast Asia;3;?
?;Southern Air Transport;?;PW;?;?;?;North America;?;?
Norway;?;?;CF;?;Jan;2019;Europe;?;?
Panama;?;2000;CF;?;?;1999;Central America and Mexico;?;4
Australia;?;?;?;?;?;1969;Oceania;?;1
Japan;?;?;?;737-800;?;1996;East Asia;2;2
South Africa;?;?;?;707/720;?;1958;Africa;3;?
United Kingdom;Monarch Airlines;?;?;757-200;?;1981;?;2;?
Turkey;?;2016;CF;?;?;2014;?;7;7
Iraq;?;2014;CF;?;Apr;2008;Middle East;5;5
USA;?;1970;PW;?;Jan;1968;North America;?;?
USA;?;?;?;727;May;1968;North America;?;?
China;?;?;CF;?;May;2013;East Asia;6;6
Poland;?;?;?;?;May;1994;?;1;1
Bermuda;?;1992;?;?;?;?;?;?;2
Germany;Germania;?;?;737-700;Mar;1995;Europe;?;?
Kuwait;Kuwait Airways;?;?;747-400M;?;?;Middle East;?;1
Netherlands;Dutch Caribbean Airlines;?;?;?;?;?;Europe;2;?
Canada;Wardair;?;PW;?;?;?;North America;1;?
Japan;All Nippon Airways Co. Ltd.;?;?;?;?;1964;?;1;?
USA;Laker Airways (Bahamas);1977;?;?;Feb;1977;North America;?;?
Canada;Eastern Provincial Airways;?;?;?;Jan;1973;?;?;?
Ireland;?;?;?;737-200;Jan;?;?;?;?
USA;BBAM Aircraft Management LP;?;?;?;?;?;?;6;?
?;?;?;GE;?;?;?;Middle East;3;?
?;?;?;CF;737-700;?;2004;Africa;1;1
South Korea;?;?;?;DC-10;Jan;?;East Asia;3;3
China;?;?;?;737-800;?;?;East Asia;?;4
Belgium;?;?;?;747-300;?;?;Europe;?;1
Jordan;?;?;GE;787-8;?;?;Middle East;?;1
Egypt;?;?;PW;737-200;?;?;Africa;1;1
Australia;?;?;?;?;?;?;?;?;1
?;TUI Group;1982;?;?;Mar;?;?;2;?
?;UTA;1965;PW;?;?;1965;?;2;?
?;Condor Flugdienst;1994;PW;757-200;Mar;1994;Europe;1;?
Slovakia (Slovak Republic);?;2007;CF;737-700;Jul;2005;?;?;4
?;?;1967;?;?;Jan;1966;?;?;2
?;dba;1997;?;?;?;1997;Europe;?;6
Sweden;Malmo Aviation;1993;PW;?;?;1991;Europe;2;2
USA;?;1973;GE;?;?;1972;?;?;1
?;?;1990;?;MD-80;?;1988;Africa;?;1
Sweden;Scandinavian Airlines;1966;?;DC-8;?;1965;Europe;?;1
France;Republic of France;?;?;707/720;?;1987;Europe;?;3
United Kingdom;Virgin Atlantic Airways;2014;RR;787-9;Mar;2007;?;?;?
?;GATX Financial Corporation;1991;GE;767-200ER;?;1989;?;1;?
?;?;2006;GE;767-200ER;?;2004;?;1;?
?;?;1980;PW;DC-9;?;1979;?;2;?
Netherlands;?;1988;RR;757-200;?;1987;?;3;?
Taiwan;?;?;PW;747-100;?;?;?;?;?
USA;?;?;GE;DC-8;Feb;?;?;?;1
Zimbabwe;?;?;PW;?;Jan;?;Africa;?;2
USA;?;?;CF;737-700;Oct;?;North America;2;2
?;?;?;?;?;Feb;2011;Europe;3;?
?;?;1980;PW;?;?;1979;Africa;1;?
?;?;1966;?;?;?;1966;North America;1;?
Australia;Ansett Australia;1964;?;?;?;?;Oceania;2;?
Ireland;?;?;?;?;Mar;?;?;1;?
Samoa;?;1981;PW;?;Jun;?;Oceania;?;1
USA;?;?;RR;?;?;1988;North America;?;?
Spain;Iberia Airlines;?;GE;DC-10;?;1972;Europe;?;?
Greece;?;?;PW;?;?;?;?;1;?
Japan;?;2021;PW;?;?;?;East Asia;1;1
USA;?;1968;?;?;Apr;?;?;1;1
Vietnam;?;?;?;?;Jan;2002;?;2;2
China;?;?;?;?;May;2014;East Asia;4;4
United Kingdom;?;?;?;?;Dec;1965;Europe;1;1
United Arab Emirates;?;?;CF;?;Apr;2021;Middle East;4;?
Algeria;Air Algerie;?;?;727;Jan;1974;?;1;1
France;Air Charter;?;?;727;?;1981;Europe;2;2
?;SCAT Airlines;?;CF;737 MAX;Dec;2017;Central Asia;1;1
Canada;?;?;CF;737-300;Apr;?;North America;?;?
Ireland;?;?;CF;737-800;Jan;?;?;?;9
?;?;?;?;737-800;?;?;East Asia;?;2
?;Shandong Airlines;?;CF;737-800;?;?;?;?;3
United Kingdom;British Airtours;?;?;737-200;Dec;?;?;3;?
Costa Rica;Avianca Costa Rica;?;PW;727;?;?;?;1;?
Germany;?;?;GE;777F;?;?;?;?;?
?;?;2017;GE;747-8F;?;?;?;?;?
Ireland;?;1994;PW;767-300ER;?;?;?;?;?
Iceland;Icelandair;2007;CF;737-800;?;?;?;1;?
Kuwait;?;1992;?;MD-80;Mar;?;?;?;?
?;?;?;?;?;?;?;?;1;?
Sweden;Transair Sweden;?;?;?;?;?;?;?;?
Ghana;Ghana Airways;?;?;?;?;1977;Africa;?;?
Japan;ITOCHU Corporation;?;?;?;?;?;East Asia;?;?
Switzerland;Balair/CTA;?;?;DC-9;?;?;?;?;?
France;?;?;PW;?;Jan;?;?;?;3
Egypt;?;1974;PW;?;?;1973;?;1;1
?;?;1993;PW;767-200ER;?;1990;?;1;?
?;Sterling Air A/S;?;PW;727;Jan;?;Europe;?;?
?;?;1960;?;DC-8;Jan;?;East Asia;?;?
USA;?;1974;PW;?;Apr;?;North America;2;?
?;?;2018;CF;?;May;?;Africa;3;?
Sweden;?;?;PW;?;May;?;?;1;?
USA;?;1997;CF;?;Jun;1996;North America;2;?
Taiwan;?;1991;?;MD-80;?;?;Southeast Asia;2;?
USA;CIT Aerospace LLC;?;CF;?;?;?;North America;3;?
Cte dIvoire;Air Afrique;?;PW;?;?;1965;Africa;1;?
France;Republic of France;?;CF;?;Aug;1987;?;?;1
China;Shenzhen Airlines;2009;?;?;Apr;2006;East Asia;?;5
Russian Federation;UTair Aviation;2014;CF;?;Sep;2011;?;?;5
China;Juneyao Air Co. LTD.;?;GE;787-9;Feb;?;?;?;?
?;Bain Capital Griffin Internati;?;?;?;?;2021;Caribbean;?;?
?;China Southern Airlines;?;?;?;Jan;1987;East Asia;?;?
?;?;1970;?;?;Aug;?;South America;1;?
?;?;?;?;?;Aug;?;North America;?;?
?;?;1992;?;?;Feb;?;Central Asia;?;1
?;TunisAir;1972;?;727;Mar;1971;Africa;1;?
Afghanistan;?;1968;PW;727;Mar;1968;?;1;?
?;?;1982;PW;MD-80;Apr;1981;?;4;4
?;?;2018;CF;737-800;?;2017;?;7;7
?;Qatar Airways;1979;PW;727;?;?;?;?;1
?;?;1981;?;DC-10;?;?;Central America and Mexico;?;1
?;?;?;PW;DC-9;?;1965;Oceania;?;2
?;?;?;?;DC-9;?;?;North America;?;?
?;?;?;CF;737-800;?;?;?;?;3
?;?;1960;PW;DC-8;?;?;Europe;?;?
?;?;1980;PW;737-200;Apr;1980;?;2;?
?;Kuwait Air Force;1976;?;DC-9;?;?;Middle East;2;?
?;?;1999;?;737-300;?;1997;East Asia;2;2
?;?;?;?;707/720;?;1977;Middle East;2;2
?;?;?;PW;707/720;?;?;Europe;1;1
Canada;Transair (Inactive);1974;PW;737-200;Nov;1973;North America;1;1
?;China Cargo;2020;GE;777F;?;2020;East Asia;?;2
El Salvador;?;1978;?;?;?;1978;Central America and Mexico;?;1
?;?;?;?;737-800;?;2006;East Asia;?;3
Austria;?;?;?;?;?;?;?;5;5
?;?;?;?;?;?;?;?;1;1
?;?;1965;?;?;?;1965;?;1;1
?;?;?;?;DC-9;Jul;?;Caribbean;?;2
Spain;Air Europa;?;?;737-800;Mar;?;Europe;?;1
Ireland;SMBC Aviation Capital;?;?;?;Mar;?;Europe;?;2
USA;Heller Financial;?;?;?;Sep;?;?;?;2
Canada;Quebecair;?;PW;?;Dec;1979;?;1;1
USA;Texas Air Corporation;?;PW;DC-9;?;1978;?;3;?
USA;Braniff Airlines;?;PW;747-200;?;1978;North America;?;?
USA;?;?;RR;MD-90;Apr;1996;?;?;?
Iraq;?;?;PW;737-200;Jan;?;?;?;?
Honduras;?;?;PW;?;Nov;1973;?;?;1
?;?;?;GE;?;Jun;2017;?;?;?
USA;Capitol Air;1969;?;DC-8;Jan;1968;North America;?;1
Germany;Air Berlin;2000;CF;737-800;?;1999;Europe;4;?
United Kingdom;Air Europe;1980;PW;?;?;1980;Europe;2;?
?;Jade Cargo International;2007;GE;?;?;2005;?;3;?
?;?;2016;RR;?;?;2006;?;?;?
?;?;1974;PW;?;?;1973;Europe;2;?
China;Juneyao Air Co. LTD.;2018;?;787-9;?;2017;East Asia;?;?
Nigeria;?;?;PW;?;?;1982;Africa;?;?
USA;?;?;PW;727;?;1970;North America;1;1
United Kingdom;Security Pacific EuroFinance;?;CF;737-300;?;?;Europe;1;?
Nauru;Nauru Airlines;?;?;?;Jul;?;Oceania;1;?
?;Pakistan International Airline;?;?;?;Jan;?;South Asia;1;1
?;TAME;1980;?;727;?;?;South America;1;1
?;Kazakhstan Airlines;2002;?;767-200ER;Dec;?;Central Asia;?;1
USA;BDS USAF Tanker Program;2019;?;767-2C;Jan;?;?;?;7
USA;777 Partners;2021;CF;737 MAX;?;?;?;?;?
Belgium;Brussels Airlines SA/NV;1996;CF;737-300;?;1995;?;2;?
USA;Pro Air;1997;CF;737-400;?;?;North America;?;?
Luxembourg;Luxair;?;PW;737-200;Jan;1977;Europe;?;?
?;Avia Capital Leasing;?;CF;?;Oct;2010;Europe;?;?
?;?;1987;PW;737-200;Aug;?;Europe;2;2
?;?;?;?;737-700W;Jun;?;North America;1;?
?;?;1994;CF;737-300;Apr;?;East Asia;1;?
?;British Airtours;1980;PW;?;Dec;?;Europe;?;6
?;ITOCHU Corporation;1997;?;?;Oct;?;?;?;1
Australia;?;2002;?;?;?;?;?;?;?
USA;Itel Air;1979;?;?;?;?;?;?;?
?;EVA Air;1995;?;?;?;?;Southeast Asia;?;?
?;Flying Tiger;?;?;?;?;?;?;?;?
USA;AirCal;?;PW;?;?;?;?;1;?
Luxembourg;Luxair;?;PW;?;Jan;1977;?;1;1
USA;Pacific Air Lines;?;PW;?;Sep;1965;?;?;2
China;CAAC-Civil Aviation of China;?;PW;?;?;?;?;?;5
USA;?;?;CF;?;Jan;?;?;?;?
?;?;1970;PW;?;Jan;1969;?;2;?
?;?;1982;PW;?;Apr;1981;?;1;1
France;?;1990;?;737-500;?;1987;Europe;1;1
?;?;1969;?;737-200;Feb;1967;?;?;?
United Kingdom;?;?;?;707/720;Jan;1970;?;?;?
Japan;?;?;PW;747-300;Aug;1987;?;1;?
?;Lauda Air;?;?;767-300ER;Jan;1999;?;?;?
USA;?;?;?;?;Jan;?;?;?;?
Indonesia;?;?;?;737-900ER;?;?;?;2;?
USA;?;?;?;?;?;1975;?;1;1
?;Virgin Australia;2009;?;?;Mar;2007;?;?;?
Thailand;Royal Thai Air Force;?;CF;?;?;1988;?;?;?
?;U-Land Airlines;?;?;MD-80;?;?;?;?;?
?;Hawaiian Airlines;?;?;?;?;?;?;4;?
USA;Seaboard World Airlines;?;?;?;?;1965;?;1;?
USA;?;1999;?;?;Jan;?;?;10;?
?;?;1990;?;737-400;?;?;?;1;?
?;?;?;PW;DC-9;?;?;?;1;?
?;?;?;?;727;Feb;?;?;?;?
USA;?;?;PW;?;Jan;?;?;?;2
?;?;?;CF;?;Feb;?;?;?;6
?;?;2000;RR;717-200;May;?;?;3;3
Tanzania United Republic of;?;1978;PW;737-200;Mar;1978;?;1;1
?;SpiceJet;2006;?;737-800;Feb;2005;South Asia;4;?
?;Emirates;2012;?;777-300ER;Apr;?;Middle East;12;?
?;?;1975;?;DC-9;Jan;1975;?;?;?
?;?;1969;PW;DC-9;?;1967;Europe;?;2
?;?;1986;CF;707/720;?;1983;Middle East;?;4
Singapore;Singapore Airlines;?;PW;747-400;Jan;?;Southeast Asia;?;2
India;BDS Indian Navy P-8I;?;CF;737-800A;Mar;?;?;?;1
Venezuela;Aeropostal;?;PW;DC-9;Mar;?;?;1;?
?;WestJet;?;?;737-800;?;2004;North America;?;4
Iraq;Republic of Iraq;2013;?;?;Apr;2008;Middle East;?;2
USA;Polaris Aircraft Leasing;1981;?;MD-80;Nov;1979;North America;?;1
USA;BBAM Aircraft Management LP;2011;?;737-800;Nov;?;North America;?;4
Malaysia;?;2019;GE;?;Nov;?;?;?;1
USA;ARAMCO Associated Company;2001;CF;737-700C;Dec;?;?;?;2
Malaysia;Malaysia Airlines;1991;GE;747-400;Jan;?;?;?;?
?;ATAircraft One;?;GE;DC-10;Apr;?;North America;?;?
Belgium;Brussels Airlines SA/NV;?;?;737-400;Apr;?;Europe;?;2
?;Lignes Aeriennes de Congolaise;?;PW;737-200;Feb;?;?;?;1
?;British Airways;1965;PW;707/720;Jan;?;?;2;?
?;Pembroke Capital Limited;1998;CF;?;Mar;?;?;2;?
Kazakhstan;Air Astana;?;PW;767-300ER;Feb;?;?;2;?
?;Mexicana;1974;PW;?;Feb;?;?;3;?
?;?;1985;CF;?;?;1982;?;3;?
?;?;1973;PW;?;?;1972;North America;2;?
Norway;Norwegian Air Shuttle;2016;CF;?;?;2012;Europe;10;?
Bangladesh;?;2011;?;777-300ER;?;2008;?;2;?
Brazil;?;1976;?;737-200;Aug;1975;?;2;?
USA;Jackson Square Aviation;2014;CF;737-800;?;?;?;3;3
USA;Bonanza Airlines;?;PW;DC-9;?;?;?;2;2
Germany;Germania;?;CF;737-300;May;1991;?;1;?
Kuwait;ALAFCO;?;?;737-800;Mar;2007;?;1;?
Canada;Eldorado Aviation;1980;?;?;Aug;?;?;?;?
?;China Airlines;?;PW;?;?;1979;?;?;?
United Kingdom;?;1982;?;?;?;1981;?;?;?
Azerbaijan;?;2016;?;?;?;?;?;?;?
China;China Eastern Airlines Wuhan;1999;?;737-300;?;?;?;?;1
?;?;2019;CF;737 MAX;?;?;?;?;1
?;?;1981;?;DC-10;Jan;1981;?;?;1
?;Western Pacific Airlines;1997;?;?;Oct;1996;?;?;4
Canada;Pacific Western Airlines;1970;?;737-200;Apr;1968;?;1;1
?;Bavaria;1998;CF;?;Jan;?;Europe;?;?
?;?;1968;PW;?;Jan;?;Europe;?;?
South Africa;?;2012;CF;?;?;?;Africa;4;?
Israel;?;1979;PW;?;?;?;Middle East;?;?
France;Aeromaritime;?;PW;?;Jan;1989;Europe;?;?
?;Jet Airways;?;CF;737-900;Mar;?;South Asia;?;?
?;North Central Airlines;?;?;DC-9;Mar;?;North America;?;?
Ukraine;Goiania;?;?;737-800;Jul;?;Europe;1;?
?;BDS Australia P-8;?;?;?;Jan;?;Oceania;3;?
?;AOM French Airlines;?;?;MD-80;Sep;?;Europe;4;?
?;?;?;?;?;Sep;1986;?;2;2
?;?;?;CF;?;Jan;2008;?;?;4
?;?;1974;?;?;?;1973;?;?;?
?;?;?;GE;DC-10;?;1983;Africa;?;?
Ethiopia;Ethiopian Airlines Group;?;?;?;?;1965;?;1;?
Liberia;Republic of Liberia;?;?;?;Jun;1978;?;1;?
Peru;?;?;?;?;Apr;1968;?;?;?
United Kingdom;?;?;?;DC-10;Jun;1976;?;?;2
?;?;?;?;747-200;Apr;1977;?;?;1
USA;Midwest Airlines Inc.;?;BR;717-200;Apr;2002;North America;11;?
?;?;2018;GE;777F;Jan;2017;North America;?;?
?;?;2010;?;767-300ER;Jan;?;?;?;1
Malaysia;CALC Aircraft Assets Limited;2020;?;787-9;Nov;?;?;?;?
USA;American Flyers Airlines;?;?;?;?;1969;?;?;?
?;?;1971;?;737-200;?;1971;?;?;?
?;?;1979;PW;?;Feb;1978;?;?;?
?;?;1992;RR;?;Apr;1988;?;?;1
USA;?;1967;?;?;Apr;?;North America;1;1
?;?;?;?;737-800;Jan;?;South Asia;?;4
?;Air Mauritius;1988;?;?;?;?;Africa;?;?
?;Syrianair;1976;?;?;Dec;?;Middle East;2;?
USA;?;?;?;?;Jul;?;?;2;?
?;?;?;GE;?;Apr;?;?;1;1
?;?;?;PW;737-200;Jun;1981;?;?;2
?;?;?;GE;777-300ER;Apr;2015;?;?;2
USA;?;?;?;737-300;Jan;1990;?;?;1
Kuwait;?;?;?;737-200;Apr;1975;Middle East;1;1
State of Libya;Buraq Air;?;?;737-800;Nov;2005;Africa;2;?
China;?;?;CF;737-800;?;2007;?;2;?
?;?;1994;?;737-300;Apr;?;?;?;?
?;?;1980;?;737-200;Dec;?;?;?;?
Netherlands;?;?;?;?;Apr;?;?;1;?
Thailand;?;1974;GE;?;?;?;?;?;1
Nigeria;?;1989;GE;?;?;?;?;1;1
Uruguay;?;?;PW;?;?;?;South America;3;3
USA;?;?;PW;DC-9;Nov;?;North America;1;1
China;?;2012;?;737-700;?;2008;East Asia;2;?
United Arab Emirates;?;1967;?;727;Feb;1966;Middle East;?;3
?;?;1961;?;?;Jan;1961;North America;?;1
?;Xiamen Airlines;2001;?;?;?;?;East Asia;?;1
China;China Northern Airlines;1985;PW;?;Jun;?;East Asia;?;2
Spain;Vingreiser AS;1988;PW;?;Sep;?;Europe;2;?
?;Pacific Air Lines;1967;PW;727;?;?;North America;1;?
?;LATAM Airlines Brasil;2008;GE;?;?;?;South America;?;?
?;?;1968;PW;707/720;?;?;Europe;?;?
?;?;2017;CF;?;Nov;?;East Asia;2;2
?;Xiamen Airlines;?;RR;?;Jan;2001;?;1;1
USA;Saturn Airways;?;GE;?;Feb;?;North America;?;1
USA;Itel Air;1979;PW;?;?;?;North America;1;?
Taiwan;?;?;RR;?;May;?;Southeast Asia;?;?
Argentina;AUSTRAL - Cielos del Sur;?;PW;MD-80;Dec;1978;South America;?;?
Morocco;?;?;CF;737-400;Jan;?;?;?;?
French Polynesia;?;?;?;?;?;?;?;?;?
USA;?;1968;PW;?;Jan;?;?;1;?
China;?;2014;?;?;Mar;?;East Asia;4;4
?;?;2016;?;737-800;?;?;East Asia;1;1
?;?;1987;?;737-200;?;1986;Africa;3;?
?;?;?;CF;737-300;Dec;1997;Europe;1;?
?;?;?;GE;DC-10;?;1987;North America;1;?
USA;?;?;PW;?;?;?;?;?;?
Dominican Republic;Dominicana Airlines;?;?;?;?;?;Caribbean;1;?
Taiwan;Great China Airlines;1997;?;?;Nov;?;Southeast Asia;?;?
?;Turkish Airlines;2011;?;?;Feb;?;Europe;?;2
?;Iraqi Airways;1976;PW;?;Jan;?;Middle East;?;?
?;?;1969;?;DC-9;Jun;1967;South America;?;?
Switzerland;?;1960;?;DC-8;Jan;1956;Europe;?;?
Israel;?;2000;?;757-300;?;1998;?;?;?
?;?;2013;GE;?;Nov;2006;?;?;?
?;Business Jet / VIP Customer(s);?;CF;?;Jan;?;?;?;?
?;Jet Lite;?;?;?;Jan;2006;South Asia;?;?
?;Far Eastern Air Transport;?;?;?;May;?;Southeast Asia;?;?
?;Quebecair;?;?;?;?;?;North America;?;?
?;?;1988;?;757-200M;?;?;South Asia;1;?
?;?;1966;?;?;?;1965;East Asia;?;?
?;?;1997;?;?;?;1996;North America;?;2
?;East African Airways;1970;?;DC-9;?;1970;Africa;?;1
?;Avianca Costa Rica;?;?;?;Aug;1978;Central America and Mexico;?;1
Germany;Germanwings GmbH;?;PW;?;Sep;1988;?;?;4
Japan;?;?;GE;?;?;1986;East Asia;?;2
?;?;2016;CF;?;?;2016;?;1;1
China;?;2015;CF;?;?;2013;?;4;4
USA;Southwest Airlines;1988;CF;?;Jan;1986;?;3;3
United Kingdom;TUI Travel PLC;1995;RR;757-200;Jan;1993;Europe;1;1
USA;BDS U.S. Navy (P-8A Poseidon);2019;?;?;Jan;2018;North America;4;4
USA;PACE Airlines;?;?;?;Jan;1966;North America;6;6
Rwanda;?;?;?;?;Dec;?;Africa;2;2
Jersey (UK);Ardennes Epsilon;1989;?;?;Dec;?;?;2;?
Syrian Arab Republic;Syrianair;?;PW;?;Dec;?;Middle East;3;3
?;GATX Jet Partners Ltd.;?;?;?;May;?;North America;4;?
?;Avolon - Ireland;2015;?;?;Sep;?;Europe;7;?
?;Aeroflot - Russian Airlines;2013;?;777-300ER;?;?;Europe;2;?
United Kingdom;Jet2.com Ltd;2016;?;?;?;2015;?;?;?
Turkey;?;2011;?;?;?;2010;?;?;?
?;?;1960;?;DC-8;?;1956;?;?;1
?;?;?;?;?;?;1988;Southeast Asia;1;?
Ghana;?;?;?;?;?;1983;?;1;?
?;?;?;CF;?;?;1986;?;5;?
Japan;ANA Holdings Inc.;2019;GE;?;?;?;?;1;?
United Kingdom;buzz;1990;CF;737-400;Jun;?;?;?;?
Bolivia;LAB;1978;?;727;Apr;?;South America;2;?
Singapore;Scoot PTE LTD;2015;?;?;Oct;?;Southeast Asia;?;?
Canada;?;?;?;737-200;Jun;?;North America;?;?
USA;?;?;GE;777F;?;2019;North America;?;2
?;Altavair LLC;?;GE;747-400ERF;?;2005;North America;?;1
?;?;1992;CF;?;?;1987;Europe;?;1
?;Sobelair;1979;PW;737-200;?;1978;Europe;2;2
Germany;Germanwings GmbH;1989;PW;MD-80;?;1988;Europe;1;1
?;?;1963;PW;?;?;1963;?;3;3
Bermuda;?;1997;?;?;Jul;?;?;1;1
?;?;1981;?;?;Apr;?;?;1;1
?;?;2016;CF;?;Mar;?;?;3;3
?;?;2006;GE;747-400F;Feb;?;?;1;1
?;?;1990;?;767-200ER;Jan;?;Europe;?;2
Zambia;Zambia Airways;1976;PW;?;?;?;Africa;1;?
Belgium;?;?;GE;767-300F;?;2007;?;?;?
?;?;2016;CF;?;?;2013;?;?;3
USA;?;1960;PW;?;?;1960;?;?;1
Japan;Japan ASDF Tanker;?;GE;767-200ER;?;2003;?;?;1
Ireland;?;?;CF;737 MAX;?;2015;?;5;5
Belgium;?;?;PW;?;?;?;?;5;5
Sweden;?;1968;?;727;Aug;?;?;1;?
USA;?;?;?;737-700;Jan;2005;North America;2;?
?;?;?;?;?;Feb;1977;Europe;1;?
?;?;?;CF;?;Mar;2021;?;?;?
?;?;?;?;?;Jan;1985;?;1;1
Serbia;Pan Adria;?;PW;?;May;?;Europe;?;1
?;Air Berlin;?;CF;?;Feb;2001;Europe;2;2
Russian Federation;BLF Ltd.;2011;CF;?;Nov;2006;?;2;2
Lebanon;Middle East Airlines;?;PW;?;?;1968;?;?;2
China;Air China;?;PW;747-400M;?;?;?;?;?
Thailand;Thai Airways International;?;GE;747-400;?;2001;Southeast Asia;2;2
India;?;?;CF;737-800;Feb;?;South Asia;?;?
?;?;?;PW;727;Jan;?;?;?;?
?;?;?;CF;737-800;Feb;?;?;4;?
?;FAA;1966;PW;727;?;?;North America;?;?
Australia;?;2017;CF;?;?;?;?;?;?
Canada;?;?;PW;?;Mar;1971;?;?;1
Mexico;?;?;RR;?;Nov;?;?;1;1
Italy;?;?;PW;DC-9;Feb;1969;?;?;?
?;AMC Airlines;?;RR;MD-90;Mar;1997;?;?;1
?;?;?;?;?;Nov;?;?;?;?
?;?;1968;?;DC-9;Feb;1966;?;2;?
?;?;2016;?;737-800;Feb;2016;?;1;?
?;?;?;CF;737-300;Sep;1986;?;1;1
?;?;?;PW;767-300ER;Feb;2006;Central Asia;?;1
Congo the Democratic Republic;Lignes Aeriennes de Congolaise;?;GE;DC-10;Feb;1973;Africa;?;?
Singapore;Singapore Airlines;1979;PW;747-200;Jan;1978;Southeast Asia;?;?
United Kingdom;British Eagle International;?;PW;707/720;?;1967;Europe;1;?
